nhm_id,hru_id,model_hru_idx,vpu,areasqkm
1,1,1,16,38.35004926505858
2,2,2,16,23.084501370881497
3,3,3,16,6.746747402059227
4,4,4,16,15.966425049116076
5,5,5,16,23.838325234383127
6,6,6,16,11.645647831187986
7,7,7,16,58.52046462021558
8,8,8,16,24.75193812458169
9,9,9,16,21.285357882640984
10,10,10,16,3.204432201294962
11,11,11,16,25.364865937500284
12,12,12,16,2.45784365455922
13,13,13,16,16.239856797924077
14,14,14,16,12.989138192979294
15,15,15,16,9.602065238926828
16,16,16,16,1.7350910571589355
17,17,17,16,0.1440000089994967
18,18,18,16,24.11783777880408
19,19,19,16,23.36292937004598
20,20,20,16,33.81218255414366
21,21,21,16,46.09704023493725
22,22,22,16,53.192742200932
23,23,23,16,2.0568397651247943
24,24,24,16,16.679359703875814
25,25,25,16,17.92217380936989
26,26,26,16,46.15058648888492
27,27,27,16,72.0342909532859
28,28,28,16,20.762483382867163
29,29,29,16,13.202117377143578
30,30,30,16,1.4395502204999626
31,31,31,16,2.227744278856916
32,32,32,16,15.113005505144626
33,33,33,16,32.859208447084136
34,34,34,16,75.6037704876718
35,35,35,16,17.01367149276501
36,36,36,16,1.4134479561366995
37,37,37,16,4.315502174363784
38,38,38,16,0.047700017999947
39,39,39,16,12.832330979360744
40,40,40,16,3.2021560372931583
41,41,41,16,7.195601376767777
42,42,42,16,8.60921153457791
43,43,43,16,24.7002329106827
44,44,44,16,2.4055420982310243
45,45,45,16,10.764111909512868
46,46,46,16,1.6599139500686937
47,47,47,16,21.86284060795253
48,48,48,16,12.265143609258685
49,49,49,16,30.19056544026236
50,50,50,16,12.151352535359685
51,51,51,16,55.29074223066083
52,52,52,16,16.223729594825844
53,53,53,16,5.142169648004956
54,54,54,16,1.9529929681387248
55,55,55,16,8.400062612547348
56,56,56,16,33.61552446530497
57,57,57,16,14.467978357423329
58,58,58,16,4.646446761835384
59,59,59,16,14.263457890056667
60,60,60,16,22.361143221452952
61,61,61,16,5.457798249376297
62,62,62,16,3.138101647130622
63,63,63,16,30.92098346064765
64,64,64,16,12.928817677852914
65,65,65,16,0.031950117000021
66,66,66,16,9.325145302387432
67,67,67,16,31.936704688612046
68,68,68,16,0.0053999865000396
69,69,69,16,0.066149986499995
70,70,70,16,4.931527222673536
71,71,71,16,5.462572781824612
72,72,72,16,23.419385436776498
73,73,73,16,12.685914788223965
74,74,74,16,23.419290941477023
75,75,75,16,13.767718816653597
76,76,76,16,33.17239612303612
77,77,77,16,11.960353696958592
78,78,78,16,7.583286476791862
79,79,79,16,28.112512893206222
80,80,80,16,15.4674942488994
81,81,81,16,21.67775568358174
82,82,82,16,3.047169819000737
83,83,83,16,3.050919914037496
84,84,84,16,9.562810032960698
85,85,85,16,33.587012011853695
86,86,86,16,3.293757381671733
87,87,87,16,1.8766646217249896
88,88,88,16,3.670817082753015
89,89,89,16,0.0450000044999197
90,90,90,16,33.70815656715491
91,91,91,16,14.33204396384448
92,92,92,16,5.979108136559755
93,93,93,16,15.052767115442885
94,94,94,16,1.8718497104988991
95,95,95,16,2.362050386999845
96,96,96,16,2.8406307279584966
97,97,97,16,3.927054749940477
98,98,98,16,30.593939536484857
99,99,99,16,24.545010040510903
100,100,100,16,29.675203055081607
101,101,101,16,3.775096539910667
102,102,102,16,3.696131394908607
103,103,103,16,16.727568938090062
104,104,104,16,17.882961770153987
105,105,105,16,19.02648905784923
106,106,106,16,6.1753038545680194
107,107,107,16,16.198906059689655
108,108,108,16,2.119290117233781
109,109,109,16,11.994461659618796
110,110,110,16,8.395487174881128
111,111,111,16,55.44548292052856
112,112,112,16,12.91401766898348
113,113,113,16,8.460095106536961
114,114,114,16,16.476654335475533
115,115,115,16,7.501253798394162
116,116,116,16,13.399872534044611
117,117,117,16,10.435461284153613
118,118,118,16,12.448861933400543
119,119,119,16,26.56283352871185
120,120,120,16,4.622615314787328
121,121,121,16,23.80191958872688
122,122,122,16,14.510684955226884
123,123,123,16,5.448388442171567
124,124,124,16,8.098808320917309
125,125,125,16,4.361390890950936
126,126,126,16,6.382185498707302
127,127,127,16,25.0577008310515
128,128,128,16,26.432199798967986
129,129,129,16,30.662285236194965
130,130,130,16,3.453330663906512
131,131,131,16,20.25968409989768
132,132,132,16,24.74570061010778
133,133,133,16,7.360939510670274
134,134,134,16,16.910517777929396
135,135,135,16,13.492843997291311
136,136,136,16,17.82361843962119
137,137,137,16,14.557920032658355
138,138,138,16,2.6843181507075875
139,139,139,16,2.388982389292404
140,140,140,16,9.052953800494867
141,141,141,16,2.069757542839838
142,142,142,16,3.239488962670736
143,143,143,16,38.36255523979761
144,144,144,16,4.194843680183131
145,145,145,16,8.132150789803058
146,146,146,16,18.313449471196204
147,147,147,16,35.488595466268926
148,148,148,16,10.704605272742567
149,149,149,16,39.7321077400068
150,150,150,16,1.0086397534950295
151,151,151,16,12.573521359188796
152,152,152,16,2.436678744310487
153,153,153,16,9.36075474064663
154,154,154,16,14.878045538358531
155,155,155,16,10.44984313076064
156,156,156,16,5.328058574740231
157,157,157,16,27.707141865318714
158,158,158,16,8.03238716241833
159,159,159,16,6.676175680552691
160,160,160,16,2.369195750702912
161,161,161,16,1.5785492827066518
162,162,162,16,1.4581568457409586
163,163,163,16,4.807101631189134
164,164,164,16,6.116992865864109
165,165,165,16,30.7400701839408
166,166,166,16,0.4476300995647828
167,167,167,16,16.186784262349263
168,168,168,16,17.682915206656936
169,169,169,16,10.645446212067483
170,170,170,16,3.8988351765473896
171,171,171,16,5.058490588762231
172,172,172,16,3.753128031632813
173,173,173,16,4.145922577563167
174,174,174,16,4.440076517937154
175,175,175,16,8.300617158891074
176,176,176,16,9.463276570939785
177,177,177,16,13.109543054293486
178,178,178,16,12.354462887371817
179,179,179,16,8.619768013118327
180,180,180,16,7.186230106205348
181,181,181,16,4.099584298328102
182,182,182,16,3.92461723134384
183,183,183,16,10.184789400670484
184,184,184,16,3.2466852512485573
185,185,185,16,3.4610761445854457
186,186,186,16,4.253762015264551
187,187,187,16,2.1291917929857727
188,188,188,16,6.894831191236347
189,189,189,16,3.878464397515904
190,190,190,16,6.406107472162306
191,191,191,16,5.591156242203407
192,192,192,16,5.184041004943982
193,193,193,16,1.8874449836886693
194,194,194,16,5.950156654275566
195,195,195,16,5.458276156975537
196,196,196,16,2.443681814419344
197,197,197,16,2.835234496827776
198,198,198,16,5.347342897416234
199,199,199,16,1.8669508143114115
200,200,200,16,4.5495762615243125
201,201,201,16,5.341980458751457
202,202,202,16,8.888347416520409
203,203,203,16,1.372102412477779
204,204,204,16,1.6913090978618226
205,205,205,16,5.568600644969158
206,206,206,16,3.7137896856695294
207,207,207,16,6.097944345469624
208,208,208,16,4.083755600529775
209,209,209,16,3.164765426451821
210,210,210,16,4.606284699547783
211,211,211,16,4.566334257506058
212,212,212,16,4.200539594699692
213,213,213,16,1.9930756257973743
214,214,214,16,5.935249551843584
215,215,215,16,0.1712499666569903
216,216,216,16,10.037498323110103
217,217,217,16,29.801504855751563
218,218,218,16,10.789213159788972
219,219,219,16,9.283533889379516
220,220,220,16,4.56859942398802
221,221,221,16,7.652217309052244
222,222,222,16,4.914481646948248
223,223,223,16,1.3694081605829596
224,224,224,16,8.459895241738751
225,225,225,16,2.5877724509921918
226,226,226,16,18.31122105077752
227,227,227,16,9.09287173707685
228,228,228,16,10.066158780752286
229,229,229,16,9.004246661392187
230,230,230,16,16.09697664305532
231,231,231,16,15.000431805940355
232,232,232,16,1.494558323829552
233,233,233,16,1.022476321993366
234,234,234,16,122.12313485778932
235,235,235,16,3.716251013119964
236,236,236,16,2.550352194736321
237,237,237,16,18.908239715312472
238,238,238,16,8.292630591142595
239,239,239,16,1.312726139813544
240,240,240,16,1.4307894446919784
241,241,241,16,44.36300933130699
242,242,242,16,41.621516845500274
243,243,243,16,15.474033073487002
244,244,244,16,0.4464002520001828
245,245,245,16,1.2448399472779184
246,246,246,16,4.274859589215457
247,247,247,16,1.3924462999989502
248,248,248,16,9.869534214580373
249,249,249,16,8.971369656414158
250,250,250,16,13.396183282315311
251,251,251,16,17.91193992503513
252,252,252,16,9.717417658988833
253,253,253,16,4.63550963315297
254,254,254,16,3.56337356933412
255,255,255,16,13.651047177896071
256,256,256,16,2.6031676145734197
257,257,257,16,12.174711962197897
258,258,258,16,25.402765829846828
259,259,259,16,67.49478448063464
260,260,260,16,25.372568271070158
261,261,261,16,12.135492239923112
262,262,262,16,34.226020642360744
263,263,263,16,5.03917995613367
264,264,264,16,14.220412358549655
265,265,265,16,15.237036376953364
266,266,266,16,25.637795111551046
267,267,267,16,20.35085489746423
268,268,268,16,28.45182747473464
269,269,269,16,1.6240729943142314
270,270,270,16,61.2794378659924
271,271,271,16,48.73101058806892
272,272,272,16,13.273496267111195
273,273,273,16,16.323843672734654
274,274,274,16,24.010711122155985
275,275,275,16,5.049654599473869
276,276,276,16,6.874445531023145
277,277,277,16,0.6863396535890177
278,278,278,16,2.927160850415297
279,279,279,16,12.015069568462655
280,280,280,16,8.074526499720983
3566,281,281,17,46.68628038729278
8793,282,282,17,24.092293496587164
8794,283,283,17,2.426796542386979
8796,284,284,17,23.223033489523115
8798,285,285,17,16.95941880303198
8799,286,286,17,14.245380881967426
8800,287,287,17,23.05373394516681
8801,288,288,17,7.529616491333495
8802,289,289,17,6.3383348757115
8803,290,290,17,1.719365686785321
8804,291,291,17,9.428244376152335
8806,292,292,17,14.867967294998705
8808,293,293,17,1.318499617500335
8809,294,294,17,51.393866707823214
8812,295,295,17,13.871342277344835
8813,296,296,17,8.276978589945436
8815,297,297,17,14.186794131865174
8817,298,298,17,41.55707020941424
8819,299,299,17,0.1089001034999787
8820,300,300,17,26.33581729075009
8822,301,301,17,0.525600126000002
8823,302,302,17,51.36833365197746
8826,303,303,17,11.696627169471608
8827,304,304,17,54.58209529825383
8829,305,305,17,2.3976002295000627
8830,306,306,17,0.000900008999817
8882,307,307,17,24.97386975503941
8883,308,308,17,9.582529385458503
8884,309,309,17,8.227082566624459
8885,310,310,17,1.196367991376482
8886,311,311,17,5.515261300833776
8887,312,312,17,1.4102383481673588
8888,313,313,17,1.2919499459978343
8889,314,314,17,7.654881357422523
8890,315,315,17,1.8878187190787528
8891,316,316,17,6.607151420537517
8892,317,317,17,3.773898156460961
8893,318,318,17,6.725603024802729
8894,319,319,17,5.691697218197435
8895,320,320,17,1.3611002699091137
8896,321,321,17,4.126199374590315
8897,322,322,17,9.073058848309108
8898,323,323,17,44.30099160169552
8899,324,324,17,2.4898498155000808
8900,325,325,17,17.30903902893729
8901,326,326,17,38.7542112050608
8902,327,327,17,25.44775146439752
8903,328,328,17,23.775047365603317
8904,329,329,17,1.852199973000936
8905,330,330,17,3.4749825503757
8906,331,331,17,0.5916672111250106
8907,332,332,17,2.209293549927093
8908,333,333,17,1.0964057165731638
8909,334,334,17,7.795669594526633
8910,335,335,17,9.883929514473069
8911,336,336,17,22.09492195863581
8912,337,337,17,2.0619794993653224
8913,338,338,17,11.064089358712224
8914,339,339,17,26.89206148728237
8915,340,340,17,12.46384816594398
8916,341,341,17,11.956302468560573
8917,342,342,17,2.637897208222441
8918,343,343,17,0.2407529042781181
8919,344,344,17,2.0352613798977583
8920,345,345,17,2.735189263602566
8921,346,346,17,12.131335683606576
8922,347,347,17,4.524963519887604
8923,348,348,17,27.138536792669893
8924,349,349,17,37.83156446284099
8925,350,350,17,50.8290095735421
8926,351,351,17,3.412640331953704
8927,352,352,17,74.17329526638491
8928,353,353,17,54.49745337909533
8929,354,354,17,25.532996802371592
8930,355,355,17,23.501253260634392
8931,356,356,17,36.1016091260812
8932,357,357,17,37.64619098191193
8933,358,358,17,67.93256829445691
8934,359,359,17,6.180631444543183
8935,360,360,17,29.180640009868483
8936,361,361,17,6.896760719135552
8937,362,362,17,31.60423957763649
8938,363,363,17,53.67750862235488
8939,364,364,17,0.5827499144997
8940,365,365,17,12.755291655437285
8941,366,366,17,5.935908592066251
8942,367,367,17,0.4868998200007379
8943,368,368,17,21.908078884776323
8944,369,369,17,9.630620831730194
8945,370,370,17,19.92040578741475
8946,371,371,17,21.375644005568475
8947,372,372,17,26.5692402451934
8948,373,373,17,66.3638598133017
8949,374,374,17,22.356393423080952
8950,375,375,17,14.477906383419098
8951,376,376,17,24.92831817574443
8952,377,377,17,34.965331711746245
8953,378,378,17,29.78049463260704
8954,379,379,17,22.175606001894383
8955,380,380,17,22.87215772916052
8956,381,381,17,83.86874330132675
8957,382,382,17,19.510943605250745
8958,383,383,17,7.002606741249278
8959,384,384,17,30.306852140900983
8960,385,385,17,37.40734803010074
8961,386,386,17,34.90935065456821
8962,387,387,17,25.56794957493457
8963,388,388,17,2.0856684479555785
8964,389,389,17,1.4778814935452935
8965,390,390,17,16.64873970936239
8966,391,391,17,37.30085967863371
8967,392,392,17,9.408755896815538
8968,393,393,17,43.0675435001854
8969,394,394,17,10.95514851529929
8970,395,395,17,8.56090154320262
8971,396,396,17,30.816922542909147
8972,397,397,17,9.344227578594252
8973,398,398,17,9.935426078337736
8974,399,399,17,12.570874142162166
8975,400,400,17,31.35735552921804
8976,401,401,17,10.274845843285489
8977,402,402,17,17.489587529956488
8978,403,403,17,24.99221160605085
8979,404,404,17,17.97643889587328
8980,405,405,17,14.86906168464166
8981,406,406,17,12.718812837658144
8982,407,407,17,30.61123673483124
8983,408,408,17,0.8095499414999001
8984,409,409,17,24.09611523437065
8985,410,410,17,11.956084405620906
8986,411,411,17,12.932115466487572
8987,412,412,17,19.06153457399565
8988,413,413,17,0.8982750380177498
8989,414,414,17,6.672074484983194
8990,415,415,17,6.089161867670804
8991,416,416,17,11.703388370827687
8992,417,417,17,11.25160110850624
8993,418,418,17,11.548998828500611
8994,419,419,17,11.293228853731
8995,420,420,17,7.43352164127466
8996,421,421,17,13.740739221142006
8997,422,422,17,23.74470971235749
8998,423,423,17,23.87513121061977
8999,424,424,17,23.524720058402508
9000,425,425,17,6.0065375576930045
9001,426,426,17,3.360663085807252
9002,427,427,17,10.188779710687056
9003,428,428,17,12.709470352316163
9004,429,429,17,16.5415105841986
9005,430,430,17,8.283189181805557
9006,431,431,17,16.069330245763616
9007,432,432,17,19.465369457247974
9008,433,433,17,10.144346463291802
9009,434,434,17,3.836253725708246
9010,435,435,17,1.0637998245004563
9011,436,436,17,12.123611088531613
9012,437,437,17,10.802088465971034
9013,438,438,17,15.234463758629188
9014,439,439,17,18.73378645287004
9081,440,440,17,33.591903001177165
9082,441,441,17,17.869919386798202
9084,442,442,17,30.559018229304566
9085,443,443,17,6.36708258969548
9086,444,444,17,0.0018000180000439
9087,445,445,17,23.84859522911772
9088,446,446,17,11.451204635863805
9089,447,447,17,2.79152516495736
9091,448,448,17,9.36689826214549
9092,449,449,17,2.9757020708538384
9093,450,450,17,5.187924835284378
9094,451,451,17,1.6412751602157245
9095,452,452,17,1.5943497840006648
9096,453,453,17,22.62829002984664
9097,454,454,17,6.7594098171514645
9098,455,455,17,5.428515006952882
9112,456,456,17,27.731773535772444
9113,457,457,17,7.923091103169341
9114,458,458,17,29.148359319846534
9115,459,459,17,1.0591530145131052
9116,460,460,17,2.8391965084875523
9117,461,461,17,32.38091695464247
9118,462,462,17,9.992884260349935
9119,463,463,17,2.786534686310008
9120,464,464,17,0.7450645981903523
9121,465,465,17,3.187641530805111
9122,466,466,17,37.00455857718468
9123,467,467,17,25.35767694428022
9124,468,468,17,15.59097189921616
9125,469,469,17,11.341390119140009
9126,470,470,17,4.22905983586677
9127,471,471,17,7.985342268395462
9128,472,472,17,23.44670689460625
9129,473,473,17,31.486212064624645
9130,474,474,17,2.412287746384181
9131,475,475,17,16.441014229454638
9132,476,476,17,16.87383474004699
9133,477,477,17,16.12609396571774
9134,478,478,17,0.8168565652842223
9135,479,479,17,0.7325935311974808
9136,480,480,17,2.539356923300266
9137,481,481,17,4.597043612504091
9138,482,482,17,34.893605851998764
9139,483,483,17,16.084535037708402
9140,484,484,17,21.85631450778609
9141,485,485,17,30.06348557662578
9142,486,486,17,18.431664697883303
9143,487,487,17,18.479955964974287
9144,488,488,17,9.129794260026886
9145,489,489,17,8.645930993019999
9146,490,490,17,7.636869605480338
9147,491,491,17,34.69808374111162
9148,492,492,17,6.237065156396404
9149,493,493,17,18.742516700573415
9150,494,494,17,27.065233065429325
9151,495,495,17,6.576024682102606
9152,496,496,17,6.866824894900985
9153,497,497,17,10.110635050853432
9154,498,498,17,2.258515817647431
9155,499,499,17,10.766591013728204
9156,500,500,17,34.45422529430364
9157,501,501,17,18.569832926973618
9158,502,502,17,0.9399458701480852
9159,503,503,17,32.355217520146844
9160,504,504,17,29.788536645704337
9161,505,505,17,2.708876812740177
9162,506,506,17,12.081436770949422
9163,507,507,17,2.226156707486558
9164,508,508,17,13.15647960532532
9165,509,509,17,23.6985164126271
9166,510,510,17,1.321807258242108
9167,511,511,17,34.63887763864692
9168,512,512,17,37.65084257783127
9169,513,513,17,13.634951721923354
9170,514,514,17,15.383056636241252
9171,515,515,17,14.05889758327542
9172,516,516,17,15.449068934965965
9173,517,517,17,15.332733945262316
9174,518,518,17,20.421588891331226
9175,519,519,17,24.004207568386683
9176,520,520,17,46.63350259976746
9177,521,521,17,11.31353223238522
9178,522,522,17,8.402317475108097
9179,523,523,17,1.0592212959101348
9180,524,524,17,7.617444658226728
9181,525,525,17,1.354284117861434
9182,526,526,17,0.0805501034997999
9183,527,527,17,32.60253848013683
9184,528,528,17,31.73036019685281
9185,529,529,17,31.68002696020088
9186,530,530,17,14.462072639299857
9187,531,531,17,0.4468501890002191
9188,532,532,17,3.077000098307371
9189,533,533,17,0.5729497756929472
9190,534,534,17,11.912066307847738
9191,535,535,17,30.58998408366381
9192,536,536,17,9.308189303944998
9193,537,537,17,17.015011569069475
9194,538,538,17,0.0658661248021125
9195,539,539,17,5.128034257697776
9196,540,540,17,17.805049121746002
9197,541,541,17,21.4412514632548
9198,542,542,17,1.786050081000626
9199,543,543,17,0.4783497884998023
9200,544,544,17,1.6940180778299867
9201,545,545,17,1.6944818276720277
9202,546,546,17,34.70895653877284
9203,547,547,17,33.14924364121988
9204,548,548,17,21.06043964253363
9205,549,549,17,41.2101090794642
9206,550,550,17,10.658154512372494
9207,551,551,17,6.836946585630562
9208,552,552,17,7.989083877475738
9209,553,553,17,93.50751661752216
9210,554,554,17,36.59352739885935
9211,555,555,17,2.651422862144746
9212,556,556,17,14.690260037366516
9213,557,557,17,14.22449093912718
9214,558,558,17,37.96544098281896
9215,559,559,17,0.2323596336763305
9216,560,560,17,19.177224674877824
9217,561,561,17,16.277374227122575
9218,562,562,17,5.3313927760870605
9219,563,563,17,22.74140693592252
9220,564,564,17,13.761608805432916
9221,565,565,17,19.453341433064704
9222,566,566,17,0.7758570560032725
9223,567,567,17,5.434592934998281
9224,568,568,17,16.41093146674299
9225,569,569,17,30.86471864125587
9226,570,570,17,38.96831924104355
9227,571,571,17,20.41458057445514
9228,572,572,17,0.2650502204999327
9229,573,573,17,2.308655048630178
9230,574,574,17,12.830695009865522
9231,575,575,17,0.6675176506897808
9232,576,576,17,3.8828819803096577
9233,577,577,17,26.0140319074553
9234,578,578,17,42.07276765602954
9235,579,579,17,4.563172654438246
9236,580,580,17,7.116127957563045
9237,581,581,17,26.91199281863536
9238,582,582,17,19.179707356867837
9239,583,583,17,2.949056781936616
9240,584,584,17,3.599793474565359
9241,585,585,17,12.01509735876462
9242,586,586,17,0.2852029427374676
9243,587,587,17,20.041822465900708
9244,588,588,17,6.117576944595197
9245,589,589,17,18.18545214536144
9246,590,590,17,14.027797634128936
9247,591,591,17,3.8810320198981167
9248,592,592,17,2.180468304101095
9249,593,593,17,19.96686424717969
9250,594,594,17,28.76273569882039
9251,595,595,17,62.26682692767165
9252,596,596,17,27.454622307334315
9253,597,597,17,5.54470190369688
9254,598,598,17,24.48019763281154
9255,599,599,17,17.81360743859583
9256,600,600,17,18.59769361889167
9257,601,601,17,4.873636706203163
9258,602,602,17,27.722112996804587
9259,603,603,17,14.278331578543842
9260,604,604,17,19.62241964545063
9261,605,605,17,18.20779628042933
9262,606,606,17,20.62900357106334
9263,607,607,17,24.204599464717468
9264,608,608,17,27.844198694761456
9265,609,609,17,24.397972210549323
9266,610,610,17,15.465729256455829
9267,611,611,17,11.337214303426324
9268,612,612,17,26.748534828078224
9269,613,613,17,1.1231997840001284
9270,614,614,17,31.571941556187152
9271,615,615,17,3.866908092814092
9272,616,616,17,4.298654947794944
9273,617,617,17,2.50939572720515
9274,618,618,17,10.596780159566224
9275,619,619,17,14.394941562915362
9276,620,620,17,11.691379177519533
9277,621,621,17,22.906267673137165
9278,622,622,17,2.9475074343895167
9279,623,623,17,5.047724676470751
9280,624,624,17,1.3504501259995922
9281,625,625,17,10.853113075259492
9282,626,626,17,2.3002449000016933
9283,627,627,17,7.478161901297781
9284,628,628,17,17.22292909294142
9285,629,629,17,14.23213882813915
9286,630,630,17,22.7601115048645
9287,631,631,17,2.0042998199992628
9288,632,632,17,2.041650004499972
9289,633,633,17,45.175085565884594
9290,634,634,17,9.414864420605738
9291,635,635,17,15.233790666542218
9292,636,636,17,10.166009733958814
9293,637,637,17,18.284720721126423
9294,638,638,17,18.424478590372296
9295,639,639,17,9.848897820222508
9296,640,640,17,38.954052278778654
9297,641,641,17,4.782706412580729
9298,642,642,17,9.466992957418872
9299,643,643,17,16.582969397603136
9300,644,644,17,8.604879544893354
9301,645,645,17,14.073798430892166
9302,646,646,17,21.49330146109996
9303,647,647,17,6.767312453297049
9304,648,648,17,2.8676384377011583
9305,649,649,17,2.786197482343681
9306,650,650,17,32.708083027511506
9307,651,651,17,36.957520219142125
9308,652,652,17,19.641968656959477
9309,653,653,17,6.728480137040697
9310,654,654,17,2.761279282210164
9311,655,655,17,30.38642493589208
9312,656,656,17,3.738224859047856
9313,657,657,17,20.080921377350847
9314,658,658,17,51.702665979126365
9315,659,659,17,33.85808471836467
9316,660,660,17,10.57647696982798
9317,661,661,17,28.52537273767512
9318,662,662,17,4.844266515538357
9319,663,663,17,13.103533749953243
9320,664,664,17,4.882369249501437
9321,665,665,17,23.967130939505868
9322,666,666,17,12.663465792288571
9323,667,667,17,21.441583991717227
9324,668,668,17,20.85062451127107
9325,669,669,17,6.2348755292242855
9326,670,670,17,16.621304599593223
9327,671,671,17,30.14584518887989
9328,672,672,17,0.0157500089999549
9329,673,673,17,1.2379496625005453
9330,674,674,17,11.92352396832104
9331,675,675,17,10.81623996428844
9332,676,676,17,22.08919820222474
9333,677,677,17,1.6254383781593218
9334,678,678,17,0.774899986500442
9335,679,679,17,14.374667815551945
9336,680,680,17,13.086582233949573
9337,681,681,17,26.26016660680664
9338,682,682,17,5.644832938692689
9339,683,683,17,29.248143434235637
9340,684,684,17,3.392606907761756
9341,685,685,17,15.910731731939904
9342,686,686,17,11.446028407738137
9343,687,687,17,10.785562235698285
9344,688,688,17,36.54327702610235
9345,689,689,17,3.475713240346625
9346,690,690,17,3.734185432144478
9347,691,691,17,35.24104257080926
9348,692,692,17,13.50520731218998
9349,693,693,17,11.89637200707832
9350,694,694,17,7.658853713795163
9351,695,695,17,11.962478932584451
9352,696,696,17,8.299196561521336
9353,697,697,17,13.193004354132324
9354,698,698,17,6.077345191371808
9355,699,699,17,29.527573847433253
9356,700,700,17,22.764225689059984
9357,701,701,17,17.941049832459868
9358,702,702,17,28.361700077538423
9359,703,703,17,10.175130403207229
9360,704,704,17,9.886319560792703
9361,705,705,17,3.19915800305146
9362,706,706,17,28.78874214766407
9363,707,707,17,77.88094944878533
9364,708,708,17,3.265209349422693
9365,709,709,17,5.8121911095753855
9366,710,710,17,5.889421389784575
9367,711,711,17,6.522928425719753
9368,712,712,17,10.526282301988156
9369,713,713,17,7.049817675509393
9370,714,714,17,5.138374077151809
9371,715,715,17,0.7021764943469391
9372,716,716,17,15.908753051196276
9373,717,717,17,6.542646120808237
9374,718,718,17,25.65052414608873
9375,719,719,17,13.164226051915012
9376,720,720,17,26.37897188434433
9377,721,721,17,34.06907902462805
9378,722,722,17,48.98580112733142
9379,723,723,17,33.65219872864267
9380,724,724,17,24.422592208486176
9381,725,725,17,10.508658736516848
9382,726,726,17,33.33224242107707
9383,727,727,17,58.10775669241322
9384,728,728,17,73.63714785614599
9385,729,729,17,37.11145281885264
9386,730,730,17,12.114021865518964
9387,731,731,17,18.81042749998474
9388,732,732,17,27.656398799193173
9389,733,733,17,10.74255116930912
9390,734,734,17,23.253410321800985
9391,735,735,17,8.246589331698287
9392,736,736,17,17.189008111937092
9393,737,737,17,8.012341681062177
9394,738,738,17,3.787496416549087
9395,739,739,17,1.4554543079510098
9396,740,740,17,20.12499469840652
9397,741,741,17,24.83630579657897
9398,742,742,17,12.848885168801486
9399,743,743,17,21.76376481770984
9400,744,744,17,14.78504806928668
9401,745,745,17,17.673899752711467
9402,746,746,17,2.2828925954299866
9403,747,747,17,16.178807287571892
9404,748,748,17,30.06807908322348
9405,749,749,17,3.938422023770191
9406,750,750,17,22.057729760158185
9407,751,751,17,11.53297083384297
9408,752,752,17,12.197977549450195
9409,753,753,17,17.447122374046995
9410,754,754,17,6.297745627692882
9411,755,755,17,1.9273541113055097
9412,756,756,17,4.46914051302436
9413,757,757,17,29.89690930248274
9414,758,758,17,30.064393489441454
9415,759,759,17,31.225606483554564
9416,760,760,17,36.58687911997904
9417,761,761,17,58.31137047497423
9418,762,762,17,6.224260229664959
9419,763,763,17,22.77329095384161
9420,764,764,17,11.319148541959375
9421,765,765,17,5.266952106046386
9422,766,766,17,26.768530965313687
9423,767,767,17,5.660269228188491
9424,768,768,17,0.2605499460000247
9425,769,769,17,0.3231001394994035
9426,770,770,17,0.2916002295001224
9427,771,771,17,4.463793312004149
9428,772,772,17,1.3379988241783614
9429,773,773,17,2.259957413820252
9430,774,774,17,20.13251624197462
9431,775,775,17,23.72493296151408
9432,776,776,17,20.3544109369739
9433,777,777,17,12.572989409522698
9434,778,778,17,7.405765016801469
9435,779,779,17,20.372704376970532
9436,780,780,17,8.781330246245176
9437,781,781,17,0.2396609332873821
9438,782,782,17,2.469789363714829
9439,783,783,17,0.6452995409996063
9440,784,784,17,7.195060423823759
9441,785,785,17,0.1624406021781503
9442,786,786,17,41.64594156601407
9443,787,787,17,12.904857772495456
9444,788,788,17,6.17203869957405
9445,789,789,17,14.119361768426806
9446,790,790,17,0.9359999640000164
9447,791,791,17,9.673399802992575
9448,792,792,17,7.080017188609683
9449,793,793,17,6.251126554663651
9450,794,794,17,21.127857191737107
9451,795,795,17,17.36296090459395
9452,796,796,17,4.108675320247273
9453,797,797,17,5.033367937434878
9454,798,798,17,13.885646458727985
9455,799,799,17,6.109995326552926
9456,800,800,17,12.58301929940921
9457,801,801,17,4.05493570254223
9458,802,802,17,26.325042904569308
9459,803,803,17,24.300515703765928
9460,804,804,17,4.3725404916631465
9461,805,805,17,13.893433810856056
9462,806,806,17,45.622215077643794
9463,807,807,17,12.456234460534729
9464,808,808,17,30.41031567446458
9465,809,809,17,21.81310419887382
9466,810,810,17,12.758146723624227
9467,811,811,17,1.6278225737917422
9468,812,812,17,28.0339266522059
9469,813,813,17,15.87357197183001
9470,814,814,17,14.926227146164525
9471,815,815,17,31.07715117460412
9472,816,816,17,8.737497493397909
9473,817,817,17,17.558446373137258
9474,818,818,17,13.866853316360316
9475,819,819,17,22.58121925428155
9476,820,820,17,72.3876832747047
9477,821,821,17,27.415105407309472
9478,822,822,17,7.036895267678514
9479,823,823,17,20.616910666989348
9480,824,824,17,18.462440233015844
9481,825,825,17,2.553864706429759
9482,826,826,17,9.686229498294198
9483,827,827,17,3.3398059932799398
9484,828,828,17,24.027819080718785
9485,829,829,17,27.342831490769083
9486,830,830,17,12.280840780194104
9487,831,831,17,8.77195941781509
9488,832,832,17,2.3620771631459
9489,833,833,17,3.187322872853488
9490,834,834,17,8.599301198524284
9491,835,835,17,8.112347694477759
9492,836,836,17,10.058872288596376
9493,837,837,17,2.456976658403784
9494,838,838,17,3.21689114695239
9495,839,839,17,4.391708947547585
9496,840,840,17,5.336951327634544
9497,841,841,17,11.08624879836672
9498,842,842,17,12.3982278529116
9499,843,843,17,3.657771908590973
9500,844,844,17,10.873655342530729
9501,845,845,17,26.567932423225766
9502,846,846,17,8.536712558235813
9503,847,847,17,25.9006738016412
9504,848,848,17,15.654598464860328
9505,849,849,17,6.100446031103387
9506,850,850,17,3.166832206389996
9507,851,851,17,3.993050047109969
9508,852,852,17,1.963149723389986
9509,853,853,17,0.0090000359999686
9510,854,854,17,7.11781036393243
9511,855,855,17,1.1950400905675291
9512,856,856,17,54.21245823378861
9513,857,857,17,30.166592157714657
9514,858,858,17,1.2887995229999274
9515,859,859,17,17.332880331070026
9516,860,860,17,13.13527104592558
9517,861,861,17,0.4585500224995017
9518,862,862,17,7.975338770166725
9519,863,863,17,2.790011099334281
9520,864,864,17,11.535788983061137
9521,865,865,17,20.6590107469296
9522,866,866,17,0.000900008999817
9523,867,867,17,1.193889343232006
9524,868,868,17,4.205661043770134
9525,869,869,17,20.27143969872189
9526,870,870,17,1.9027604002753251
9527,871,871,17,4.514145853086657
9528,872,872,17,5.182003476412535
9529,873,873,17,0.000449991000045
9530,874,874,17,1.3053839216377885
9531,875,875,17,4.576116141361625
9532,876,876,17,10.285023668546438
9533,877,877,17,32.25122576895886
9534,878,878,17,22.69376782665681
9535,879,879,17,14.271931133838326
9536,880,880,17,5.376159005359054
9537,881,881,17,5.074641012640564
9538,882,882,17,6.4685458029873
9539,883,883,17,27.55955417000712
9540,884,884,17,0.3023521955142095
9541,885,885,17,6.954797354485341
9542,886,886,17,1.6164001395001113
9543,887,887,17,14.637112440203351
9544,888,888,17,33.50433686229564
9545,889,889,17,9.936681781857178
9546,890,890,17,15.260618740147391
9547,891,891,17,93.93632305260036
9548,892,892,17,6.662975732405549
9549,893,893,17,28.39984132056037
9550,894,894,17,26.56270905744438
9551,895,895,17,11.124412291772366
9552,896,896,17,8.473537316730171
9553,897,897,17,38.13121917944972
9554,898,898,17,41.34778214805039
9555,899,899,17,23.38334919579789
9556,900,900,17,67.38390147922988
9557,901,901,17,12.855841256959588
9558,902,902,17,12.257759602541514
9559,903,903,17,26.99579432254931
9560,904,904,17,30.34590657295148
9561,905,905,17,26.125669866639672
9562,906,906,17,17.3150795978531
9563,907,907,17,0.9369000675000252
9564,908,908,17,9.535789959563672
9565,909,909,17,28.82985912244299
9566,910,910,17,20.424146978412868
9567,911,911,17,12.348452508587972
9568,912,912,17,42.60908335237616
9569,913,913,17,64.25646656212245
9570,914,914,17,1.7383497119998894
9571,915,915,17,8.766529308563904
9572,916,916,17,8.159320970433132
9573,917,917,17,2.4461998515008987
9574,918,918,17,40.84470100081195
9575,919,919,17,53.502749377183
9576,920,920,17,2.44125051750128
9577,921,921,17,2.1541088182842434
9578,922,922,17,4.831241064717379
9579,923,923,17,72.6616896169525
9580,924,924,17,16.770411166055947
9581,925,925,17,45.46978279957988
9582,926,926,17,14.46211724092048
9583,927,927,17,3.0965910464275983
9584,928,928,17,2.559458935571737
9585,929,929,17,6.838251835937806
9586,930,930,17,36.00669647657394
9587,931,931,17,8.974219947943165
9588,932,932,17,7.847229800054528
9589,933,933,17,39.26631159934746
9590,934,934,17,17.65013914765916
9591,935,935,17,3.2661230695052743
9592,936,936,17,11.821477119495151
9593,937,937,17,28.08501520155196
9594,938,938,17,12.615684780444056
9595,939,939,17,6.809204185843889
9596,940,940,17,24.76279633615434
9597,941,941,17,7.419229320930004
9598,942,942,17,12.242170895067378
9599,943,943,17,10.702340863812358
9600,944,944,17,14.147558560186194
9601,945,945,17,40.53422363353697
9602,946,946,17,32.53587685246383
9603,947,947,17,0.4096014714132175
9604,948,948,17,2.35609824058714
9605,949,949,17,4.961467111611843
9606,950,950,17,28.235033684891825
9607,951,951,17,22.47193995189443
9608,952,952,17,28.05676061060775
9609,953,953,17,19.843689257824973
9610,954,954,17,13.92431123267393
9611,955,955,17,19.31592472776311
9612,956,956,17,9.223075123728409
9613,957,957,17,12.1023191118899
9614,958,958,17,31.21603097811109
9615,959,959,17,47.22234921448237
9616,960,960,17,15.998599912514075
9617,961,961,17,19.96501869792561
9618,962,962,17,6.782081648570101
9619,963,963,17,20.11823245575294
9620,964,964,17,38.21166727874844
9621,965,965,17,7.119204313753814
9622,966,966,17,38.58774506525092
9623,967,967,17,8.932335121488437
9624,968,968,17,4.956014725512675
9625,969,969,17,0.8108486988116065
9626,970,970,17,2.053851341688985
9627,971,971,17,2.4452356176452934
9628,972,972,17,3.87411458485274
9629,973,973,17,5.856390092874617
9630,974,974,17,21.519359601127984
9631,975,975,17,21.89471565788017
9632,976,976,17,27.647134067635765
9633,977,977,17,30.049975613319507
9634,978,978,17,70.07277507519655
9635,979,979,17,10.95399325248161
9636,980,980,17,8.071107053515444
9637,981,981,17,5.2106270772517735
9638,982,982,17,2.575272657248949
9639,983,983,17,7.384027573902301
9640,984,984,17,4.47842242610031
9641,985,985,17,29.21566525358133
9642,986,986,17,14.396533805930204
9643,987,987,17,28.621336422079818
9644,988,988,17,36.87706568841124
9645,989,989,17,19.841841899094863
9646,990,990,17,16.775557898396276
9647,991,991,17,10.493977371123798
9648,992,992,17,43.82777210687312
9649,993,993,17,19.32430181918045
9650,994,994,17,25.628898473321268
9651,995,995,17,1.103850076500237
9652,996,996,17,18.59957343139623
9653,997,997,17,16.719577207599485
9654,998,998,17,14.182409113779247
9655,999,999,17,18.58254008073196
9656,1000,1000,17,39.89324023699814
9657,1001,1001,17,33.306909146507564
9658,1002,1002,17,41.29540290290666
9659,1003,1003,17,0.3187979250934794
9660,1004,1004,17,13.894913318475751
9661,1005,1005,17,12.421536960518065
9662,1006,1006,17,42.35792407818831
9663,1007,1007,17,11.138525543807871
9664,1008,1008,17,1.544381511318527
9665,1009,1009,17,4.886568470681638
9666,1010,1010,17,0.0094499460000209
9667,1011,1011,17,35.04212300095356
9668,1012,1012,17,2.3240766570528577
9669,1013,1013,17,14.965019303684503
9670,1014,1014,17,7.08002961181936
9671,1015,1015,17,17.505967993099436
9672,1016,1016,17,11.874982137404912
9673,1017,1017,17,19.69780649401702
9674,1018,1018,17,56.22124499548356
9675,1019,1019,17,0.1930501755001246
9676,1020,1020,17,57.20883619339245
9677,1021,1021,17,19.728563707605765
9678,1022,1022,17,9.995752647492282
9679,1023,1023,17,16.08804664150939
9680,1024,1024,17,30.767482679907143
9681,1025,1025,17,7.838017977105275
9682,1026,1026,17,1.7592470939032283
9683,1027,1027,17,1.910953171595568
9684,1028,1028,17,6.658690786946923
9685,1029,1029,17,2.0852591590512395
9686,1030,1030,17,26.144009718722437
9687,1031,1031,17,8.053739129282047
9688,1032,1032,17,10.73319130175446
9689,1033,1033,17,0.825058410242524
9690,1034,1034,17,36.6825168622195
9691,1035,1035,17,11.608782386278657
9692,1036,1036,17,24.99698581706068
9693,1037,1037,17,6.266763242435548
9694,1038,1038,17,4.592466905043386
9695,1039,1039,17,4.082633108458217
9696,1040,1040,17,9.086892845462232
9697,1041,1041,17,5.606057447035924
9698,1042,1042,17,19.20027023420277
9699,1043,1043,17,7.209780103296396
9700,1044,1044,17,2.093400333001517
9701,1045,1045,17,7.5004885031953
9702,1046,1046,17,4.379062086306149
9703,1047,1047,17,3.6096183103103416
9704,1048,1048,17,5.921831181189079
9705,1049,1049,17,17.470483963717864
9706,1050,1050,17,15.470866184800192
9707,1051,1051,17,3.9987109805905967
9708,1052,1052,17,4.974288596404825
9709,1053,1053,17,21.755414220980832
9710,1054,1054,17,11.747534901522874
9711,1055,1055,17,16.406526232166783
9712,1056,1056,17,17.772322953330296
9713,1057,1057,17,5.11259291839426
9714,1058,1058,17,1.9753572751063555
9715,1059,1059,17,8.497958962976657
9716,1060,1060,17,8.313591077526166
9717,1061,1061,17,7.098747734239489
9718,1062,1062,17,0.6358523107606359
9719,1063,1063,17,14.913435440767616
9720,1064,1064,17,8.014964599727511
9721,1065,1065,17,9.571670246894897
9722,1066,1066,17,20.00097941111036
9723,1067,1067,17,5.596254596641768
9724,1068,1068,17,2.213945799357578
9725,1069,1069,17,1.9322997749993205
9726,1070,1070,17,16.805243863559394
9727,1071,1071,17,11.54880673044214
9728,1072,1072,17,3.256271656411976
9729,1073,1073,17,0.0629286360883601
9730,1074,1074,17,7.627026357521869
9731,1075,1075,17,4.278173313976049
9732,1076,1076,17,4.736904543035343
9733,1077,1077,17,2.315945879965216
9734,1078,1078,17,28.92311468028602
9735,1079,1079,17,14.617085603212416
9736,1080,1080,17,3.829074652554765
9737,1081,1081,17,0.0643252259459202
9738,1082,1082,17,4.553861594229564
9739,1083,1083,17,8.627987708271013
9740,1084,1084,17,15.185598979390177
9741,1085,1085,17,19.647551484112867
9742,1086,1086,17,1.4800813371923696
9743,1087,1087,17,2.446618766307451
9744,1088,1088,17,2.4645430555273147
9745,1089,1089,17,2.702357178475141
9746,1090,1090,17,32.022286056249975
9747,1091,1091,17,10.79746494724828
9748,1092,1092,17,21.06495797203037
9749,1093,1093,17,7.312490952466726
9750,1094,1094,17,1.8661497884990128
9751,1095,1095,17,36.71906133224287
9752,1096,1096,17,14.908087511264895
9753,1097,1097,17,9.123856099789858
9754,1098,1098,17,15.41734486771584
9755,1099,1099,17,26.955793518632607
9756,1100,1100,17,12.852105594867766
9757,1101,1101,17,20.6485554118456
9758,1102,1102,17,31.645944192155063
16299,1103,1103,17,3.79288509443406
16300,1104,1104,17,1.5963151440630676
16301,1105,1105,17,1.5576480675939024
16302,1106,1106,17,4.545704048954111
16303,1107,1107,17,1.232997532455353
16304,1108,1108,17,3.22602696637325
16305,1109,1109,17,1.3950230291231722
16306,1110,1110,17,6.925736492993116
16307,1111,1111,17,6.695314218007229
16308,1112,1112,17,11.118079512506322
16309,1113,1113,17,21.36742088349749
16310,1114,1114,17,1.330650224996835
16311,1115,1115,17,1.3774494915032982
16312,1116,1116,17,5.852161044220418
16313,1117,1117,17,0.974339059281594
16314,1118,1118,17,3.2108185925224424
16315,1119,1119,17,0.8913812544766497
16316,1120,1120,17,9.133282103129268
16317,1121,1121,17,1.1091663173711392
16318,1122,1122,17,10.063700427918494
16319,1123,1123,17,15.922899320079733
16320,1124,1124,17,31.033473608104917
16321,1125,1125,17,9.955677165895962
16322,1126,1126,17,0.587700265499562
16323,1127,1127,17,1.1700003240010888
16324,1128,1128,17,10.247431601919583
16325,1129,1129,17,4.956267795089781
16326,1130,1130,17,11.701717096001484
16327,1131,1131,17,7.994332220006097
16328,1132,1132,17,25.40385018899302
16329,1133,1133,17,39.60494958599712
16330,1134,1134,17,15.906462495541277
16331,1135,1135,17,3.3517383954598734
16332,1136,1136,17,1.9116406366278824
16333,1137,1137,17,3.8330596513722495
16334,1138,1138,17,0.913110086525172
16335,1139,1139,17,2.8367393554743825
16336,1140,1140,17,30.62782596954808
16337,1141,1141,17,81.56122168595954
16338,1142,1142,17,0.4509001574990749
16339,1143,1143,17,14.761955312875273
16340,1144,1144,17,0.7000451641369984
16341,1145,1145,17,1.3036501439998225
16342,1146,1146,17,8.246612939058274
16343,1147,1147,17,2.918337024948109
16344,1148,1148,17,0.1260001394993998
16345,1149,1149,17,26.221525906065388
16346,1150,1150,17,50.39142323891387
16347,1151,1151,17,2.384100103498809
16348,1152,1152,17,4.67436572923465
16349,1153,1153,17,19.09733458576009
16350,1154,1154,17,1.873350238497436
16351,1155,1155,17,20.226736052202344
16352,1156,1156,17,4.104313628304951
16353,1157,1157,17,2.4207524285451174
16354,1158,1158,17,35.749598601953686
21166,1159,1159,17,10.472369738451928
21167,1160,1160,17,8.280479937548296
21168,1161,1161,17,0.1165497345000207
21169,1162,1162,17,58.88766357186419
21170,1163,1163,17,55.06673731464952
21171,1164,1164,17,0.0094500269999839
21172,1165,1165,17,0.4984772366942614
21173,1166,1166,17,40.363861565725976
21174,1167,1167,17,13.24476089157291
21175,1168,1168,17,6.613525674278147
21176,1169,1169,17,5.407324586723015
21177,1170,1170,17,3.338442582965657
21178,1171,1171,17,41.25995267393847
21179,1172,1172,17,66.35847570182825
21181,1173,1173,17,1.605599559004426
21182,1174,1174,17,48.74582166011513
21183,1175,1175,17,12.392648543845926
21184,1176,1176,17,12.24878765526224
21185,1177,1177,17,27.22689119127773
21186,1178,1178,17,46.22124480344885
21187,1179,1179,17,25.918704535046597
21188,1180,1180,17,24.852337897529434
21189,1181,1181,17,73.21571330397812
21190,1182,1182,17,56.148201271542135
21191,1183,1183,17,54.47934909745197
21192,1184,1184,17,44.22733785950774
21193,1185,1185,17,24.53311229802172
21194,1186,1186,17,16.103432746343746
21195,1187,1187,17,5.719316376156106
21196,1188,1188,17,8.652513312123101
21197,1189,1189,17,32.09723568886768
21198,1190,1190,17,3.541058575028032
21199,1191,1191,17,3.9032916454731
21200,1192,1192,17,41.81049599159589
21201,1193,1193,17,16.60895354941886
21202,1194,1194,17,52.52055393809719
21203,1195,1195,17,47.8541957469041
21204,1196,1196,17,19.73925717840469
21205,1197,1197,17,2.2256926505948624
21206,1198,1198,17,25.20899015090157
21207,1199,1199,17,15.791860038095132
21208,1200,1200,17,23.064196581859857
21209,1201,1201,17,14.52070273863572
21210,1202,1202,17,1.8427498109992444
21211,1203,1203,17,12.106980210519298
21212,1204,1204,17,53.16821911448231
21213,1205,1205,17,16.628847139913827
21214,1206,1206,17,22.26825286909352
21215,1207,1207,17,18.83476146238956
21216,1208,1208,17,13.324549635765418
21218,1209,1209,17,0.0800999099998697
21219,1210,1210,17,16.833991466631545
21220,1211,1211,17,10.707101457264631
21221,1212,1212,17,43.0366106997534
21222,1213,1213,17,7.553997177340119
21223,1214,1214,17,112.51202637470716
21224,1215,1215,17,11.873334327505267
21225,1216,1216,17,11.344714803659713
21226,1217,1217,17,11.2075241835943
21227,1218,1218,17,41.0211191727183
21228,1219,1219,17,15.134110656660098
21229,1220,1220,17,49.39684162400663
21231,1221,1221,17,2.00676000844264
21232,1222,1222,17,4.663589843056784
21233,1223,1223,17,14.522336754355162
21234,1224,1224,17,3.2564565056208448
21235,1225,1225,17,4.449421119942114
21236,1226,1226,17,28.9502861600738
21237,1227,1227,17,41.6971249412424
21238,1228,1228,17,9.549775445758074
21239,1229,1229,17,25.99909045861608
21240,1230,1230,17,10.62055948289001
21241,1231,1231,17,17.5373706363395
21242,1232,1232,17,21.48098364691039
21243,1233,1233,17,5.275123834152788
21245,1234,1234,17,0.3015001799999475
21246,1235,1235,17,7.154653190351542
21247,1236,1236,17,24.983445959147737
21248,1237,1237,17,9.078566770360798
21249,1238,1238,17,11.034634062141418
21250,1239,1239,17,22.289175395608723
21251,1240,1240,17,4.339574158890188
21252,1241,1241,17,3.612472665441781
21253,1242,1242,17,5.54232690705818
21254,1243,1243,17,0.0027000134999975
21255,1244,1244,17,3.310264189203754
21256,1245,1245,17,24.876387417282004
21257,1246,1246,17,0.0013499864999949
21258,1247,1247,17,7.380120704168409
21259,1248,1248,17,10.037129223837812
21260,1249,1249,17,2.1358557646886704
21261,1250,1250,17,3.3590943478104545
21262,1251,1251,17,8.487125550708797
21263,1252,1252,17,4.080025016291784
21264,1253,1253,17,67.19312216307166
21265,1254,1254,17,80.43702862894075
21266,1255,1255,17,21.1567667556743
21267,1256,1256,17,32.96428359082946
21268,1257,1257,17,42.13345387708451
21269,1258,1258,17,196.92679564591344
21270,1259,1259,17,0.1592998920002579
21271,1260,1260,17,33.90817481309841
21272,1261,1261,17,1.9365752363972664
21273,1262,1262,17,6.326533807149619
21274,1263,1263,17,30.003316881350987
21275,1264,1264,17,0.9751502205002308
21276,1265,1265,17,34.9761737602363
21277,1266,1266,17,131.43247573578077
21278,1267,1267,17,0.0242999595000147
21279,1268,1268,17,25.106608366561368
21280,1269,1269,17,2.606641525441738
21281,1270,1270,17,58.07333926385319
21282,1271,1271,17,19.786223591642685
21283,1272,1272,17,24.637554817633955
21284,1273,1273,17,63.14709463787175
21289,1274,1274,17,24.34483311221196
21290,1275,1275,17,109.97521710827904
21402,1276,1276,17,6.355903572287798
21403,1277,1277,17,1.947178317264056
21404,1278,1278,17,11.300318190570026
21405,1279,1279,17,8.81499990188235
21406,1280,1280,17,31.492012147219867
21407,1281,1281,17,6.61803701127922
21408,1282,1282,17,14.621060783050492
21409,1283,1283,17,3.5881900944478065
21410,1284,1284,17,6.290137796446994
21411,1285,1285,17,9.517013094553828
21412,1286,1286,17,24.44883626183484
21413,1287,1287,17,8.860164215169043
21414,1288,1288,17,16.034739340908796
21415,1289,1289,17,20.442260915590428
21428,1290,1290,17,24.270275269607737
21429,1291,1291,17,12.679224041892402
21435,1292,1292,17,8.374643191334844
21436,1293,1293,17,12.528306885161909
21437,1294,1294,17,16.888258375338225
21438,1295,1295,17,16.057592533655054
21439,1296,1296,17,86.66514750447193
21440,1297,1297,17,9.342353557523625
21449,1298,1298,17,26.001172703912133
21450,1299,1299,17,3.1813266525879427
21451,1300,1300,17,5.007784424204155
21452,1301,1301,17,3.0620651122972964
21453,1302,1302,17,10.35097220902276
21454,1303,1303,17,21.70027797547357
21455,1304,1304,17,3.0406402225518825
21456,1305,1305,17,57.30165953445193
21457,1306,1306,17,29.4985340467958
21458,1307,1307,17,29.139615786704717
21459,1308,1308,17,2.195100216000408
21460,1309,1309,17,1.9498907895382345
21461,1310,1310,17,1.2923590169618242
21462,1311,1311,17,19.22066607135784
21463,1312,1312,17,54.56763560265404
21464,1313,1313,17,0.5318998784997165
21465,1314,1314,17,24.379637725019844
21466,1315,1315,17,3.051462360478482
21467,1316,1316,17,15.2925274662273
21468,1317,1317,17,18.3283219577765
21469,1318,1318,17,20.934400809337347
21470,1319,1319,17,31.55134920867304
21471,1320,1320,17,2.016329886364337
21472,1321,1321,17,2.8378197581353293
21473,1322,1322,17,2.2372908365841506
21474,1323,1323,17,2.148859689914819
21475,1324,1324,17,31.263115168971098
21476,1325,1325,17,30.203734142525946
21477,1326,1326,17,64.93066333144992
21478,1327,1327,17,52.29838520154643
21479,1328,1328,17,38.17054829795921
21480,1329,1329,17,38.26870241303165
21481,1330,1330,17,2.3795652715186626
21482,1331,1331,17,19.678985209979672
21483,1332,1332,17,14.35562527103898
21484,1333,1333,17,49.36887512495967
21485,1334,1334,17,17.12425093955847
21486,1335,1335,17,19.962499460945786
21487,1336,1336,17,0.2299500585000068
21488,1337,1337,17,19.97245731673026
21489,1338,1338,17,7.171542827274371
21490,1339,1339,17,4.964849475306787
21491,1340,1340,17,44.223749836185696
21492,1341,1341,17,5.743068411029831
21493,1342,1342,17,0.5002318139695823
21494,1343,1343,17,1.7836253624275102
21495,1344,1344,17,0.749424088571799
21496,1345,1345,17,105.92916221256912
21497,1346,1346,17,20.974887004415468
21498,1347,1347,17,1.465638664416194
21499,1348,1348,17,3.5653619160827845
21500,1349,1349,17,0.5827498830000236
21501,1350,1350,17,0.3082503825002238
21502,1351,1351,17,4.912552912957102
21503,1352,1352,17,4.649497654041305
21504,1353,1353,17,1.0556999055002778
21505,1354,1354,17,124.84926372011304
21506,1355,1355,17,6.844586671371523
21507,1356,1356,17,0.8007566419513003
21508,1357,1357,17,11.162493272548993
21509,1358,1358,17,0.681750310500145
21510,1359,1359,17,38.84039462835605
21511,1360,1360,17,4.078804602140419
21512,1361,1361,17,33.95983567743415
21513,1362,1362,17,3.742064421564511
21514,1363,1363,17,18.37918450904121
21515,1364,1364,17,20.565165526951287
21516,1365,1365,17,0.8623440944204256
21517,1366,1366,17,2.1400561080808567
21518,1367,1367,17,0.2848943237437717
21519,1368,1368,17,5.297354812259704
21520,1369,1369,17,24.30865910319413
21521,1370,1370,17,7.200340802303623
21522,1371,1371,17,5.434464893417716
21523,1372,1372,17,2.3104846610834957
21524,1373,1373,17,31.4550087813344
21525,1374,1374,17,8.473491875672725
21526,1375,1375,17,28.953044060669114
21527,1376,1376,17,10.265806641327089
21528,1377,1377,17,19.94135476775566
21529,1378,1378,17,7.473094854236454
21530,1379,1379,17,47.86327606165356
21531,1380,1380,17,11.277074190372137
21532,1381,1381,17,30.50574257827182
21533,1382,1382,17,14.672907930232242
21534,1383,1383,17,5.886414665332347
21535,1384,1384,17,41.28573358416012
21536,1385,1385,17,12.303589261559903
21537,1386,1386,17,9.978612038933516
21538,1387,1387,17,10.11851466727049
21539,1388,1388,17,31.416035391221964
21540,1389,1389,17,14.154407544276566
21541,1390,1390,17,23.643341299236763
21542,1391,1391,17,20.939963283998207
21543,1392,1392,17,11.625187894999875
21544,1393,1393,17,49.64497217039037
21545,1394,1394,17,6.816525917119495
21546,1395,1395,17,14.46794479195848
21547,1396,1396,17,12.831306108045675
21548,1397,1397,17,6.6410709563162325
21549,1398,1398,17,31.47797972317135
21550,1399,1399,17,17.71533942339725
21551,1400,1400,17,9.185659613599864
21552,1401,1401,17,12.103422866528671
21553,1402,1402,17,21.669077236973315
21554,1403,1403,17,25.13191318221548
21555,1404,1404,17,13.73368672778957
21556,1405,1405,17,11.47929884851706
21557,1406,1406,17,44.9178516869803
21558,1407,1407,17,1.6443002565005869
21559,1408,1408,17,40.83239838969956
21560,1409,1409,17,49.11405190729035
21561,1410,1410,17,48.27273598985164
21562,1411,1411,17,16.475513587147482
21563,1412,1412,17,27.885643985455648
21564,1413,1413,17,58.56520661753477
21565,1414,1414,17,30.450832832890807
21566,1415,1415,17,52.10661683862393
21567,1416,1416,17,28.226004777445254
21568,1417,1417,17,11.027945209069998
21569,1418,1418,17,0.2749499414999485
21570,1419,1419,17,23.037624946438623
21571,1420,1420,17,26.031725359564717
21572,1421,1421,17,17.29690533243069
21573,1422,1422,17,32.121644051084324
21574,1423,1423,17,20.228626883731906
21575,1424,1424,17,8.757673066773824
21576,1425,1425,17,53.64203764479399
21577,1426,1426,17,9.162211405710742
21578,1427,1427,17,37.80148431712493
21579,1428,1428,17,14.657714247378932
21580,1429,1429,17,41.52291588450198
21581,1430,1430,17,37.37378450699759
21582,1431,1431,17,83.73587883185876
21583,1432,1432,17,8.344921060140635
21584,1433,1433,17,14.888022531170844
21585,1434,1434,17,11.468027806331673
21586,1435,1435,17,7.350436594544187
21587,1436,1436,17,23.471862505454883
21588,1437,1437,17,10.269751000226597
21589,1438,1438,17,12.327898837779546
21590,1439,1439,17,36.56675215455958
21591,1440,1440,17,0.4034486059406437
21592,1441,1441,17,24.736669920778407
21593,1442,1442,17,4.438179417721436
21594,1443,1443,17,0.4293002970003187
21595,1444,1444,17,46.30119780048004
21596,1445,1445,17,57.09260349549904
21597,1446,1446,17,0.2056500989998877
21598,1447,1447,17,0.6737918958900124
21599,1448,1448,17,2.9518580456108228
21600,1449,1449,17,47.259709061681725
21601,1450,1450,17,9.28639039832316
21602,1451,1451,17,8.52033733823818
21603,1452,1452,17,14.802263417769051
21604,1453,1453,17,2.2301997300004177
21605,1454,1454,17,24.80003105448635
21606,1455,1455,17,14.75901870251956
21607,1456,1456,17,26.912080541193173
21608,1457,1457,17,11.41891988180666
21609,1458,1458,17,1.052242174764633
21610,1459,1459,17,4.120507577734522
21611,1460,1460,17,25.42855812444869
21612,1461,1461,17,21.621192019550264
21613,1462,1462,17,3.9171123517353608
21614,1463,1463,17,6.077387936269194
21615,1464,1464,17,7.817427457427084
21616,1465,1465,17,0.0044724075721446
21617,1466,1466,17,13.312801847418315
21618,1467,1467,17,45.2236476440815
21619,1468,1468,17,19.94334380949229
21620,1469,1469,17,6.034707419008974
21621,1470,1470,17,20.468799228428946
21622,1471,1471,17,22.93010002006691
21623,1472,1472,17,0.0940499549999684
21624,1473,1473,17,51.320868838002966
21625,1474,1474,17,6.712931404981796
21626,1475,1475,17,83.08790350100428
21627,1476,1476,17,18.35109556748777
21628,1477,1477,17,20.66373136230789
21629,1478,1478,17,37.91726784568883
21630,1479,1479,17,16.508714470597795
21631,1480,1480,17,20.522236262903974
21632,1481,1481,17,7.31188819163251
21633,1482,1482,17,27.605412141374767
21634,1483,1483,17,1.563726880297989
21635,1484,1484,17,11.447122818204242
21636,1485,1485,17,25.102068366174223
21637,1486,1486,17,9.829631219812857
21638,1487,1487,17,14.839445101428169
21639,1488,1488,17,14.130655510577858
21640,1489,1489,17,18.708306881378476
21641,1490,1490,17,20.583443186115066
21642,1491,1491,17,7.667797276930887
21643,1492,1492,17,48.93950248456973
21644,1493,1493,17,40.52269911896697
21645,1494,1494,17,2.238550651532191
21646,1495,1495,17,15.083934061348602
21647,1496,1496,17,33.36171624465018
21648,1497,1497,17,13.296835922200897
21649,1498,1498,17,14.708914631299496
21650,1499,1499,17,40.34087844397515
21651,1500,1500,17,10.634671497522667
21652,1501,1501,17,21.002453497671446
21653,1502,1502,17,20.218895210814
21654,1503,1503,17,9.508352016729768
21655,1504,1504,17,0.019948050768312
21656,1505,1505,17,26.622933081556216
21657,1506,1506,17,37.69466722444325
21658,1507,1507,17,33.09435066600191
21659,1508,1508,17,16.81592549866271
21660,1509,1509,17,14.645824879337818
21661,1510,1510,17,19.158643052887648
21662,1511,1511,17,4.942006951598629
21663,1512,1512,17,28.94129142673856
21664,1513,1513,17,21.830408312263817
21665,1514,1514,17,59.54275592155719
21666,1515,1515,17,21.822643533943737
21667,1516,1516,17,13.052559102825835
21668,1517,1517,17,13.59464089266992
21669,1518,1518,17,2.2734732039906382
21670,1519,1519,17,6.902926665509286
21671,1520,1520,17,3.963613824256592
21672,1521,1521,17,1.7041361802427095
21673,1522,1522,17,26.98269729589892
21674,1523,1523,17,11.282152938098156
21675,1524,1524,17,19.37657842106636
21676,1525,1525,17,12.298471565437866
21677,1526,1526,17,38.88076800162451
21678,1527,1527,17,1.4243824663734246
21679,1528,1528,17,0.032629786804229
21680,1529,1529,17,3.588970235695548
21681,1530,1530,17,9.54254187079376
21682,1531,1531,17,12.76080852070296
21683,1532,1532,17,61.32516996438273
21684,1533,1533,17,0.4013295946246544
21685,1534,1534,17,16.806506299339503
21686,1535,1535,17,75.48759441614577
21687,1536,1536,17,20.59082234731431
21688,1537,1537,17,12.179527333191636
21689,1538,1538,17,6.590124410391659
21690,1539,1539,17,3.5047262331087925
21691,1540,1540,17,30.54001199821718
21692,1541,1541,17,79.01248694878873
21693,1542,1542,17,21.62306288724321
21694,1543,1543,17,13.6983375987615
21695,1544,1544,17,48.85474760871028
21696,1545,1545,17,3.8015516847827575
21697,1546,1546,17,0.6334855246649981
21698,1547,1547,17,20.71586408833439
21699,1548,1548,17,25.4261668130202
21700,1549,1549,17,16.2069328539814
21701,1550,1550,17,12.419798758062184
21702,1551,1551,17,14.374102258938104
21703,1552,1552,17,23.18106893377833
21704,1553,1553,17,33.813118340093105
21705,1554,1554,17,37.80475508678177
21706,1555,1555,17,5.223795669217717
21707,1556,1556,17,25.63134996507937
21708,1557,1557,17,34.13033829992659
21709,1558,1558,17,23.82272150257531
21710,1559,1559,17,6.631477993430913
21711,1560,1560,17,20.80695190594472
21712,1561,1561,17,23.16980053493156
21713,1562,1562,17,18.224485127915084
21714,1563,1563,17,17.22440686894124
21715,1564,1564,17,6.706938561920196
21716,1565,1565,17,32.63746135708458
21717,1566,1566,17,0.381600197999984
21718,1567,1567,17,5.778254652900964
21719,1568,1568,17,10.47979650809148
21720,1569,1569,17,16.891704544796287
21721,1570,1570,17,32.292395950201694
21722,1571,1571,17,1.4062497389998734
21723,1572,1572,17,5.1002536208793225
21724,1573,1573,17,9.541396820119846
21725,1574,1574,17,4.132502659209728
21726,1575,1575,17,1.903347246290505
21727,1576,1576,17,1.5295334892014265
21728,1577,1577,17,2.341816047299609
21729,1578,1578,17,2.669655962499559
21730,1579,1579,17,1.3398433894996644
21731,1580,1580,17,0.6187503690000549
21732,1581,1581,17,1.925100094499767
21733,1582,1582,17,6.567005412246883
21734,1583,1583,17,32.58059365474844
21735,1584,1584,17,0.8336728264501113
21736,1585,1585,17,3.479577538049303
21737,1586,1586,17,36.667791866876335
21738,1587,1587,17,31.15350876762997
21739,1588,1588,17,10.585394922896624
21740,1589,1589,17,1.5520043436117674
21741,1590,1590,17,15.096821492267662
21742,1591,1591,17,14.784529673232417
21743,1592,1592,17,38.52821813862209
21744,1593,1593,17,1.193280961381629
21745,1594,1594,17,19.29818246918529
21746,1595,1595,17,7.137067053812444
21747,1596,1596,17,20.18974109153584
21748,1597,1597,17,15.704958795965418
21749,1598,1598,17,61.57237483644262
21750,1599,1599,17,37.9887763650532
21751,1600,1600,17,0.2222999415002316
21752,1601,1601,17,26.47452980056405
21753,1602,1602,17,34.31732107692562
21754,1603,1603,17,118.86104861636257
21755,1604,1604,17,49.91910002462639
21756,1605,1605,17,20.694909335882095
21757,1606,1606,17,13.519491217622102
21758,1607,1607,17,103.65329147082048
21759,1608,1608,17,38.97150828618816
21760,1609,1609,17,30.23440079732404
21761,1610,1610,17,6.232248896680344
21762,1611,1611,17,22.007492102040267
21763,1612,1612,17,17.74100871244995
21764,1613,1613,17,26.754812906436463
21765,1614,1614,17,22.177286499553784
21766,1615,1615,17,24.415646546706537
21767,1616,1616,17,7.48710346229136
21768,1617,1617,17,5.385395307574295
21769,1618,1618,17,29.744305677931653
21770,1619,1619,17,4.18835033383105
21771,1620,1620,17,40.30359950417056
21772,1621,1621,17,19.510166431565374
21773,1622,1622,17,11.346334117442838
21774,1623,1623,17,23.64331043193259
21775,1624,1624,17,16.163238317065527
21776,1625,1625,17,6.389226379544638
21777,1626,1626,17,37.08977416945639
21778,1627,1627,17,3.8753189540208353
21779,1628,1628,17,12.406131374475674
21780,1629,1629,17,20.28935327863429
21781,1630,1630,17,8.481397405369034
21782,1631,1631,17,30.434691689885614
21783,1632,1632,17,3.49260820661233
21784,1633,1633,17,8.698965304154598
21785,1634,1634,17,3.936585082843932
21786,1635,1635,17,17.14341533862105
21787,1636,1636,17,19.36598398637981
21788,1637,1637,17,16.871175053755604
21789,1638,1638,17,25.107074244254058
21790,1639,1639,17,17.87981052628021
21791,1640,1640,17,20.91783860972205
21792,1641,1641,17,9.846166501422331
21793,1642,1642,17,11.907733498578006
21794,1643,1643,17,24.31470057418729
21795,1644,1644,17,50.78624952481174
21796,1645,1645,17,28.82624523219475
21797,1646,1646,17,55.31340527630119
21798,1647,1647,17,27.646746272980756
21799,1648,1648,17,18.992153245519308
21800,1649,1649,17,10.823296408193528
21801,1650,1650,17,5.214703051810604
21802,1651,1651,17,53.9867981758174
21803,1652,1652,17,61.448102301180455
21804,1653,1653,17,19.5339904056816
21805,1654,1654,17,18.12920941432465
21806,1655,1655,17,16.318645892405808
21807,1656,1656,17,8.29500413909658
21808,1657,1657,17,23.391794282175063
21809,1658,1658,17,20.731606163325573
21810,1659,1659,17,63.12443881299788
21811,1660,1660,17,2.438761893499627
21812,1661,1661,17,13.363160284443826
21813,1662,1662,17,20.548838919054567
21814,1663,1663,17,60.57978077707058
21815,1664,1664,17,28.294319569434556
21816,1665,1665,17,3.741445511206869
21817,1666,1666,17,18.508354641793616
21818,1667,1667,17,9.8184632231052
21819,1668,1668,17,28.26008726739925
21820,1669,1669,17,14.922223701867727
21821,1670,1670,17,15.762825186632604
21822,1671,1671,17,5.144089474197924
21823,1672,1672,17,1.02001013430205
21824,1673,1673,17,14.130916171893954
21825,1674,1674,17,61.86868446257722
21826,1675,1675,17,33.42067777288562
21827,1676,1676,17,8.553524333119213
21828,1677,1677,17,0.2006999010000378
21829,1678,1678,17,0.0655020612543746
21830,1679,1679,17,4.208597088245997
21831,1680,1680,17,24.321811980231885
21832,1681,1681,17,50.57933936074727
21833,1682,1682,17,2.449910779889852
21834,1683,1683,17,5.214938081609431
21835,1684,1684,17,16.620147030609058
21836,1685,1685,17,19.5832533653979
21837,1686,1686,17,30.30961556890483
21838,1687,1687,17,5.081985497596309
21839,1688,1688,17,17.231198277369895
21840,1689,1689,17,11.486450890129726
21841,1690,1690,17,32.691047824358904
21842,1691,1691,17,20.96569267155157
21843,1692,1692,17,5.751740114455082
21844,1693,1693,17,1.7398595390490004
21845,1694,1694,17,22.70176387434745
21846,1695,1695,17,12.926086112155485
21847,1696,1696,17,33.83641577713272
21848,1697,1697,17,39.98068407886062
21849,1698,1698,17,32.96290213121018
21850,1699,1699,17,12.574397792282372
21851,1700,1700,17,37.68472319102119
21852,1701,1701,17,21.70942751997501
21853,1702,1702,17,35.689530801248225
21854,1703,1703,17,12.40916966676189
21855,1704,1704,17,12.848697133222922
21856,1705,1705,17,38.38605243028435
21857,1706,1706,17,16.758525163659485
21858,1707,1707,17,2.84167469684935
21859,1708,1708,17,2.19248224706842
21860,1709,1709,17,34.72101864843688
21861,1710,1710,17,1.8632075983971248
21862,1711,1711,17,10.231682126884849
21863,1712,1712,17,52.40901036469905
21864,1713,1713,17,29.892546708625257
21865,1714,1714,17,9.3424831191629
21866,1715,1715,17,18.44022905672997
21867,1716,1716,17,5.439477586221635
21868,1717,1717,17,27.26054370356175
21869,1718,1718,17,7.78145920421686
21870,1719,1719,17,46.82288980577763
21871,1720,1720,17,33.10742919214088
21872,1721,1721,17,17.53872035785994
21873,1722,1722,17,5.505026511893279
21874,1723,1723,17,2.630498614009529
21875,1724,1724,17,36.782614418060405
21876,1725,1725,17,10.676199952504572
21877,1726,1726,17,14.3226658017402
21878,1727,1727,17,8.437715235629796
21879,1728,1728,17,10.973075264611548
21880,1729,1729,17,1.914643252494272
21881,1730,1730,17,30.313796174129127
21882,1731,1731,17,32.204253834867686
21883,1732,1732,17,12.9376061766904
21884,1733,1733,17,13.346443251818298
21885,1734,1734,17,11.215326986013086
21886,1735,1735,17,8.806311076892124
21887,1736,1736,17,3.1725779177133964
21888,1737,1737,17,3.480882970886715
21889,1738,1738,17,11.433160936760366
21890,1739,1739,17,40.3934888262425
21891,1740,1740,17,31.60938910937203
21892,1741,1741,17,17.550710628115628
21893,1742,1742,17,4.18833147765261
21894,1743,1743,17,9.821069174846803
21895,1744,1744,17,38.75541506201294
21896,1745,1745,17,33.39893532498774
21897,1746,1746,17,33.87701543412282
21898,1747,1747,17,39.470285407387
21899,1748,1748,17,12.435350610433158
21900,1749,1749,17,0.9242498485681414
21901,1750,1750,17,19.151610454001307
21902,1751,1751,17,4.855300169258274
21903,1752,1752,17,18.801777299818458
21904,1753,1753,17,15.60072258318439
21905,1754,1754,17,15.625741463060097
21906,1755,1755,17,4.383957632443703
21907,1756,1756,17,35.509411984561844
21908,1757,1757,17,4.703038082937384
21909,1758,1758,17,0.6187497074999213
21910,1759,1759,17,18.640182310461043
21911,1760,1760,17,32.739467703029604
21912,1761,1761,17,15.060962623258591
21913,1762,1762,17,9.782832517739758
21914,1763,1763,17,9.153379965447844
21915,1764,1764,17,12.66127011555075
21916,1765,1765,17,23.860614846887117
21917,1766,1766,17,10.94418429361482
21918,1767,1767,17,2.517092790218592
21919,1768,1768,17,67.76885712427443
21920,1769,1769,17,20.31426297293532
21921,1770,1770,17,93.80281145949954
21922,1771,1771,17,26.23803088593976
21923,1772,1772,17,30.61946955055884
21924,1773,1773,17,30.7931080616138
21925,1774,1774,17,35.81004102939222
21926,1775,1775,17,0.6179681649376154
21927,1776,1776,17,5.794982285059882
21928,1777,1777,17,5.177684644229813
21929,1778,1778,17,22.41766522077018
21930,1779,1779,17,24.52445905622454
21931,1780,1780,17,28.055791839287817
21932,1781,1781,17,37.28811150314608
21933,1782,1782,17,20.32202578731549
21934,1783,1783,17,22.315417569862756
21935,1784,1784,17,36.59708235213462
21936,1785,1785,17,1.2094420778079331
21937,1786,1786,17,8.988907832192014
21938,1787,1787,17,0.3973499370002299
21939,1788,1788,17,41.72278760993006
21940,1789,1789,17,23.136162642058032
21941,1790,1790,17,5.634611954566672
21942,1791,1791,17,23.17731219043176
21943,1792,1792,17,19.390989162444985
21944,1793,1793,17,24.768035847304017
21945,1794,1794,17,6.401975294335633
21946,1795,1795,17,13.054337084167376
21947,1796,1796,17,15.545760917999475
21948,1797,1797,17,22.607328163410724
21949,1798,1798,17,3.694020121855168
21950,1799,1799,17,7.232880283147462
21951,1800,1800,17,7.741207077136933
21952,1801,1801,17,65.22899305787331
21953,1802,1802,17,2.846866810843476
21954,1803,1803,17,0.3278828471563086
21955,1804,1804,17,0.6576704984971284
21956,1805,1805,17,17.91292858350622
21957,1806,1806,17,60.315362160441445
21958,1807,1807,17,11.395739059061448
21959,1808,1808,17,37.8790646592294
21960,1809,1809,17,36.40558453978676
21961,1810,1810,17,8.821900973141908
21962,1811,1811,17,30.9454999898598
21963,1812,1812,17,25.615424105019372
21964,1813,1813,17,16.716076187473163
21965,1814,1814,17,36.24863153254993
21966,1815,1815,17,78.33216839544788
21967,1816,1816,17,9.314619268737342
21968,1817,1817,17,40.34963209926738
21969,1818,1818,17,15.932350200099943
21970,1819,1819,17,9.880550281399127
21971,1820,1820,17,20.2954036708249
21972,1821,1821,17,17.36689657217054
21973,1822,1822,17,37.98337855177283
21974,1823,1823,17,0.9929196437325852
21975,1824,1824,17,49.67002580341278
21976,1825,1825,17,17.35612387258385
21977,1826,1826,17,0.6430096381087974
21978,1827,1827,17,24.36888971839338
21979,1828,1828,17,23.423696947072965
21980,1829,1829,17,15.560702598418477
21981,1830,1830,17,18.581065588132308
21982,1831,1831,17,2.981654258201416
21983,1832,1832,17,14.08324944594274
21984,1833,1833,17,1.5397170807957024
21985,1834,1834,17,3.969063545910528
21986,1835,1835,17,15.537225767876238
21987,1836,1836,17,6.564523255626984
21988,1837,1837,17,18.94590114241892
21989,1838,1838,17,27.198448803581112
21990,1839,1839,17,39.15291084919083
21991,1840,1840,17,16.07423958280812
21992,1841,1841,17,44.27670497859928
21993,1842,1842,17,14.71526608183482
21994,1843,1843,17,1.568579313054203
21995,1844,1844,17,15.805725065214112
21996,1845,1845,17,9.59950788649185
21997,1846,1846,17,4.807212025171472
21998,1847,1847,17,8.185059563143726
21999,1848,1848,17,10.535479025649815
22000,1849,1849,17,19.94575334990134
22001,1850,1850,17,1.784668389441263
22002,1851,1851,17,10.033068775877569
22003,1852,1852,17,10.271030094513732
22004,1853,1853,17,30.431803292000836
22005,1854,1854,17,7.734761382596798
22006,1855,1855,17,12.066993940904275
22007,1856,1856,17,52.19300523560814
22008,1857,1857,17,21.26048119332075
22009,1858,1858,17,13.516669911924875
22010,1859,1859,17,1.3546988587535191
22011,1860,1860,17,4.417896377077833
22012,1861,1861,17,3.448565688239389
22013,1862,1862,17,18.626494995734497
22014,1863,1863,17,13.498993514951392
22015,1864,1864,17,49.38977054396285
22016,1865,1865,17,16.113579051026136
22017,1866,1866,17,16.395571768650903
22018,1867,1867,17,7.76357915834431
22019,1868,1868,17,11.633254682523578
22020,1869,1869,17,31.504014083501527
22021,1870,1870,17,24.06348289896957
22022,1871,1871,17,3.0982246826424675
22023,1872,1872,17,2.905327005817674
22024,1873,1873,17,16.507495608668954
22025,1874,1874,17,17.42195310786616
22026,1875,1875,17,2.085750094499398
22027,1876,1876,17,37.615119351513016
22028,1877,1877,17,22.88782978448405
22029,1878,1878,17,45.85675015880533
22030,1879,1879,17,44.25664905370424
22031,1880,1880,17,0.7539537686532587
22032,1881,1881,17,1.7491951099770515
22033,1882,1882,17,17.61680134635735
22034,1883,1883,17,6.8572077561618245
22035,1884,1884,17,19.50033385626107
22036,1885,1885,17,18.23524489907648
22037,1886,1886,17,25.81560772957784
22038,1887,1887,17,9.380692207422332
22039,1888,1888,17,30.47276211752601
22040,1889,1889,17,33.7440379229815
22041,1890,1890,17,81.01238752537552
22042,1891,1891,17,35.80221347812088
22043,1892,1892,17,14.755996966021712
22044,1893,1893,17,8.311453209485117
22045,1894,1894,17,9.986625175159707
22046,1895,1895,17,2.770874730333872
22047,1896,1896,17,6.543848948768549
22048,1897,1897,17,27.112100880225853
22049,1898,1898,17,29.14048254115897
22050,1899,1899,17,50.64312703165995
22051,1900,1900,17,28.158544105298787
22052,1901,1901,17,1.648645765117316
22053,1902,1902,17,17.71545031889722
22054,1903,1903,17,17.080557137329116
22055,1904,1904,17,18.82309892434989
22056,1905,1905,17,13.667314317775748
22057,1906,1906,17,33.26411043145949
22058,1907,1907,17,42.5743891590391
22059,1908,1908,17,23.997382814395905
22060,1909,1909,17,11.609767410600147
22061,1910,1910,17,7.509726393972352
22062,1911,1911,17,1.4405188317313773
22063,1912,1912,17,3.07375277179952
22064,1913,1913,17,7.494158318730131
22065,1914,1914,17,0.9478421852709352
22066,1915,1915,17,3.029678318689205
22067,1916,1916,17,0.6648217308104039
22068,1917,1917,17,15.734830890545018
22069,1918,1918,17,7.115442828650326
22070,1919,1919,17,2.527476865813717
22071,1920,1920,17,43.44205871288948
22072,1921,1921,17,5.091790679608073
22073,1922,1922,17,9.582638901637669
22074,1923,1923,17,9.00191107586144
22075,1924,1924,17,16.982573135831117
22076,1925,1925,17,16.870026297171435
22077,1926,1926,17,65.59735889012671
22078,1927,1927,17,40.48421749737228
22079,1928,1928,17,2.0874774318592624
22080,1929,1929,17,25.503373346641013
22081,1930,1930,17,0.6632997210002057
22082,1931,1931,17,29.678014398383983
22083,1932,1932,17,22.611984539619836
22084,1933,1933,17,26.817526428785712
22085,1934,1934,17,57.486751897322
22086,1935,1935,17,3.085273118383733
22087,1936,1936,17,46.08276688556635
22088,1937,1937,17,18.494769281403272
22089,1938,1938,17,35.306262955516424
22090,1939,1939,17,0.2033997390002906
22091,1940,1940,17,45.01714200708786
22092,1941,1941,17,67.9936088119119
22093,1942,1942,17,49.53121487926486
22094,1943,1943,17,78.403199149197
22095,1944,1944,17,1.8730358590335003
22096,1945,1945,17,0.5093996940002404
22097,1946,1946,17,47.634232199557694
22098,1947,1947,17,19.474718439439588
22099,1948,1948,17,56.62713713071021
22100,1949,1949,17,22.502662702788086
22101,1950,1950,17,24.88236936769636
22102,1951,1951,17,67.95074255908963
22103,1952,1952,17,35.40383782121925
22104,1953,1953,17,15.986227438467711
22105,1954,1954,17,20.79149076782008
22106,1955,1955,17,9.378619471626468
22107,1956,1956,17,8.414262682080553
22108,1957,1957,17,13.847001708236716
22109,1958,1958,17,25.24989824680801
22110,1959,1959,17,5.340908939531386
22111,1960,1960,17,19.19984087596673
22112,1961,1961,17,11.637938704088455
22113,1962,1962,17,8.057572573871143
22114,1963,1963,17,21.755547883841466
22115,1964,1964,17,5.470440428704625
22116,1965,1965,17,33.89169293295399
22117,1966,1966,17,43.06629353653897
22118,1967,1967,17,70.63758767601895
22119,1968,1968,17,15.47576316997798
22120,1969,1969,17,3.168943983151406
22121,1970,1970,17,14.623423711072917
22122,1971,1971,17,14.26060217661513
22123,1972,1972,17,1.6835311416548395
22124,1973,1973,17,27.47372152367671
22125,1974,1974,17,26.630229974821376
22126,1975,1975,17,10.94765888120541
22127,1976,1976,17,6.32816695134699
22128,1977,1977,17,14.22057427093544
22129,1978,1978,17,18.654215580670687
22130,1979,1979,17,18.63593484234275
22131,1980,1980,17,22.084316310819723
22132,1981,1981,17,32.99522384285221
22133,1982,1982,17,30.63465979231796
22134,1983,1983,17,0.5655101325591255
22135,1984,1984,17,24.73802127832611
22136,1985,1985,17,17.212019061615923
22137,1986,1986,17,18.404702156211137
22138,1987,1987,17,1.8599367600041168
22139,1988,1988,17,3.712550224685529
22140,1989,1989,17,13.245910314599662
22141,1990,1990,17,8.108319782367907
22142,1991,1991,17,19.499629142124142
22143,1992,1992,17,8.686713261253688
22144,1993,1993,17,8.753936846749738
22145,1994,1994,17,0.2150998829999938
22146,1995,1995,17,22.42092248499759
22147,1996,1996,17,5.739627874998294
22148,1997,1997,17,2.292847659792591
22149,1998,1998,17,1.2288523762071355
22150,1999,1999,17,29.15012832110772
22151,2000,2000,17,28.887272767885683
22152,2001,2001,17,19.46426183415197
22153,2002,2002,17,44.3938895203102
22154,2003,2003,17,19.58132118291246
22155,2004,2004,17,2.875897500675529
22156,2005,2005,17,4.147679781911774
22157,2006,2006,17,15.339601208073798
22158,2007,2007,17,16.738784466988115
22159,2008,2008,17,1.7062640774351172
22160,2009,2009,17,8.611345971607879
22161,2010,2010,17,9.923254424391413
22162,2011,2011,17,8.071607206330299
22163,2012,2012,17,11.104243027668462
22164,2013,2013,17,2.70288043468082
22165,2014,2014,17,11.832154148420646
22166,2015,2015,17,17.982865313399376
22167,2016,2016,17,8.852865987832322
22168,2017,2017,17,5.6380341876672055
22169,2018,2018,17,15.25790958932851
22170,2019,2019,17,3.780026666759872
22171,2020,2020,17,6.813212771921888
22172,2021,2021,17,24.823113071067603
22173,2022,2022,17,14.69960775642386
22174,2023,2023,17,1.7332794965136311
22175,2024,2024,17,28.71022082563392
22176,2025,2025,17,5.340117844119481
22177,2026,2026,17,3.281962458247695
22178,2027,2027,17,17.184223663045536
22179,2028,2028,17,17.871225715946828
22180,2029,2029,17,47.92148403072304
22181,2030,2030,17,2.446564412283499
22182,2031,2031,17,11.658881097430587
22183,2032,2032,17,14.180118929582434
22184,2033,2033,17,17.886962700675785
22185,2034,2034,17,38.19968730833361
22186,2035,2035,17,21.39900331543739
22187,2036,2036,17,14.62844642805636
22188,2037,2037,17,21.3921148182534
22189,2038,2038,17,18.327135136738114
22190,2039,2039,17,4.166093946989253
22191,2040,2040,17,20.01960688102469
22192,2041,2041,17,14.221143410599828
22193,2042,2042,17,24.37940727790613
22194,2043,2043,17,80.18601705671156
22195,2044,2044,17,28.447550792748228
22196,2045,2045,17,6.678032407035214
22197,2046,2046,17,29.692182007323623
22198,2047,2047,17,11.58136530617148
22199,2048,2048,17,38.84718174652368
22200,2049,2049,17,57.832169823938166
22201,2050,2050,17,0.7420500090002679
22202,2051,2051,17,4.543071680057138
22203,2052,2052,17,10.278577739440658
22204,2053,2053,17,31.30509899729678
22205,2054,2054,17,6.360802064700023
22206,2055,2055,17,7.8248743275326
22207,2056,2056,17,31.434992716792017
22208,2057,2057,17,46.83953316268275
22209,2058,2058,17,26.697733325208887
22210,2059,2059,17,35.214166400298176
22211,2060,2060,17,4.416926938099922
22212,2061,2061,17,1.8830729358998388
22213,2062,2062,17,14.300367860913008
22214,2063,2063,17,29.90403224708846
22215,2064,2064,17,13.859702744645029
22216,2065,2065,17,21.22544690435423
22217,2066,2066,17,9.697911855133263
22218,2067,2067,17,10.229437753367518
22219,2068,2068,17,22.096186212934107
22220,2069,2069,17,2.660564277567195
22221,2070,2070,17,0.9602998290001304
22222,2071,2071,17,13.4501600213871
22223,2072,2072,17,42.14643956911544
22224,2073,2073,17,18.81970306307553
22225,2074,2074,17,16.840996779423033
22226,2075,2075,17,18.423503486240683
22227,2076,2076,17,16.39164697276043
22228,2077,2077,17,19.173747103337465
22229,2078,2078,17,7.763124251255811
22230,2079,2079,17,3.4052788704177983
22231,2080,2080,17,1.7187298182345927
22232,2081,2081,17,1.1374198397646398
22233,2082,2082,17,8.811991636823521
22234,2083,2083,17,22.94360887167385
22235,2084,2084,17,25.53782230521634
22236,2085,2085,17,12.1105289862836
22237,2086,2086,17,32.80787003388125
22238,2087,2087,17,2.679129165114033
22239,2088,2088,17,11.955453517646047
22240,2089,2089,17,25.938146513858804
22241,2090,2090,17,58.167213163021806
22242,2091,2091,17,2.309636373477936
22243,2092,2092,17,9.242447204504938
22244,2093,2093,17,28.33390246251247
22245,2094,2094,17,24.96211863502181
22246,2095,2095,17,32.59479178537066
22247,2096,2096,17,34.77751185084251
22248,2097,2097,17,3.80582762077658
22249,2098,2098,17,13.376724173696523
22250,2099,2099,17,16.23102642929825
22251,2100,2100,17,4.063569266664452
22252,2101,2101,17,7.440229846837304
22253,2102,2102,17,26.02129069920009
22254,2103,2103,17,30.50437547134384
22255,2104,2104,17,5.171133941958467
22256,2105,2105,17,26.88113185870962
22257,2106,2106,17,43.51146736729105
22258,2107,2107,17,2.668543389056138
22259,2108,2108,17,15.541157767465489
22260,2109,2109,17,16.635684249154508
22261,2110,2110,17,16.66884110856296
22262,2111,2111,17,3.242224948276775
22263,2112,2112,17,15.324274854292154
22264,2113,2113,17,46.210944122588224
22265,2114,2114,17,12.086547027607434
22266,2115,2115,17,44.50818557051564
22267,2116,2116,17,34.12242420309251
22268,2117,2117,17,4.884924208411842
22269,2118,2118,17,6.276543365101338
22270,2119,2119,17,8.53700672939678
22271,2120,2120,17,2.960120832326532
22272,2121,2121,17,6.114579410675786
22273,2122,2122,17,6.367606373032313
22274,2123,2123,17,11.169173447642248
22275,2124,2124,17,6.821081387423873
22276,2125,2125,17,5.562188697402505
22277,2126,2126,17,26.16580769865149
22278,2127,2127,17,5.039035141435257
22279,2128,2128,17,12.136665621801496
22280,2129,2129,17,16.87749174960738
22281,2130,2130,17,18.848738554536016
22282,2131,2131,17,1.8522054086453916
22283,2132,2132,17,11.866455780316643
22284,2133,2133,17,4.922108354090072
22285,2134,2134,17,21.33902885524042
22286,2135,2135,17,5.546778819122583
22287,2136,2136,17,2.1732921975097
22288,2137,2137,17,1.3730408875365183
22289,2138,2138,17,3.2316352801799484
22290,2139,2139,17,1.8848646253203376
22291,2140,2140,17,25.3975408249248
22292,2141,2141,17,0.8644589095793441
22293,2142,2142,17,7.3932707696098685
22294,2143,2143,17,21.995329234892743
22295,2144,2144,17,5.760959188126803
22296,2145,2145,17,6.03129082537391
22297,2146,2146,17,1.3562998875001966
22298,2147,2147,17,3.681113613351889
22299,2148,2148,17,23.026669142732896
22300,2149,2149,17,29.253180270666807
22301,2150,2150,17,56.95438782373677
22302,2151,2151,17,10.358121040209085
22303,2152,2152,17,22.566128761787628
22304,2153,2153,17,23.80978542843802
22305,2154,2154,17,128.0539646345684
22306,2155,2155,17,1.3909502205011024
22307,2156,2156,17,6.152957754241407
22308,2157,2157,17,12.73354460805489
22309,2158,2158,17,31.85954697170668
22310,2159,2159,17,15.62042230688256
22311,2160,2160,17,7.908849111932397
22312,2161,2161,17,6.680110458806396
22313,2162,2162,17,6.777918648887495
22314,2163,2163,17,28.24227118104413
22315,2164,2164,17,50.71122734751515
22316,2165,2165,17,2.490201453431945
22317,2166,2166,17,5.305682235106647
22318,2167,2167,17,29.110316918895958
22319,2168,2168,17,8.665715204914749
22320,2169,2169,17,2.11358531708324
22321,2170,2170,17,22.416526179498508
22322,2171,2171,17,12.003973451502176
22323,2172,2172,17,32.619848042465094
22324,2173,2173,17,3.3136894706010094
22325,2174,2174,17,30.62909378169193
22326,2175,2175,17,24.58621840374272
22327,2176,2176,17,0.1586874682530518
22328,2177,2177,17,2.415312405746967
22329,2178,2178,17,0.32580007199952
22330,2179,2179,17,4.202197918067742
22331,2180,2180,17,2.846622552543491
22332,2181,2181,17,14.142841254690529
22333,2182,2182,17,6.517988958702646
22334,2183,2183,17,3.539230778492652
22335,2184,2184,17,11.42252392590169
22336,2185,2185,17,6.517708413895137
22337,2186,2186,17,11.609762712117991
22338,2187,2187,17,11.003123629584955
22339,2188,2188,17,14.11833272584936
22340,2189,2189,17,1.5206980457654595
22341,2190,2190,17,7.092884264851108
22342,2191,2191,17,1.4762849230411277
22343,2192,2192,17,10.317274617659926
22344,2193,2193,17,1.9119382244440484
22345,2194,2194,17,15.676242870427847
22346,2195,2195,17,30.431645011963244
22347,2196,2196,17,2.658225816326827
22348,2197,2197,17,0.0822744941729232
22349,2198,2198,17,3.997263185199376
22350,2199,2199,17,6.988586553799054
22351,2200,2200,17,36.277963769071135
22352,2201,2201,17,6.098510723719939
22353,2202,2202,17,1.897645149401647
22354,2203,2203,17,2.5496706627999624
22355,2204,2204,17,40.74620996052165
22356,2205,2205,17,17.567023016145825
22357,2206,2206,17,14.264627483343364
22358,2207,2207,17,5.202594458999879
22359,2208,2208,17,0.0097553115018839
22360,2209,2209,17,2.1437641153835654
22361,2210,2210,17,17.895414096906826
22362,2211,2211,17,2.408779622357648
22363,2212,2212,17,20.065792390360684
22364,2213,2213,17,7.970629121732622
22365,2214,2214,17,32.257570806269946
22366,2215,2215,17,3.180003550629213
22367,2216,2216,17,4.677895675367695
22368,2217,2217,17,31.474164846152544
22369,2218,2218,17,12.367986661339923
22370,2219,2219,17,61.00893557116409
22371,2220,2220,17,51.22826477532264
22372,2221,2221,17,1.1736000314996091
22373,2222,2222,17,25.285282708230703
22374,2223,2223,17,1.5986176157666296
22375,2224,2224,17,1.268549941500388
22376,2225,2225,17,7.024853946777791
22377,2226,2226,17,6.255095540220082
22378,2227,2227,17,18.835247206727416
22379,2228,2228,17,17.47120245127897
22380,2229,2229,17,12.57416582024736
22381,2230,2230,17,12.485434310251772
22382,2231,2231,17,33.774910885384216
22383,2232,2232,17,5.242339879622044
22384,2233,2233,17,0.5710496759999506
22385,2234,2234,17,44.89428826188067
22386,2235,2235,17,13.194863506606698
22387,2236,2236,17,0.0679499774999171
22388,2237,2237,17,3.210602306455165
22389,2238,2238,17,13.53074808503498
22390,2239,2239,17,47.010123870872825
22391,2240,2240,17,4.077473816118046
22392,2241,2241,17,7.272134658157773
22393,2242,2242,17,12.098116075335382
22394,2243,2243,17,0.3892497749999798
22395,2244,2244,17,65.08537097039199
22396,2245,2245,17,56.41687929510723
22397,2246,2246,17,17.989554229914546
22398,2247,2247,17,5.305595725084921
22399,2248,2248,17,18.98821610702509
22400,2249,2249,17,20.10643285348081
22401,2250,2250,17,35.83824038873342
22402,2251,2251,17,0.6113099712725579
22403,2252,2252,17,19.53487722437289
22404,2253,2253,17,9.499573086132624
22405,2254,2254,17,26.139664919354544
22406,2255,2255,17,8.076985292144835
22407,2256,2256,17,2.470111534128778
22408,2257,2257,17,29.261637750374284
22409,2258,2258,17,22.07488812053017
22410,2259,2259,17,9.85486137547272
22411,2260,2260,17,16.257154046443464
22412,2261,2261,17,10.81349663305369
22413,2262,2262,17,74.3160917531794
22414,2263,2263,17,30.90560740982457
22415,2264,2264,17,1.654200085500583
22416,2265,2265,17,30.529075275899054
22417,2266,2266,17,25.032875385603667
22418,2267,2267,17,14.313971513361528
22419,2268,2268,17,30.31207819413108
22420,2269,2269,17,3.3462589229687154
22421,2270,2270,17,12.945991108528869
22422,2271,2271,17,18.224121788370077
22423,2272,2272,17,16.452878382643682
22424,2273,2273,17,16.004843962566937
22425,2274,2274,17,22.864355672927477
22426,2275,2275,17,23.076768293246648
22427,2276,2276,17,16.12993061325315
22428,2277,2277,17,18.34115738459134
22429,2278,2278,17,14.558342898904876
22430,2279,2279,17,14.563963544918977
22431,2280,2280,17,5.7103299835419765
22432,2281,2281,17,6.369534110561319
22433,2282,2282,17,2.2713726399811933
22434,2283,2283,17,2.223394560845934
22435,2284,2284,17,24.501705443800866
22436,2285,2285,17,16.642749945859958
22437,2286,2286,17,12.054679248480449
22438,2287,2287,17,4.074427625177516
22439,2288,2288,17,15.575192703347932
22440,2289,2289,17,35.883302637052594
22441,2290,2290,17,98.29626878376966
22442,2291,2291,17,2.010574911833717
22443,2292,2292,17,7.611404391837485
22444,2293,2293,17,0.0477003149996846
22445,2294,2294,17,0.0458998244999796
22446,2295,2295,17,0.9724503419999556
22447,2296,2296,17,0.9125999999997952
22448,2297,2297,17,18.98952903122612
22449,2298,2298,17,17.965193209851368
22450,2299,2299,17,30.75992750243163
22451,2300,2300,17,56.171957076634406
22452,2301,2301,17,36.096043134864
22453,2302,2302,17,59.35382313996218
22454,2303,2303,17,40.62672816502826
22455,2304,2304,17,26.62462542882153
22456,2305,2305,17,10.786124283174804
22457,2306,2306,17,58.56393313053069
22458,2307,2307,17,28.23566786846207
22459,2308,2308,17,23.209127529213205
22460,2309,2309,17,14.896871831775304
22461,2310,2310,17,30.237716099864617
22462,2311,2311,17,22.09368426914936
22463,2312,2312,17,8.058518492216479
22464,2313,2313,17,24.30413062128202
22465,2314,2314,17,8.427875585559502
22466,2315,2315,17,1.81982612951166
22467,2316,2316,17,3.3694044286431075
22468,2317,2317,17,12.38839511628273
22469,2318,2318,17,3.4635083899248427
22470,2319,2319,17,5.586441133075539
22471,2320,2320,17,21.30773917133005
22472,2321,2321,17,5.853633996324978
22473,2322,2322,17,4.0357782228484975
22474,2323,2323,17,25.33700351512616
22475,2324,2324,17,15.636397465870306
22476,2325,2325,17,3.2462840807868094
22477,2326,2326,17,21.26076766390589
22478,2327,2327,17,37.56594767480654
22479,2328,2328,17,3.588868147674009
22480,2329,2329,17,2.3149849063087355
22481,2330,2330,17,4.194728182951093
22482,2331,2331,17,2.590968313064687
22483,2332,2332,17,11.467938542182887
22484,2333,2333,17,43.04767091082039
22485,2334,2334,17,42.47919056048419
22486,2335,2335,17,0.7695518166114874
22487,2336,2336,17,12.018789641309068
22488,2337,2337,17,20.321308618571347
22489,2338,2338,17,12.9000837509847
22490,2339,2339,17,1.8054665325129928
22491,2340,2340,17,24.585475804936888
22492,2341,2341,17,89.49627279103237
22493,2342,2342,17,2.1646289443276823
22494,2343,2343,17,0.5790211951779202
22495,2344,2344,17,0.7219763741845786
22496,2345,2345,17,2.650773684314225
22497,2346,2346,17,14.819597822085708
22498,2347,2347,17,27.946602956418012
22499,2348,2348,17,21.81420585680651
22500,2349,2349,17,15.314842982183718
22501,2350,2350,17,9.93423286671792
22502,2351,2351,17,10.817066584278235
22503,2352,2352,17,0.1093499189998954
22504,2353,2353,17,112.15750078219948
22505,2354,2354,17,8.124350158304779
22506,2355,2355,17,1.5235389092382154
22507,2356,2356,17,21.1492604112591
22508,2357,2357,17,1.3679903239957765
22509,2358,2358,17,11.942109829000342
22510,2359,2359,17,92.99054622624465
22511,2360,2360,17,25.19250255876485
22512,2361,2361,17,0.02925003599995
22513,2362,2362,17,34.736975188184026
22514,2363,2363,17,9.428164498984504
22515,2364,2364,17,24.49009801156803
22516,2365,2365,17,6.733712688227636
22517,2366,2366,17,10.29664284894398
22518,2367,2367,17,2.4439190899469603
22519,2368,2368,17,11.674028871138178
22520,2369,2369,17,14.084709243978022
22521,2370,2370,17,26.275585681285165
22522,2371,2371,17,27.53946385971165
22523,2372,2372,17,1.277550450000588
22524,2373,2373,17,82.87794048354536
22525,2374,2374,17,14.122710236461524
22526,2375,2375,17,70.92619206199336
22527,2376,2376,17,46.59175803699999
22528,2377,2377,17,0.1188940349742323
22529,2378,2378,17,52.63277743947978
22530,2379,2379,17,9.393327639070955
22531,2380,2380,17,7.505026127292231
22532,2381,2381,17,10.423931367726048
22533,2382,2382,17,7.1369421989682165
22534,2383,2383,17,18.98826067046018
22535,2384,2384,17,14.829329473542348
22536,2385,2385,17,23.205885058396408
22537,2386,2386,17,63.49471546359702
22538,2387,2387,17,1.2993438023213744
22539,2388,2388,17,1.37770653517849
22540,2389,2389,17,9.7882511930379
22541,2390,2390,17,31.69139791144985
22542,2391,2391,17,29.563816102292197
22543,2392,2392,17,27.75218969164349
22544,2393,2393,17,7.111845425557197
22545,2394,2394,17,17.451691522391776
22546,2395,2395,17,2.1160776632059317
22547,2396,2396,17,14.830946578005086
22548,2397,2397,17,9.639634425387651
22549,2398,2398,17,24.90939166818905
22550,2399,2399,17,2.079276821145384
22551,2400,2400,17,3.066381375673622
22552,2401,2401,17,15.014700017175368
22553,2402,2402,17,3.81240022583317
22554,2403,2403,17,63.96538135093258
22555,2404,2404,17,189.2176681900389
22556,2405,2405,17,1.314593648481816
22557,2406,2406,17,16.937856450518105
22558,2407,2407,17,40.950605928094056
22559,2408,2408,17,53.30459340591145
22560,2409,2409,17,2.4016264002981185
22561,2410,2410,17,7.5262733162072974
22562,2411,2411,17,2.9780572660958438
22563,2412,2412,17,28.237977447181507
22564,2413,2413,17,5.838315322722987
22565,2414,2414,17,11.74001523254683
22566,2415,2415,17,24.899435568453715
22567,2416,2416,17,32.913570956387936
22568,2417,2417,17,8.643084072807126
22569,2418,2418,17,19.497966289239777
22570,2419,2419,17,1.4278782135779484
22571,2420,2420,17,20.401322632945835
22572,2421,2421,17,6.082935596463327
22573,2422,2422,17,63.33439078959608
22574,2423,2423,17,26.45885018226025
22575,2424,2424,17,5.245899669241659
22576,2425,2425,17,11.836959738795723
22577,2426,2426,17,27.17284538553382
22578,2427,2427,17,9.417379385021569
22579,2428,2428,17,8.577671069468167
22580,2429,2429,17,9.060738692344724
22581,2430,2430,17,18.43741168565594
22582,2431,2431,17,24.69167782888237
22583,2432,2432,17,25.930622522109537
22584,2433,2433,17,17.731147503539734
22585,2434,2434,17,20.87930120914778
22586,2435,2435,17,35.64720174182332
22587,2436,2436,17,9.380290034353235
22588,2437,2437,17,8.48105936184883
22589,2438,2438,17,3.1802241227809565
22590,2439,2439,17,5.589426274007174
22591,2440,2440,17,46.30236428672958
22592,2441,2441,17,70.30433479976166
22593,2442,2442,17,9.633844013301358
22594,2443,2443,17,22.34675584270264
22595,2444,2444,17,26.41908568763567
22596,2445,2445,17,13.922063560876753
22597,2446,2446,17,20.692445441291213
22598,2447,2447,17,12.054504194205707
22599,2448,2448,17,8.92971406867536
22600,2449,2449,17,30.422337614329606
22601,2450,2450,17,36.57965027073088
22602,2451,2451,17,4.307799418770328
22603,2452,2452,17,17.84415477383919
22604,2453,2453,17,20.388744884146803
22605,2454,2454,17,0.8617393876330406
22606,2455,2455,17,22.491010643866566
22607,2456,2456,17,23.99236354430573
22608,2457,2457,17,1.301613171172157
22609,2458,2458,17,17.325973059529677
22610,2459,2459,17,15.829741475687742
22611,2460,2460,17,17.335709158813508
22612,2461,2461,17,15.357614582955584
22613,2462,2462,17,11.836271670336396
22614,2463,2463,17,12.81543008862497
22615,2464,2464,17,9.322384724577182
22616,2465,2465,17,17.199615700696974
22617,2466,2466,17,21.54538479880235
22618,2467,2467,17,16.30924284877989
22619,2468,2468,17,18.10540610272559
22620,2469,2469,17,2.2601310141458435
22621,2470,2470,17,21.484037391372357
22622,2471,2471,17,45.58103190499213
22623,2472,2472,17,6.220485716833532
22624,2473,2473,17,12.013963999671802
22625,2474,2474,17,11.134039908037916
22626,2475,2475,17,17.89591012796637
22627,2476,2476,17,26.65511459931869
22628,2477,2477,17,6.703835540176242
22629,2478,2478,17,16.539022365079497
22630,2479,2479,17,17.391427616916204
22631,2480,2480,17,29.05112847895145
22632,2481,2481,17,39.24807233102639
22633,2482,2482,17,3.190392617577669
22634,2483,2483,17,77.48020781442547
22635,2484,2484,17,18.008708085534764
22636,2485,2485,17,4.402642575958788
22637,2486,2486,17,23.227686711232007
22638,2487,2487,17,14.961112478768408
22639,2488,2488,17,14.263812454852223
22640,2489,2489,17,35.30683741015067
22641,2490,2490,17,46.288310083741
22642,2491,2491,17,74.38818914675424
22643,2492,2492,17,20.35392319014381
22644,2493,2493,17,9.69617692235145
22645,2494,2494,17,13.68632809326452
22646,2495,2495,17,22.48962293904417
22647,2496,2496,17,32.81320647535139
22648,2497,2497,17,3.4094680700906514
22649,2498,2498,17,33.825224703037456
22650,2499,2499,17,0.1025999054999575
22651,2500,2500,17,9.171922304916412
22652,2501,2501,17,0.0094264530853033
22653,2502,2502,17,53.59724377325705
22654,2503,2503,17,79.21395500723317
22655,2504,2504,17,46.90004248469727
22656,2505,2505,17,22.63080595378888
22657,2506,2506,17,40.37130451930052
22658,2507,2507,17,5.356795570690915
22659,2508,2508,17,2.180288631982684
22660,2509,2509,17,0.6160113320175721
22661,2510,2510,17,26.10825536160021
22662,2511,2511,17,87.52619494439801
22663,2512,2512,17,66.84318784390223
22664,2513,2513,17,27.154161949093343
22665,2514,2514,17,0.9135004409992844
22666,2515,2515,17,44.44405599318144
22667,2516,2516,17,24.65164419581574
22668,2517,2517,17,24.10788225797522
22669,2518,2518,17,2.729218300027489
22670,2519,2519,17,16.757968788058445
22671,2520,2520,17,0.077431261439783
22672,2521,2521,17,13.943573472860209
22673,2522,2522,17,4.812876482143507
22674,2523,2523,17,10.974497098497569
22675,2524,2524,17,35.43085255500396
22676,2525,2525,17,46.50836344099795
22677,2526,2526,17,33.62403660399628
22678,2527,2527,17,1.4810924649655968
22679,2528,2528,17,2.287207445032567
22680,2529,2529,17,0.5341501440003366
22681,2530,2530,17,0.7096503465003073
22682,2531,2531,17,91.91587083480732
22683,2532,2532,17,6.159378143682934
22684,2533,2533,17,50.26952748715258
22685,2534,2534,17,28.478222845842136
22686,2535,2535,17,0.1930500540003627
22687,2536,2536,17,8.686634353520512
22688,2537,2537,17,60.79786424247965
22689,2538,2538,17,25.012369582717447
22690,2539,2539,17,43.61218184827752
22691,2540,2540,17,48.78768467742895
22692,2541,2541,17,4.822615084071377
22693,2542,2542,17,0.0171000225000903
22694,2543,2543,17,30.168434563468857
22695,2544,2544,17,20.73286559401885
22696,2545,2545,17,15.92959314252013
22697,2546,2546,17,22.940057401973306
22698,2547,2547,17,33.95939881523555
22699,2548,2548,17,22.942650923768763
22700,2549,2549,17,3.880339603901863
22701,2550,2550,17,8.023960369095995
22702,2551,2551,17,0.1723747082512378
22703,2552,2552,17,17.502841386252435
22704,2553,2553,17,26.998984337495617
22705,2554,2554,17,17.119757636242927
22706,2555,2555,17,10.029023099611086
22707,2556,2556,17,3.813700149709031
22708,2557,2557,17,6.051818992941599
22709,2558,2558,17,20.70572025290215
22710,2559,2559,17,18.024512633529937
22711,2560,2560,17,27.64256890351289
22712,2561,2561,17,34.608998889559835
22713,2562,2562,17,7.967236108555067
22714,2563,2563,17,30.701713441444145
22715,2564,2564,17,7.364082257952821
22716,2565,2565,17,28.04011761153972
22717,2566,2566,17,54.50490942383357
22718,2567,2567,17,29.883989011498574
22719,2568,2568,17,7.756702118170229
22720,2569,2569,17,36.55096163394606
22721,2570,2570,17,32.5038009278059
22722,2571,2571,17,23.984362638632984
22723,2572,2572,17,16.69285139158503
22724,2573,2573,17,12.745422976007909
22725,2574,2574,17,3.779017290594399
22726,2575,2575,17,2.04218276340636
22727,2576,2576,17,22.50553429134625
22728,2577,2577,17,18.036765456655537
22729,2578,2578,17,25.99738866454584
22730,2579,2579,17,11.952011141954843
22731,2580,2580,17,24.464591272116035
22732,2581,2581,17,30.747710671897657
22733,2582,2582,17,0.3851997615000121
22734,2583,2583,17,3.3990338548282386
22735,2584,2584,17,30.45851607317668
22736,2585,2585,17,12.81959685350848
22737,2586,2586,17,26.76510310598679
22738,2587,2587,17,6.4554165823278575
22739,2588,2588,17,16.046539245900078
22740,2589,2589,17,21.18854292078148
22741,2590,2590,17,77.23364606161327
22742,2591,2591,17,19.001096088751595
22743,2592,2592,17,12.905145562920314
22744,2593,2593,17,28.42871353774716
22745,2594,2594,17,21.32458793132061
22746,2595,2595,17,13.19041264468246
22747,2596,2596,17,2.330856210395843
22748,2597,2597,17,21.043424620957087
22749,2598,2598,17,1.908459256022087
22750,2599,2599,17,13.08695930513355
22751,2600,2600,17,36.22397052497224
22752,2601,2601,17,51.788944478441216
22753,2602,2602,17,57.487834879558015
22754,2603,2603,17,22.97426032295698
22755,2604,2604,17,32.004490622043306
22756,2605,2605,17,4.716300029276743
22757,2606,2606,17,2.9490003352216334
22758,2607,2607,17,3.316334931121752
22759,2608,2608,17,63.846165068878776
22760,2609,2609,17,103.65871761265844
22761,2610,2610,17,26.6725323558667
22762,2611,2611,17,37.10330298124659
22763,2612,2612,17,39.45744831025589
22764,2613,2613,17,12.986475075388425
22765,2614,2614,17,5.517713106530517
22766,2615,2615,17,25.9625618630876
22767,2616,2616,17,10.125269558372915
22768,2617,2617,17,13.258980423630865
22769,2618,2618,17,72.9748916008672
22770,2619,2619,17,81.14560768812653
22771,2620,2620,17,2.4857648229023366
22772,2621,2621,17,1.5381354560974614
22773,2622,2622,17,0.5158511457969547
22774,2623,2623,17,22.480949254709326
22775,2624,2624,17,42.06277949163443
22776,2625,2625,17,30.88626923036986
22777,2626,2626,17,9.189021712203145
22778,2627,2627,17,34.21842745979375
22779,2628,2628,17,1.6467124718434365
22780,2629,2629,17,34.14538768564941
22781,2630,2630,17,15.052798369652018
22782,2631,2631,17,17.890351742851042
22783,2632,2632,17,4.812021869826562
22784,2633,2633,17,6.856479052671574
22785,2634,2634,17,0.7249497839992195
22786,2635,2635,17,1.697019475614041
22787,2636,2636,17,10.660880659384883
22788,2637,2637,17,48.433733164379625
22789,2638,2638,17,52.80321176809967
22790,2639,2639,17,35.08027465325618
22791,2640,2640,17,8.815879536698752
22792,2641,2641,17,4.622697352108892
22793,2642,2642,17,12.172716016009764
22794,2643,2643,17,16.58243655539538
22795,2644,2644,17,47.04965549676555
22796,2645,2645,17,7.014695686733186
22797,2646,2646,17,12.070952372166946
22798,2647,2647,17,25.918047816838747
22799,2648,2648,17,26.356442130308867
22800,2649,2649,17,14.476557001197458
22801,2650,2650,17,4.543406230619617
22802,2651,2651,17,3.0584438638798344
22803,2652,2652,17,14.500728086555242
22804,2653,2653,17,4.906871710946031
22805,2654,2654,17,46.17401180519177
22806,2655,2655,17,1.2591424284447683
22807,2656,2656,17,62.57428015390465
22808,2657,2657,17,4.7952153694760185
22809,2658,2658,17,5.904840085529849
22810,2659,2659,17,10.916160454467478
22811,2660,2660,17,0.4739843101796507
22812,2661,2661,17,45.2284657528219
22813,2662,2662,17,24.67687320335167
22814,2663,2663,17,13.216726531147394
22815,2664,2664,17,18.72339138057175
22816,2665,2665,17,19.416809078429758
22817,2666,2666,17,19.44237640593165
22818,2667,2667,17,3.6916737875722903
22819,2668,2668,17,50.7431591641222
22820,2669,2669,17,1.1067413398841042
22821,2670,2670,17,61.63229321750039
22822,2671,2671,17,26.02725760600452
22823,2672,2672,17,0.1417495545001328
22824,2673,2673,17,11.60394379140122
22825,2674,2674,17,21.529555956583216
22826,2675,2675,17,0.3390590271291435
22827,2676,2676,17,56.89792270563338
22828,2677,2677,17,3.418968015223945
22829,2678,2678,17,14.595864509877954
22830,2679,2679,17,56.37135295317601
22831,2680,2680,17,5.307331803439685
22832,2681,2681,17,2.6924691620689107
22833,2682,2682,17,49.48330780888693
22834,2683,2683,17,2.7845238840390536
22835,2684,2684,17,5.615916947605923
22836,2685,2685,17,4.684827231059024
22837,2686,2686,17,5.811505942836065
22838,2687,2687,17,1.4814001664985716
22839,2688,2688,17,13.112802751487806
22840,2689,2689,17,13.043182922210685
22841,2690,2690,17,1.9654145097334832
22842,2691,2691,17,3.174299465589337
22843,2692,2692,17,147.3009922387087
22844,2693,2693,17,3.72588862776096
22845,2694,2694,17,31.47870963410223
22846,2695,2695,17,13.712408738925102
22847,2696,2696,17,15.73799176130622
22848,2697,2697,17,23.694607865193237
22849,2698,2698,17,9.195474945848446
22850,2699,2699,17,17.336074932648195
22851,2700,2700,17,25.890548802499936
22852,2701,2701,17,3.8990007025008575
22853,2702,2702,17,7.4059732782578545
22854,2703,2703,17,6.085477095243037
22855,2704,2704,17,5.310824935442213
22856,2705,2705,17,16.54882458305972
22857,2706,2706,17,18.404518413239995
22858,2707,2707,17,33.98088276126567
22859,2708,2708,17,16.014324350280248
22860,2709,2709,17,21.84282543822016
22861,2710,2710,17,27.513367995509
22862,2711,2711,17,15.857182481491805
22863,2712,2712,17,6.0313085566315765
22864,2713,2713,17,19.00218992236509
22865,2714,2714,17,5.181112489759267
22866,2715,2715,17,58.56003835623736
22867,2716,2716,17,1.5826492754995227
22868,2717,2717,17,0.114750094500184
22869,2718,2718,17,2.241899712000251
22870,2719,2719,17,3.0999192594590115
22871,2720,2720,17,0.2930803805406392
22872,2721,2721,17,17.04368828202896
22873,2722,2722,17,22.439311726969123
23479,2723,2723,17,12.378272483486418
23481,2724,2724,17,29.722250112445412
23482,2725,2725,17,0.9492993970603942
23483,2726,2726,17,0.0139500990000665
23484,2727,2727,17,19.97234842696739
23485,2728,2728,17,11.47590053353946
23486,2729,2729,17,28.87317179841722
23488,2730,2730,17,0.0026999864998757
23489,2731,2731,17,30.69301909084928
23490,2732,2732,17,4.62793054016146
23491,2733,2733,17,13.689345283852033
23492,2734,2734,17,13.994654644148536
23493,2735,2735,17,14.369743569413096
23494,2736,2736,17,14.41270601659283
23495,2737,2737,17,28.233065698213444
23499,2738,2738,17,131.38056028306517
23501,2739,2739,17,5.396306185610797
23503,2740,2740,17,2.6340000443610547
23504,2741,2741,17,1.0930499280002937
23505,2742,2742,17,5.811925926406398
23506,2743,2743,17,27.227524163588
23507,2744,2744,17,0.002700013500005
23509,2745,2745,17,8.99486978174049
23516,2746,2746,17,2.0589201194733904
23518,2747,2747,17,86.55703838476416
23519,2748,2748,17,37.84951168271149
23523,2749,2749,17,5.29765326591998
23524,2750,2750,17,15.621046198578444
23525,2751,2751,17,55.62706506563188
23526,2752,2752,17,47.517883957899535
23527,2753,2753,17,28.15549941076436
23528,2754,2754,17,2.829251894226785
23529,2755,2755,17,40.8172546517667
23530,2756,2756,17,41.62004425024891
23531,2757,2757,17,6.951839488361314
23532,2758,2758,17,17.882310304632806
23533,2759,2759,17,16.62260230925107
23534,2760,2760,17,8.210198388251376
23535,2761,2761,17,31.21418946827522
23536,2762,2762,17,12.178861355233543
23537,2763,2763,17,11.854040938592703
23538,2764,2764,17,22.30050800391191
23539,2765,2765,17,18.880554832683853
23540,2766,2766,17,18.25614632381533
23541,2767,2767,17,41.35778392361519
23542,2768,2768,17,15.395316067387371
23543,2769,2769,17,52.90602115667194
23544,2770,2770,17,33.96647869484584
23545,2771,2771,17,16.45985203408602
23546,2772,2772,17,15.360097376415592
23547,2773,2773,17,21.32586092686838
23548,2774,2774,17,13.833540139628946
23549,2775,2775,17,18.17465304617309
23550,2776,2776,17,20.556846116839296
23551,2777,2777,17,16.953567690081297
23552,2778,2778,17,33.43878145492358
23553,2779,2779,17,19.678020275930702
23554,2780,2780,17,16.76973030907142
23555,2781,2781,17,19.11348365304789
23556,2782,2782,17,23.3516662479447
23557,2783,2783,17,0.3838497344999909
23558,2784,2784,17,14.547410173898232
23559,2785,2785,17,14.234590028607991
23560,2786,2786,17,40.50442459955658
23561,2787,2787,17,33.40554352205044
23562,2788,2788,17,23.80843226988545
23563,2789,2789,17,2.347737549487099
23564,2790,2790,17,7.857521117514911
23565,2791,2791,17,13.80429904332909
23566,2792,2792,17,7.7050921051751935
23567,2793,2793,17,0.6416138133762972
23568,2794,2794,17,10.984554932169646
23569,2795,2795,17,28.578631326473094
23570,2796,2796,17,2.0280026019629984
23571,2797,2797,17,3.3674974880376274
23572,2798,2798,17,17.7639451242034
23573,2799,2799,17,34.22950442579642
23574,2800,2800,17,29.15082541368878
23575,2801,2801,17,12.899875432317502
23576,2802,2802,17,9.149548618827998
23577,2803,2803,17,56.206651840184456
23578,2804,2804,17,64.56503505048
23579,2805,2805,17,17.90106497652462
23580,2806,2806,17,1.985627602358248
23581,2807,2807,17,2.9558222536423244
23582,2808,2808,17,13.791256621932774
23583,2809,2809,17,9.936343148567587
23584,2810,2810,17,21.020771569244257
23585,2811,2811,17,8.160829362253436
23586,2812,2812,17,44.39915228698732
23587,2813,2813,17,27.80199775799358
23588,2814,2814,17,8.687889105945468
23589,2815,2815,17,92.55626082205605
23590,2816,2816,17,27.975363126338287
23591,2817,2817,17,33.752037265148815
23592,2818,2818,17,16.944991251668245
23593,2819,2819,17,26.786458311845266
23594,2820,2820,17,1.0986972217923403
23595,2821,2821,17,26.84270345770204
23596,2822,2822,17,9.16272378613317
23597,2823,2823,17,22.828226308366983
23598,2824,2824,17,3.826705224372357
23599,2825,2825,17,30.73104406463112
23600,2826,2826,17,57.11762372265793
23601,2827,2827,17,6.16632634486193
23602,2828,2828,17,20.04576449614228
23603,2829,2829,17,16.135585341857336
23604,2830,2830,17,21.75238775840717
23605,2831,2831,17,15.260560837598025
23606,2832,2832,17,71.96270460217747
23607,2833,2833,17,27.30234596033341
23608,2834,2834,17,16.212514306410434
23609,2835,2835,17,16.598785243594765
23610,2836,2836,17,11.243166026465923
23611,2837,2837,17,25.48583328053046
23612,2838,2838,17,1.8756313937984108
23613,2839,2839,17,6.583468120203867
23614,2840,2840,17,16.00789069956237
23615,2841,2841,17,49.252009174434846
23616,2842,2842,17,1.5525002024992705
23617,2843,2843,17,0.9922295370001049
23618,2844,2844,17,7.672970256002296
23619,2845,2845,17,20.05646681840423
23620,2846,2846,17,20.652783991601105
23621,2847,2847,17,12.827261346480611
23622,2848,2848,17,22.77898916651125
23623,2849,2849,17,55.91131938927712
23624,2850,2850,17,72.8818298592258
23625,2851,2851,17,1.1083501215002984
23626,2852,2852,17,26.56678534074728
23627,2853,2853,17,3.886063966248997
23628,2854,2854,17,16.306867758325822
23629,2855,2855,17,19.150882687181653
23630,2856,2856,17,6.944032027297079
23631,2857,2857,17,17.273943307846505
23632,2858,2858,17,5.677775015856549
23633,2859,2859,17,26.03082950708471
23634,2860,2860,17,39.8996526651108
23635,2861,2861,17,1.9304176703131013
23636,2862,2862,17,3.444124908786751
23637,2863,2863,17,2.2443247537133693
23638,2864,2864,17,15.12273965581131
23639,2865,2865,17,60.90836021818716
23640,2866,2866,17,0.0162
23641,2867,2867,17,53.96836099653414
23642,2868,2868,17,7.792339336461216
23643,2869,2869,17,46.887111252507374
23644,2870,2870,17,39.36798952596994
23645,2871,2871,17,1.821599950501412
23646,2872,2872,17,34.81320515927376
23647,2873,2873,17,19.31549399472804
23648,2874,2874,17,50.827049617496726
23649,2875,2875,17,12.773419238390089
23650,2876,2876,17,33.42853023060887
23651,2877,2877,17,0.2455454718182832
23652,2878,2878,17,15.883354546181904
23653,2879,2879,17,33.471532754155
23654,2880,2880,17,38.91546812334161
23655,2881,2881,17,11.771762129153188
23656,2882,2882,17,10.455088023845825
23657,2883,2883,17,33.115350304518785
23658,2884,2884,17,6.186298295968761
23659,2885,2885,17,27.214362252130957
23660,2886,2886,17,0.993888490367908
23661,2887,2887,17,26.53669644696907
23662,2888,2888,17,38.61745484001535
23663,2889,2889,17,0.9391498064998388
23664,2890,2890,17,13.191639996584115
23665,2891,2891,17,7.012009782916301
23666,2892,2892,17,6.068886827674575
23667,2893,2893,17,3.417562929324177
23668,2894,2894,17,13.044508989545376
23669,2895,2895,17,6.267690812454164
23670,2896,2896,17,9.481643279072197
23671,2897,2897,17,15.544207175434352
23672,2898,2898,17,4.577407554882907
23673,2899,2899,17,1.1218423731159457
23674,2900,2900,17,4.3604352749663295
23675,2901,2901,17,12.617163996027838
23676,2902,2902,17,19.59295037356025
23677,2903,2903,17,16.342700031437055
23678,2904,2904,17,12.65362777948455
23679,2905,2905,17,28.84627170302443
23680,2906,2906,17,34.36230174125123
23681,2907,2907,17,74.27849886174144
23682,2908,2908,17,60.23762220394956
23683,2909,2909,17,15.208927193053905
23684,2910,2910,17,51.19311344514521
23685,2911,2911,17,40.61318588886455
23686,2912,2912,17,20.871704094783425
23687,2913,2913,17,15.03829491972749
23688,2914,2914,17,25.27543549773976
23689,2915,2915,17,14.23051336375188
23690,2916,2916,17,13.921249098376633
23691,2917,2917,17,18.753702665620327
23692,2918,2918,17,13.226029363656329
23693,2919,2919,17,10.898470514853967
23694,2920,2920,17,20.983226997832165
23695,2921,2921,17,15.791222507167562
23696,2922,2922,17,7.456491895173308
23697,2923,2923,17,8.41770770883281
23698,2924,2924,17,24.041812055242048
23699,2925,2925,17,15.44163771524556
23700,2926,2926,17,81.20262600872728
23701,2927,2927,17,52.971623752797576
23702,2928,2928,17,15.649088069950452
23703,2929,2929,17,23.64536272654151
23704,2930,2930,17,20.18174930970064
23705,2931,2931,17,12.56925094679857
23706,2932,2932,17,52.61386097379352
23707,2933,2933,17,25.254587977708013
23708,2934,2934,17,2.4602861141186056
23709,2935,2935,17,4.653313714878144
23710,2936,2936,17,0.2695503870002776
23711,2937,2937,17,10.889323949396845
23712,2938,2938,17,10.229176095600982
23713,2939,2939,17,12.06298915085603
23714,2940,2940,17,4.153661150653527
23715,2941,2941,17,22.46858756748872
23716,2942,2942,17,21.630061537032272
23717,2943,2943,17,11.805008483628349
23718,2944,2944,17,23.577591925878085
23719,2945,2945,17,3.467391157426804
23720,2946,2946,17,9.41745805057478
23721,2947,2947,17,18.244732407885312
23722,2948,2948,17,0.488317934118902
23723,2949,2949,17,52.66191773070154
23724,2950,2950,17,13.921433578798664
23725,2951,2951,17,17.51167347527385
23726,2952,2952,17,19.309127276221275
23727,2953,2953,17,19.988489972979785
23728,2954,2954,17,18.861809568020448
23729,2955,2955,17,39.37829500872228
23730,2956,2956,17,8.110655301781877
23731,2957,2957,17,28.958299826610936
23732,2958,2958,17,33.17095127587734
23733,2959,2959,17,13.46175490024878
23734,2960,2960,17,102.6761442553274
23735,2961,2961,17,7.066251685933858
23736,2962,2962,17,23.244416614723264
23737,2963,2963,17,11.33493307927952
23738,2964,2964,17,4.190672249713548
23739,2965,2965,17,47.55212934330563
23740,2966,2966,17,15.328682054953306
23741,2967,2967,17,22.3480171845518
23742,2968,2968,17,11.83099554976715
23743,2969,2969,17,24.51730298773627
23744,2970,2970,17,26.34734989940748
23745,2971,2971,17,60.00630054159948
23746,2972,2972,17,7.21567643791604
23747,2973,2973,17,13.985174052587062
23748,2974,2974,17,2.883775591437757
23749,2975,2975,17,7.670524854064416
23750,2976,2976,17,92.02986626696187
23751,2977,2977,17,24.978684057031693
23752,2978,2978,17,33.37549699873733
23753,2979,2979,17,1.4351522272555348
23754,2980,2980,17,16.25562374828484
23755,2981,2981,17,12.936327016709242
23756,2982,2982,17,13.208688214777396
23757,2983,2983,17,9.826810844716071
23758,2984,2984,17,4.715548136780236
23759,2985,2985,17,137.02303644476572
23760,2986,2986,17,15.745887533414816
23761,2987,2987,17,8.34592705253119
23762,2988,2988,17,35.00149681165847
23763,2989,2989,17,40.08415231085135
23764,2990,2990,17,16.34073151178509
23765,2991,2991,17,26.81831775471859
23766,2992,2992,17,14.895420942629189
23767,2993,2993,17,2.304028224869952
23768,2994,2994,17,42.36022161623599
23769,2995,2995,17,11.232529117273192
23770,2996,2996,17,7.412468024684399
23771,2997,2997,17,8.04683214180758
23772,2998,2998,17,5.658498758702889
23773,2999,2999,17,15.776351466300492
23774,3000,3000,17,25.90470788818688
23775,3001,3001,17,16.630191994809024
23776,3002,3002,17,8.32790395286332
23777,3003,3003,17,27.884496033640414
23778,3004,3004,17,9.444125958837748
23779,3005,3005,17,6.978624527163148
23780,3006,3006,17,0.1862591700682193
23781,3007,3007,17,2.835040829931624
23782,3008,3008,17,7.882800057113886
23783,3009,3009,17,13.423799830381586
23784,3010,3010,17,16.863385904256013
23785,3011,3011,17,40.909864514246856
23786,3012,3012,17,13.240468853933567
23787,3013,3013,17,6.493381600566596
23788,3014,3014,17,0.252000224999994
23789,3015,3015,17,14.978875112004422
23790,3016,3016,17,23.133873965495603
23791,3017,3017,17,16.130699347505672
23792,3018,3018,17,23.413736212822972
23793,3019,3019,17,6.397414007682897
23794,3020,3020,17,22.000727848698467
23795,3021,3021,17,15.999521534790196
23796,3022,3022,17,7.568621174063593
23797,3023,3023,17,18.2937792354386
23798,3024,3024,17,14.771026127430304
23799,3025,3025,17,22.310773562078587
23800,3026,3026,17,23.534955827206463
23801,3027,3027,17,14.884695765801537
23802,3028,3028,17,10.066074550088718
23803,3029,3029,17,13.022525485906362
23804,3030,3030,17,5.9359462157218905
23805,3031,3031,17,3.521704414278388
23806,3032,3032,17,1.5452999684998467
23807,3033,3033,17,4.004231026343465
23808,3034,3034,17,5.8701186811582895
23809,3035,3035,17,1.8085499414989576
23810,3036,3036,17,25.841026380666342
23811,3037,3037,17,11.358224186335391
23812,3038,3038,17,70.50383603431737
23813,3039,3039,17,31.02471148617977
23814,3040,3040,17,1.226159658703491
23815,3041,3041,17,1.6668907732973697
23816,3042,3042,17,11.999314685407043
23817,3043,3043,17,17.909485728589598
23818,3044,3044,17,18.11863611502272
23819,3045,3045,17,9.508213241475072
23820,3046,3046,17,23.48576437059615
23821,3047,3047,17,5.429665743661983
23822,3048,3048,17,8.487485515643597
23823,3049,3049,17,6.834431845930983
23824,3050,3050,17,1.3355019931773684
23825,3051,3051,17,4.315520929750826
23826,3052,3052,17,0.482379583250381
23827,3053,3053,17,0.4618344335498511
23828,3054,3054,17,2.2309663719489725
23829,3055,3055,17,0.0049500225000679
23830,3056,3056,17,45.676712716581584
23831,3057,3057,17,48.60143721141611
23832,3058,3058,17,8.907533298845038
23833,3059,3059,17,0.6918663861538339
23834,3060,3060,17,11.679011434345632
23835,3061,3061,17,32.1904768264071
23836,3062,3062,17,6.658667234299399
23837,3063,3063,17,3.2836320996984543
23838,3064,3064,17,0.1933123665981739
23839,3065,3065,17,2.902687813401915
23840,3066,3066,17,25.292398199623147
23841,3067,3067,17,3.742051138885135
23842,3068,3068,17,0.9352044821498394
23843,3069,3069,17,9.403546170353463
23844,3070,3070,17,81.71471780099229
23845,3071,3071,17,31.9615817220008
23846,3072,3072,17,10.035224174460271
23847,3073,3073,17,21.594375992039183
23848,3074,3074,17,0.0063000224999487
23849,3075,3075,17,4.9475565655894576
23850,3076,3076,17,2.7375431284111014
23851,3077,3077,17,25.48913949922821
23852,3078,3078,17,28.89156028476018
23853,3079,3079,17,0.0023755755774043
23854,3080,3080,17,11.026674217424528
23855,3081,3081,17,18.46651393715328
23856,3082,3082,17,29.15608576584816
23857,3083,3083,17,32.74734966189233
23858,3084,3084,17,25.83050095910873
23859,3085,3085,17,74.53792218833142
23860,3086,3086,17,46.188528986167015
23861,3087,3087,17,10.98158568762733
23862,3088,3088,17,1.3052152078753785
23863,3089,3089,17,23.6898002026164
23864,3090,3090,17,20.365649711876063
23865,3091,3091,17,44.57106411080873
23866,3092,3092,17,7.173985898206942
23867,3093,3093,17,21.47806432626729
23868,3094,3094,17,14.184435763728828
23869,3095,3095,17,7.27841321112775
23870,3096,3096,17,26.477436604370936
23871,3097,3097,17,6.559702932926186
23872,3098,3098,17,3.198547652076892
23873,3099,3099,17,3.945253287716597
23874,3100,3100,17,5.583046320783801
23875,3101,3101,17,10.028423814741725
23876,3102,3102,17,4.624925973758506
23877,3103,3103,17,8.755405113499522
23878,3104,3104,17,36.00204563801135
23879,3105,3105,17,1.463471151735872
23880,3106,3106,17,2.730528668265637
23881,3107,3107,17,82.10802781251465
23882,3108,3108,17,35.87477225049661
23883,3109,3109,17,75.76026313260192
23884,3110,3110,17,45.93008821740638
23885,3111,3111,17,0.0534781236584037
23886,3112,3112,17,24.317171907841995
23887,3113,3113,17,45.51919193239483
23888,3114,3114,17,6.328907257606439
23889,3115,3115,17,9.690541236840748
23890,3116,3116,17,12.118258677661473
23891,3117,3117,17,67.44866653632414
23892,3118,3118,17,51.00618446717113
23893,3119,3119,17,15.917384500590565
23894,3120,3120,17,2.723414959414244
23895,3121,3121,17,8.158680151061297
23896,3122,3122,17,21.75462019994879
23897,3123,3123,17,30.554590562309087
23898,3124,3124,17,7.078909082185865
23899,3125,3125,17,32.55198882142943
23900,3126,3126,17,9.838911498066038
23901,3127,3127,17,17.054884329863757
23902,3128,3128,17,54.51725822944616
23903,3129,3129,17,3.720956153690532
23904,3130,3130,17,0.2484000135002136
23905,3131,3131,17,38.97173758092104
23906,3132,3132,17,11.1591624730655
23907,3133,3133,17,8.600903244598657
23908,3134,3134,17,37.24239671490033
23909,3135,3135,17,15.50591591873884
23910,3136,3136,17,15.108484747261196
23911,3137,3137,17,11.946879976832658
23912,3138,3138,17,21.98401979367988
23913,3139,3139,17,43.13946956157811
23914,3140,3140,17,14.06722979493472
23915,3141,3141,17,19.511914102413268
23916,3142,3142,17,40.63958598759462
23917,3143,3143,17,36.06912081190996
23918,3144,3144,17,5.395678076580166
23919,3145,3145,17,13.237515838432191
23920,3146,3146,17,21.959234386568507
23921,3147,3147,17,27.834329505046263
23922,3148,3148,17,75.12701934295029
23923,3149,3149,17,2.422725291951597
23924,3150,3150,17,6.854024298549062
23925,3151,3151,17,12.627923875365168
23926,3152,3152,17,74.15052612912389
23927,3153,3153,17,17.10354474252294
23928,3154,3154,17,15.865705360977614
23929,3155,3155,17,13.641894002548256
23930,3156,3156,17,4.448555992953479
23931,3157,3157,17,21.141653642738625
23932,3158,3158,17,34.42344669925709
23933,3159,3159,17,0.2434500449999272
23934,3160,3160,17,0.0261000180001109
23935,3161,3161,17,13.290349439905585
23936,3162,3162,17,20.555500749092765
23937,3163,3163,17,24.200176295787184
23938,3164,3164,17,13.063423281208456
23939,3165,3165,17,7.784529001110677
23940,3166,3166,17,35.109919972889806
23941,3167,3167,17,3.992495820039898
23942,3168,3168,17,1.6163046479623169
23943,3169,3169,17,40.23154225197656
23944,3170,3170,17,52.84285618202566
23945,3171,3171,17,6.279686162339329
23946,3172,3172,17,11.034963995150026
23947,3173,3173,17,5.90762768593406
23948,3174,3174,17,3.5468727235636264
23949,3175,3175,17,2.104137818848975
23950,3176,3176,17,2.9160620956552328
23951,3177,3177,17,58.82773975142163
23952,3178,3178,17,51.02805923157378
23953,3179,3179,17,9.05057921296202
23954,3180,3180,17,5.005170620539824
23955,3181,3181,17,38.598390918073285
23956,3182,3182,17,6.11226017542003
23957,3183,3183,17,7.4891745867999795
23958,3184,3184,17,17.39987486421901
23959,3185,3185,17,105.61395266053056
23960,3186,3186,17,11.356347712954872
23961,3187,3187,17,23.21918483271885
23962,3188,3188,17,108.1911638847822
23963,3189,3189,17,0.0053999460000246
23964,3190,3190,17,18.72584886477441
23965,3191,3191,17,68.95125108122119
23966,3192,3192,17,9.29970978153304
23967,3193,3193,17,17.810090263475328
23968,3194,3194,17,15.69706981974548
23969,3195,3195,17,19.17342996426123
23970,3196,3196,17,17.14913404799255
23971,3197,3197,17,21.431165763011524
23972,3198,3198,17,4.8398589380241965
23973,3199,3199,17,1.2531408774760622
23974,3200,3200,17,1.0417503464997262
23975,3201,3201,17,104.34642612653796
23976,3202,3202,17,7.777825263960213
23977,3203,3203,17,45.53242106861418
23978,3204,3204,17,60.56767875137866
23979,3205,3205,17,34.2945389368962
23980,3206,3206,17,5.249661873098583
23981,3207,3207,17,78.46286169097338
23982,3208,3208,17,13.91763768802646
23983,3209,3209,17,68.32603154576897
23984,3210,3210,17,60.937368544231845
23985,3211,3211,17,23.469991451321288
23986,3212,3212,17,8.119108971675738
23987,3213,3213,17,39.22833154537642
23988,3214,3214,17,0.0733189856272228
23989,3215,3215,17,24.65110194296783
23990,3216,3216,17,7.524797773527436
23991,3217,3217,17,1.944450422999777
23992,3218,3218,17,10.420770898034394
23993,3219,3219,17,53.28167993897106
23994,3220,3220,17,1.359053201238036
23995,3221,3221,17,3.4428966637607554
23996,3222,3222,17,1.597167108553566
23997,3223,3223,17,1.9330825944449752
23998,3224,3224,17,7.342726027947463
23999,3225,3225,17,24.622123684064327
24000,3226,3226,17,17.433476045769943
24001,3227,3227,17,25.728419298341542
24002,3228,3228,17,2.0055056053988887
24003,3229,3229,17,19.298575116981915
24004,3230,3230,17,14.131023866011764
24005,3231,3231,17,30.05395913580196
24006,3232,3232,17,9.464893625809074
24007,3233,3233,17,25.419746572383307
24008,3234,3234,17,36.75919378995682
24009,3235,3235,17,54.32070813202101
24010,3236,3236,17,52.10572734724745
24011,3237,3237,17,37.36877218878904
24012,3238,3238,17,33.768284193652256
24013,3239,3239,17,23.886955880163693
24014,3240,3240,17,10.946530277844303
24015,3241,3241,17,8.647929675339606
24016,3242,3242,17,41.96086702657981
24017,3243,3243,17,48.99249776051786
24018,3244,3244,17,13.45113391240589
24019,3245,3245,17,25.008500091823475
24020,3246,3246,17,95.18784941317269
24021,3247,3247,17,0.0661500674999803
24022,3248,3248,17,21.504406946946272
24023,3249,3249,17,4.954694745056003
24024,3250,3250,17,4.476265835517574
24025,3251,3251,17,10.571735091474576
24026,3252,3252,17,3.8424277403726728
24027,3253,3253,17,3.552422025627831
24028,3254,3254,17,61.37877017849064
24029,3255,3255,17,7.308780330008082
24030,3256,3256,17,0.0173404790654182
24031,3257,3257,17,44.67800888192496
24032,3258,3258,17,103.43426621302488
24033,3259,3259,17,11.163635451999314
24034,3260,3260,17,58.1410246123001
24035,3261,3261,17,15.554574244711295
24036,3262,3262,17,23.60115888892317
24037,3263,3263,17,13.8469413180702
24038,3264,3264,17,21.341107506380453
24039,3265,3265,17,11.526892529622817
24040,3266,3266,17,19.432106709878937
24041,3267,3267,17,14.396642943620265
24042,3268,3268,17,42.70867862976074
24043,3269,3269,17,33.039765595335005
24044,3270,3270,17,1.3911077787605426
24045,3271,3271,17,3.980982463824136
24046,3272,3272,17,17.236946518641062
24047,3273,3273,17,7.934319090181258
24048,3274,3274,17,27.334053344888385
24049,3275,3275,17,23.161344832625897
24050,3276,3276,17,3.491049722417116
24051,3277,3277,17,5.466035849995762
24052,3278,3278,17,19.100808027382644
24053,3279,3279,17,2.656406917696392
24054,3280,3280,17,23.500334022263456
24055,3281,3281,17,23.23261353629238
24056,3282,3282,17,2.46731735950288
24057,3283,3283,17,5.112996122784292
24058,3284,3284,17,7.996208200205118
24059,3285,3285,17,14.08568039446162
24060,3286,3286,17,11.606431644654124
24061,3287,3287,17,9.74561845434697
24062,3288,3288,17,11.317130775705548
24063,3289,3289,17,31.689820074794827
24064,3290,3290,17,15.825074824494571
24065,3291,3291,17,22.527525747005203
24066,3292,3292,17,21.75457543354416
24067,3293,3293,17,24.024284761656293
24068,3294,3294,17,84.05963863929664
24069,3295,3295,17,17.694385433810474
24070,3296,3296,17,21.1230644536862
24071,3297,3297,17,32.07300366734606
24072,3298,3298,17,66.72359508616161
24073,3299,3299,17,32.39212805873184
24074,3300,3300,17,26.96242303927874
24075,3301,3301,17,0.0391499730000272
24762,3302,3302,17,45.951522180812326
24764,3303,3303,17,33.552624865921395
24766,3304,3304,17,50.33259520394573
24767,3305,3305,17,6.570805088555466
24768,3306,3306,17,51.62221009084372
24770,3307,3307,17,61.57257226805613
24772,3308,3308,17,0.5026496130001545
24773,3309,3309,17,1.205758181717828
24774,3310,3310,17,9.446641584289766
24775,3311,3311,17,0.005400040499866
24776,3312,3312,17,1.200161971016638
24777,3313,3313,17,1.5947878984828814
24778,3314,3314,17,11.480362736341686
24779,3315,3315,17,39.85608833016443
24780,3316,3316,17,8.467886120771304
24781,3317,3317,17,5.606763672228582
24782,3318,3318,17,43.66172968687551
24783,3319,3319,17,14.097121127627744
24784,3320,3320,17,6.670311135543451
24785,3321,3321,17,12.284139354958857
24786,3322,3322,17,38.76686596977495
24787,3323,3323,17,2.4256843137180955
24788,3324,3324,17,57.01220556531919
24789,3325,3325,17,38.360791905681474
24790,3326,3326,17,1.0880999325004816
24791,3327,3327,17,18.078422671234943
24792,3328,3328,17,33.76584291777581
24793,3329,3329,17,2.213334519009102
24794,3330,3330,17,16.71025824487409
24795,3331,3331,17,3.7120925201254114
24796,3332,3332,17,6.577670610263761
24797,3333,3333,17,8.781279214235738
24798,3334,3334,17,0.9442566891802848
24799,3335,3335,17,6.7364596295433685
24800,3336,3336,17,29.51178431577207
24801,3337,3337,17,7.260484389314487
24802,3338,3338,17,4.544712845174707
24803,3339,3339,17,12.578954173994216
24804,3340,3340,17,9.008433171719194
24805,3341,3341,17,14.950916270294934
24806,3342,3342,17,5.261152917612817
24807,3343,3343,17,13.26714742888936
24808,3344,3344,17,0.6840638673881143
24809,3345,3345,17,6.141535673610929
24810,3346,3346,17,2.692638919749565
24811,3347,3347,17,7.221581428634195
24812,3348,3348,17,3.675329467106052
24813,3349,3349,17,0.2218497885002866
24814,3350,3350,17,2.623099237897247
24815,3351,3351,17,2.997401050103705
24816,3352,3352,17,27.142632324957848
24817,3353,3353,17,24.37381673454896
24818,3354,3354,17,9.355802803114354
24819,3355,3355,17,14.596798083383272
24820,3356,3356,17,1.1761547328654527
24822,3357,3357,17,0.6113432770762816
24824,3358,3358,17,0.0108000539999902
24825,3359,3359,17,1.558144009449843
24827,3360,3360,17,4.577964533728186
24830,3361,3361,17,16.604198153314748
24831,3362,3362,17,0.1980000090004056
24832,3363,3363,17,3.885075728439748
24833,3364,3364,17,1.0550241545602708
24834,3365,3365,17,19.42831911941082
24835,3366,3366,17,24.704530840082715
24836,3367,3367,17,13.28067950676643
24837,3368,3368,17,26.421020097237864
24838,3369,3369,17,1.2110221386729425
24841,3370,3370,17,45.81888943472344
24844,3371,3371,17,34.31374214244985
24846,3372,3372,17,1.0300502024999558
24847,3373,3373,17,32.14999373989418
24848,3374,3374,17,13.581256300607787
24849,3375,3375,17,9.0417718234401
24850,3376,3376,17,20.830128100061348
24851,3377,3377,17,0.02565002700001
24852,3378,3378,17,3.1008697967254077
24854,3379,3379,17,0.0328500044998973
24910,3380,3380,17,0.0018000180000476
24920,3381,3381,17,26.171215811688626
24921,3382,3382,17,17.975583544812263
24922,3383,3383,17,0.0184499549998305
24923,3384,3384,17,4.786300313935831
24924,3385,3385,17,5.428249380065795
24925,3386,3386,17,6.914864207806975
24926,3387,3387,17,1.910535472694972
24927,3388,3388,17,0.0285780073578804
24928,3389,3389,17,2.51122233464213
24929,3390,3390,17,11.524917581409373
24930,3391,3391,17,6.554282108090877
24931,3392,3392,17,3.734604308809489
24932,3393,3393,17,3.2822454166894146
24937,3394,3394,17,10.68971252518874
24938,3395,3395,17,18.061018177414507
24939,3396,3396,17,4.680669256895052
24944,3397,3397,17,33.552158681125505
24945,3398,3398,17,3.768142961378537
24946,3399,3399,17,0.919349932500504
24947,3400,3400,17,16.02859593397977
24948,3401,3401,17,4.899103715019763
24949,3402,3402,17,6.933859329531267
24950,3403,3403,17,1.5207411384694427
24952,3404,3404,17,22.68776437776256
24953,3405,3405,17,0.7051500584993549
24955,3406,3406,17,13.215132646723356
24957,3407,3407,17,13.155234445652642
24959,3408,3408,17,108.27086797452765
24960,3409,3409,17,23.352104020826765
24962,3410,3410,17,55.118246739897415
24965,3411,3411,17,11.79557018013907
24966,3412,3412,17,5.535140315642178
24967,3413,3413,17,14.522944181942014
24968,3414,3414,17,4.892132558188699
24969,3415,3415,17,18.97113259773086
24970,3416,3416,17,1.1266866660422497
24971,3417,3417,17,7.81548804734448
24972,3418,3418,17,14.19862575011888
24973,3419,3419,17,4.839454662269279
24974,3420,3420,17,10.98614540523067
24975,3421,3421,17,35.386563683890685
24976,3422,3422,17,26.655837252114384
24977,3423,3423,17,75.7764189919148
24978,3424,3424,17,9.680380175583322
24979,3425,3425,17,15.961742868582874
24980,3426,3426,17,40.73870690640907
24981,3427,3427,17,34.15852531514774
24982,3428,3428,17,4.036575571356137
24983,3429,3429,17,0.0850595608460605
24984,3430,3430,17,6.771140110655661
24985,3431,3431,17,25.64289037466225
24986,3432,3432,17,12.444208081842758
24987,3433,3433,17,28.05033455417941
24988,3434,3434,17,8.31911547731687
24989,3435,3435,17,9.28933557866098
24990,3436,3436,17,17.173363975836235
24991,3437,3437,17,0.6903001259998978
24992,3438,3438,17,0.0252000494998395
24993,3439,3439,17,23.01352533830108
24994,3440,3440,17,20.81242471121353
24995,3441,3441,17,5.0409898293989
24996,3442,3442,17,18.35630998609705
24997,3443,3443,17,1.572083033906132
24998,3444,3444,17,3.6398169615946414
24999,3445,3445,17,8.279046800530702
25000,3446,3446,17,8.42000361346142
25001,3447,3447,17,18.90242260483192
25002,3448,3448,17,21.339277741672905
25003,3449,3449,17,18.086183188896623
25004,3450,3450,17,7.940466905606522
25005,3451,3451,17,3.004288098464281
25006,3452,3452,17,1.2536125225343089
25007,3453,3453,17,3.959168569555189
25008,3454,3454,17,1.7130813044465334
25009,3455,3455,17,45.32298664153482
25010,3456,3456,17,46.92791358797227
25011,3457,3457,17,41.01886285792855
25012,3458,3458,17,7.546037803572813
25013,3459,3459,17,17.530520784652985
25014,3460,3460,17,4.5667290578512665
25015,3461,3461,17,14.397151053858996
25016,3462,3462,17,28.859099576136217
25017,3463,3463,17,47.073515107432165
25018,3464,3464,17,52.93583460906885
25019,3465,3465,17,28.97860360716432
25020,3466,3466,17,3.119895767337601
25021,3467,3467,17,5.6778925788346735
25022,3468,3468,17,4.592908082667135
25023,3469,3469,17,57.187918687317776
25024,3470,3470,17,49.55478114617944
25025,3471,3471,17,35.98609444269487
25026,3472,3472,17,9.985006740812814
25027,3473,3473,17,44.26027492908037
25028,3474,3474,17,42.80527366691727
25029,3475,3475,17,17.791580416294156
25030,3476,3476,17,47.186170551200384
25031,3477,3477,17,3.2970335932016224
25032,3478,3478,17,0.1900159207983911
25033,3479,3479,17,11.590984830313392
25034,3480,3480,17,3.861564121184468
25035,3481,3481,17,58.84739342469615
25036,3482,3482,17,31.617907200830647
25037,3483,3483,17,68.02528305860567
25038,3484,3484,17,19.353917188879795
25039,3485,3485,17,9.610634987146556
25040,3486,3486,17,8.586465260354876
25041,3487,3487,17,51.98778293739374
25042,3488,3488,17,6.268317328108236
25043,3489,3489,17,15.374620921900243
25044,3490,3490,17,4.866828547099531
25045,3491,3491,17,0.9587640412579924
25046,3492,3492,17,3.023736714742645
25047,3493,3493,17,35.79908603620196
25048,3494,3494,17,3.193412847798299
25049,3495,3495,17,14.440987793960064
25050,3496,3496,17,22.572412777535604
25051,3497,3497,17,13.143739752156296
25052,3498,3498,17,29.219710333344302
25053,3499,3499,17,26.572787832599744
25054,3500,3500,17,30.417911051399532
25055,3501,3501,17,41.63193561705253
25056,3502,3502,17,9.303563545941458
25057,3503,3503,17,59.29286716692021
25058,3504,3504,17,23.265931667561937
25059,3505,3505,17,10.842760398586154
25060,3506,3506,17,8.138240141419582
25061,3507,3507,17,13.05116817677114
25062,3508,3508,17,23.33628108973527
25063,3509,3509,17,22.925620755525827
25064,3510,3510,17,15.076429482983777
25065,3511,3511,17,10.841602281600636
25066,3512,3512,17,11.104898010902106
25067,3513,3513,17,32.47209411222321
25068,3514,3514,17,19.244155595265283
25069,3515,3515,17,0.0922499234999716
25070,3516,3516,17,11.130311377233207
25071,3517,3517,17,29.497938339266312
25072,3518,3518,17,19.732893662082137
25073,3519,3519,17,18.0806057439172
25074,3520,3520,17,20.216869158507677
25075,3521,3521,17,0.5470304184934571
25076,3522,3522,17,11.395153948201568
25077,3523,3523,17,36.67114631730875
25078,3524,3524,17,6.80939846260631
25079,3525,3525,17,8.354701897389367
25080,3526,3526,17,16.747288054624764
25081,3527,3527,17,34.471261576366224
25082,3528,3528,17,6.067272590787094
25083,3529,3529,17,11.52367798071388
25084,3530,3530,17,45.28635359370372
25085,3531,3531,17,28.590597387301603
25086,3532,3532,17,22.161332866947017
25087,3533,3533,17,13.147467439059856
25088,3534,3534,17,15.900961274477435
25089,3535,3535,17,19.68683814952674
25090,3536,3536,17,7.00285899216038
25091,3537,3537,17,23.692991016836107
25092,3538,3538,17,4.88066317158246
25093,3539,3539,17,2.3305869859165966
25094,3540,3540,17,5.791457317770631
25095,3541,3541,17,11.545242142231372
25096,3542,3542,17,27.82975914153947
25097,3543,3543,17,15.231190277956768
25098,3544,3544,17,17.459669958147586
25099,3545,3545,17,19.18202971784881
25100,3546,3546,17,4.764131094562143
25101,3547,3547,17,2.247318752436549
25102,3548,3548,17,11.169954192438505
25103,3549,3549,17,22.09854579856752
25104,3550,3550,17,3.793414921842575
25105,3551,3551,17,5.643985330157638
25106,3552,3552,17,5.664181330320928
25107,3553,3553,17,17.24621853018041
25108,3554,3554,17,5.499546327053935
25109,3555,3555,17,4.743803236447003
25110,3556,3556,17,3.310868383411884
25111,3557,3557,17,7.271781697589334
25112,3558,3558,17,23.609637825006214
25113,3559,3559,17,21.5514622649888
25114,3560,3560,17,26.649892144120024
25115,3561,3561,17,10.807206478883908
25116,3562,3562,17,21.57863831792922
25117,3563,3563,17,27.860613162566715
25118,3564,3564,17,3.207329610936936
25119,3565,3565,17,0.002070960563465
25120,3566,3566,17,0.2925002385000735
25121,3567,3567,17,15.706672441554367
25122,3568,3568,17,0.5882770634462499
25123,3569,3569,17,2.058749918999836
25124,3570,3570,17,0.2857498200001493
25125,3571,3571,17,0.9054002249989176
25126,3572,3572,17,7.421896514106273
25127,3573,3573,17,1.929553688389063
25128,3574,3574,17,0.5269500585004687
25129,3575,3575,17,1.5786002474998833
25130,3576,3576,17,0.4927498919993043
25131,3577,3577,17,56.32366328279391
25132,3578,3578,17,19.184537297706463
25133,3579,3579,17,32.75466714030385
25134,3580,3580,17,6.218483498657838
25135,3581,3581,17,4.200907716485888
25136,3582,3582,17,1.1585924455150665
25137,3583,3583,17,0.634949963999942
25138,3584,3584,17,14.7298917602017
25139,3585,3585,17,32.896759940802575
25140,3586,3586,17,46.27230871431543
25141,3587,3587,17,33.94784062870517
25142,3588,3588,17,1.4319864508580007
25143,3589,3589,17,2.0451641656420865
25144,3590,3590,17,16.471883387591614
25145,3591,3591,17,12.301116292911155
25146,3592,3592,17,23.839523941770093
25147,3593,3593,17,17.02587578372597
25148,3594,3594,17,20.48193355310555
25149,3595,3595,17,18.583917697892414
25150,3596,3596,17,28.310986218715907
25151,3597,3597,17,16.441063911776457
25152,3598,3598,17,15.101867626295448
25153,3599,3599,17,13.7431309517007
25154,3600,3600,17,4.6617973060531614
25155,3601,3601,17,11.356852716450398
25156,3602,3602,17,8.005549348058164
25157,3603,3603,17,9.48820026494202
25158,3604,3604,17,5.576016545229882
25159,3605,3605,17,4.615132631268333
25160,3606,3606,17,26.544675584423363
25161,3607,3607,17,14.035425743071512
25162,3608,3608,17,21.360343281439736
25163,3609,3609,17,56.50630462605673
25164,3610,3610,17,61.50531375824699
25165,3611,3611,17,23.04923725425553
25166,3612,3612,17,22.677383048330007
25167,3613,3613,17,64.18161687067308
25168,3614,3614,17,27.1210446195693
25169,3615,3615,17,14.183103796435145
25170,3616,3616,17,8.27330979341495
25171,3617,3617,17,1.992990404583033
25172,3618,3618,17,0.1570500719996988
25173,3619,3619,17,41.12221106289363
25174,3620,3620,17,15.521989175605114
25175,3621,3621,17,24.82740078342572
25176,3622,3622,17,9.220949000578
25177,3623,3623,17,10.401765087028116
25178,3624,3624,17,21.78853561048255
25179,3625,3625,17,7.698840567573942
25180,3626,3626,17,77.14775982842602
25181,3627,3627,17,1.0331999504993707
25182,3628,3628,17,21.57543858073327
25183,3629,3629,17,15.221511243780702
25184,3630,3630,17,61.09202573991154
25185,3631,3631,17,23.336973477080203
25186,3632,3632,17,24.19491120080182
25187,3633,3633,17,3.434189136698459
25188,3634,3634,17,21.165035710553944
25189,3635,3635,17,19.850663168945367
25190,3636,3636,17,28.96461161019802
25191,3637,3637,17,26.870038146802507
25192,3638,3638,17,29.929944529845088
25193,3639,3639,17,12.069005582650997
25194,3640,3640,17,39.7672883876867
25195,3641,3641,17,15.805911171302654
25196,3642,3642,17,30.62858437944795
25197,3643,3643,17,14.658065400044094
25198,3644,3644,17,3.974795879686564
25199,3645,3645,17,1.989503593813157
25200,3646,3646,17,2.780014131248623
25201,3647,3647,17,2.84318564374952
25202,3648,3648,17,8.007287145002783
25203,3649,3649,17,14.644363610997058
25204,3650,3650,17,8.016358394884616
25205,3651,3651,17,1.8323418391149249
25206,3652,3652,17,25.00911993228951
25207,3653,3653,17,9.548315938987386
25208,3654,3654,17,7.399837150362935
25209,3655,3655,17,1.9618269603639824
25210,3656,3656,17,27.494991443013475
25211,3657,3657,17,0.2056588404960893
25212,3658,3658,17,9.258625202188254
25213,3659,3659,17,5.051824545812959
25214,3660,3660,17,30.33346517626458
25215,3661,3661,17,7.74733456724146
25216,3662,3662,17,0.3941998109996803
25217,3663,3663,17,22.43181625049638
25218,3664,3664,17,33.005177552612146
25219,3665,3665,17,7.4158554364137235
25220,3666,3666,17,14.384749938374917
25221,3667,3667,17,13.859950264137405
25222,3668,3668,17,27.92599840005807
25223,3669,3669,17,20.03365220295104
25224,3670,3670,17,14.270322757302688
25225,3671,3671,17,7.265776482199559
25226,3672,3672,17,2.4398872730286123
25227,3673,3673,17,3.210763032971069
25228,3674,3674,17,39.88657646891667
25229,3675,3675,17,2.830123571585432
25230,3676,3676,17,23.851349968501328
25231,3677,3677,17,17.718857316087483
25232,3678,3678,17,12.853242602910314
25233,3679,3679,17,18.64642731682521
25234,3680,3680,17,12.450822966673565
25235,3681,3681,17,1.2505499774998314
25236,3682,3682,17,8.987511865519524
25237,3683,3683,17,23.59024446829445
25238,3684,3684,17,2.171422631647824
25239,3685,3685,17,10.86777130903012
25240,3686,3686,17,5.825328402896732
25241,3687,3687,17,24.339385232541357
25242,3688,3688,17,19.2844367425722
25243,3689,3689,17,3.427385321582418
25244,3690,3690,17,16.090018339498883
25245,3691,3691,17,1.740596037422227
25246,3692,3692,17,0.1147500405000224
25247,3693,3693,17,1.8057741302949768
25248,3694,3694,17,4.306126670703113
25249,3695,3695,17,1.8319498379990455
25250,3696,3696,17,13.816697165249794
25251,3697,3697,17,2.8135031542516016
25252,3698,3698,17,19.379514477513432
25253,3699,3699,17,2.291749460422739
25254,3700,3700,17,1.7285260909190774
25255,3701,3701,17,13.903860326645534
25256,3702,3702,17,3.3220252864521966
25257,3703,3703,17,2.7210242590462563
25258,3704,3704,17,2.170203446607076
25259,3705,3705,17,4.025847291393954
25260,3706,3706,17,1.3558496129993796
25261,3707,3707,17,1.9847096837915292
25262,3708,3708,17,29.51538436577761
25263,3709,3709,17,29.856737221617152
25264,3710,3710,17,30.10251868382855
25265,3711,3711,17,0.5899497975001037
25266,3712,3712,17,0.0162000404999554
25267,3713,3713,17,1.3095004994997232
25268,3714,3714,17,43.40385597864424
25269,3715,3715,17,12.515844421840503
25270,3716,3716,17,0.1025103142147075
25271,3717,3717,17,4.338539465284832
25272,3718,3718,17,1.0748437569957825
25273,3719,3719,17,1.6152555365042984
25274,3720,3720,17,1.3492909451544284
25275,3721,3721,17,6.850159428347148
25276,3722,3722,17,0.2368093105812743
25277,3723,3723,17,3.706990869418991
25278,3724,3724,17,6.603837537028328
25279,3725,3725,17,5.761263142473228
25280,3726,3726,17,1.459799923500225
25281,3727,3727,17,5.5495289264901055
25282,3728,3728,17,8.626370893510812
25283,3729,3729,17,33.23701585177252
25284,3730,3730,17,11.967283873713896
25285,3731,3731,17,79.48383995200005
25286,3732,3732,17,3.668510039005257
25287,3733,3733,17,23.395405329876063
25288,3734,3734,17,26.80794582663264
25289,3735,3735,17,3.674839056661315
25290,3736,3736,17,5.051629170065947
25291,3737,3737,17,16.944232169273025
25292,3738,3738,17,10.225029100157812
25293,3739,3739,17,3.616380343622968
25294,3740,3740,17,20.443661281686182
25295,3741,3741,17,16.168929333045718
25296,3742,3742,17,0.5287501439999863
25297,3743,3743,17,1.1700004274999949
25298,3744,3744,17,3.475762117660664
25299,3745,3745,17,5.2681871668466895
25300,3746,3746,17,38.38418221609889
25301,3747,3747,17,7.689591986661136
25302,3748,3748,17,13.403176647739768
25303,3749,3749,17,4.877182588313848
25304,3750,3750,17,12.579320203232978
25305,3751,3751,17,1.946146821464002
25306,3752,3752,17,18.6506524058404
25307,3753,3753,17,35.38219739615818
25308,3754,3754,17,18.46797057408336
25309,3755,3755,17,28.541730006426715
25310,3756,3756,17,16.712856586835095
25311,3757,3757,17,25.952993795665574
25312,3758,3758,17,17.891341471778926
25313,3759,3759,17,40.9509597479724
25314,3760,3760,17,12.443998424758266
25315,3761,3761,17,14.090811994482127
25316,3762,3762,17,39.289895812479614
25317,3763,3763,17,6.710584880473361
25318,3764,3764,17,1.3494066598199006
25319,3765,3765,17,4.091023542248711
25320,3766,3766,17,17.770926471537578
25321,3767,3767,17,92.42805929870109
25322,3768,3768,17,24.82259116479086
25323,3769,3769,17,4.07369029049021
25324,3770,3770,17,19.85325917852155
25325,3771,3771,17,1.3112995995011032
25326,3772,3772,17,50.26841413519678
25327,3773,3773,17,1.9900866073111445
25328,3774,3774,17,54.09016149803527
25329,3775,3775,17,34.425289743962644
25330,3776,3776,17,43.16668267376632
25331,3777,3777,17,4.249817938242003
25332,3778,3778,17,10.63255700758341
25333,3779,3779,17,7.214892483919636
25334,3780,3780,17,3.239212288242872
25335,3781,3781,17,2.680088179756857
25336,3782,3782,17,5.00302472704643
25337,3783,3783,17,5.920199606305885
25338,3784,3784,17,8.66122619314728
25339,3785,3785,17,0.0441001575000956
25340,3786,3786,17,42.50286899407389
25341,3787,3787,17,4.2822813929275725
25342,3788,3788,17,3.834037261531651
25343,3789,3789,17,12.43897528111247
25344,3790,3790,17,27.459106796212897
25345,3791,3791,17,22.691029693633304
25346,3792,3792,17,6.015159067502335
25347,3793,3793,17,23.560720848216825
25348,3794,3794,17,2.5996126610304566
25349,3795,3795,17,1.311706644749198
25350,3796,3796,17,7.639678590512671
25351,3797,3797,17,8.219221346487553
25352,3798,3798,17,12.054412321765392
25353,3799,3799,17,4.712588164234177
25354,3800,3800,17,8.044687354746968
25355,3801,3801,17,11.66366537393792
25356,3802,3802,17,3.257364580793053
25357,3803,3803,17,16.500182731025255
25358,3804,3804,17,4.248007271899015
25359,3805,3805,17,1.5074922736008614
25360,3806,3806,17,1.5318380236556233
25361,3807,3807,17,5.405690287501346
25362,3808,3808,17,4.5496213783420325
25363,3809,3809,17,29.89598988977432
25364,3810,3810,17,9.837211136227996
25365,3811,3811,17,2.672298041786462
25366,3812,3812,17,5.060951746712327
25367,3813,3813,17,1.5206030576114058
25368,3814,3814,17,1.5722469828867986
25369,3815,3815,17,5.1271137989258095
25370,3816,3816,17,5.195435274075486
25371,3817,3817,17,2.847889088219341
25372,3818,3818,17,6.075862013516039
25373,3819,3819,17,3.021498605760671
25374,3820,3820,17,21.85091686220576
25375,3821,3821,17,20.6655329847927
25376,3822,3822,17,3.4880604548895136
25377,3823,3823,17,4.535439563109309
25378,3824,3824,17,48.06676019865003
25379,3825,3825,17,11.344489103839338
25380,3826,3826,17,25.32913037965663
25381,3827,3827,17,8.016319813842133
25382,3828,3828,17,9.789841537346632
25383,3829,3829,17,11.416705700555625
25384,3830,3830,17,9.951214483065757
25385,3831,3831,17,3.935938589533411
25386,3832,3832,17,4.874893909717367
25387,3833,3833,17,5.067855037276097
25388,3834,3834,17,6.641257815350458
25389,3835,3835,17,1.0415924276499375
25390,3836,3836,17,57.16908766552885
25391,3837,3837,17,21.748763895996184
25392,3838,3838,17,6.429974581087947
25393,3839,3839,17,1.1255253874128317
25394,3840,3840,17,6.889938991439134
25395,3841,3841,17,49.83031152156012
25396,3842,3842,17,6.072305720603175
25397,3843,3843,17,0.2362441443956727
25398,3844,3844,17,5.753613479710043
25399,3845,3845,17,1.902686902788803
25400,3846,3846,17,21.135332718974173
25401,3847,3847,17,9.299966129019268
25402,3848,3848,17,31.95479004312782
25403,3849,3849,17,16.8706597813687
25404,3850,3850,17,14.295474179588258
25405,3851,3851,17,24.79062654490757
25406,3852,3852,17,12.891069492547366
25407,3853,3853,17,4.9896797514534
25408,3854,3854,17,0.0008999820000939
25409,3855,3855,17,0.3132002565002441
25410,3856,3856,17,0.0094499999998509
25411,3857,3857,17,25.234107784539106
25412,3858,3858,17,34.51644149545489
25413,3859,3859,17,24.257971526256423
25414,3860,3860,17,15.819928734749585
25415,3861,3861,17,0.1411123406077984
25416,3862,3862,17,23.63103672789149
25417,3863,3863,17,31.756933775858112
25418,3864,3864,17,14.133616764137276
25703,3865,3865,17,2.303550908993751
25704,3866,3866,17,5.827162020918161
25705,3867,3867,17,1.9078885460777617
25706,3868,3868,17,5.158732537162516
25707,3869,3869,17,10.918867327837624
25708,3870,3870,17,60.13061507987359
25709,3871,3871,17,13.362934416136945
25710,3872,3872,17,8.76284522216192
25711,3873,3873,17,7.41510406233941
25712,3874,3874,17,34.87238056318325
25713,3875,3875,17,7.6664567163140545
25716,3876,3876,17,38.03425916632277
25717,3877,3877,17,1.1553411081762472
25718,3878,3878,17,1.4515649305222034
25719,3879,3879,17,4.142384763478711
25720,3880,3880,17,3.851202574658304
25721,3881,3881,17,5.396296687341937
25765,3882,3882,17,19.80682416487813
25766,3883,3883,17,51.79203030240226
25767,3884,3884,17,37.666169391592746
25768,3885,3885,17,1.8715496129974425
25769,3886,3886,17,1.974599955001768
25770,3887,3887,17,6.787881811813039
25771,3888,3888,17,4.469768201692652
25772,3889,3889,17,14.892404313702196
25773,3890,3890,17,10.832578514085702
25774,3891,3891,17,7.742766073891005
25775,3892,3892,17,12.29950123783444
25776,3893,3893,17,3.7914386914961486
25777,3894,3894,17,2.0668735124242725
25778,3895,3895,17,5.366982386294168
25779,3896,3896,17,3.606705157782758
25780,3897,3897,17,0.9594002159963696
25781,3898,3898,17,1.4418001845029071
25782,3899,3899,17,32.37702967632687
25783,3900,3900,17,6.728532886418583
25784,3901,3901,17,5.55494964769342
25785,3902,3902,17,8.03279988430993
25786,3903,3903,17,37.509443564543865
25787,3904,3904,17,8.881506385958252
25788,3905,3905,17,44.93390280368391
25789,3906,3906,17,10.062398258317309
25790,3907,3907,17,26.9941697571143
25791,3908,3908,17,49.35553039138112
25792,3909,3909,17,8.049187997703106
25793,3910,3910,17,2.856561727812823
25848,3911,3911,17,16.74252632641804
25849,3912,3912,17,16.482773867070836
25850,3913,3913,17,11.270670374425114
25851,3914,3914,17,2.9340291755751986
25853,3915,3915,17,0.2370450120015926
25854,3916,3916,17,52.7032795993813
25855,3917,3917,17,6.722369518617276
25856,3918,3918,17,19.873538129104027
25857,3919,3919,17,13.741011582893451
25858,3920,3920,17,5.682736370779425
25859,3921,3921,17,18.67081353022174
25860,3922,3922,17,21.729843209590868
25861,3923,3923,17,35.64245688039915
25862,3924,3924,17,7.663727635793507
25863,3925,3925,17,0.6239220672058166
25864,3926,3926,17,1.5848998110020458
25865,3927,3927,17,6.34987492259109
25866,3928,3928,17,0.0851249109090939
25867,3929,3929,17,1.703699869501859
25868,3930,3930,17,3.8582745920511337
25869,3931,3931,17,4.209325268444577
25870,3932,3932,17,0.3474170586545653
25871,3933,3933,17,2.3183831663421466
25872,3934,3934,17,8.012665326184452
25873,3935,3935,17,18.647735657261617
25874,3936,3936,17,2.381249925545268
25875,3937,3937,17,1.2132009179969914
25876,3938,3938,17,13.413668535750531
25877,3939,3939,17,5.149931660454028
25878,3940,3940,17,7.859283115925241
25879,3941,3941,17,3.481415787866184
25880,3942,3942,17,3.761560408407137
25881,3943,3943,17,4.506739722092986
25882,3944,3944,17,8.873884318121135
25883,3945,3945,17,5.9720650518820415
25885,3946,3946,17,26.885685013888747
25886,3947,3947,17,19.838336296992004
25888,3948,3948,17,16.058311171073377
25891,3949,3949,17,11.533797477441269
25892,3950,3950,17,15.40470556545031
25893,3951,3951,17,4.534051442333996
25895,3952,3952,17,9.219521582565095
25897,3953,3953,17,16.102586600651087
25898,3954,3954,17,75.72914302780464
25902,3955,3955,17,3.615234584991861
25903,3956,3956,17,2.846577754199644
25904,3957,3957,17,10.337605758279963
25905,3958,3958,17,26.5289990204172
25908,3959,3959,17,15.174306678510048
25910,3960,3960,17,71.11349819350598
25913,3961,3961,17,9.795583295378714
25916,3962,3962,17,252.1033183832882
25918,3963,3963,17,6.8934663732176125
25919,3964,3964,17,13.68410940544214
25922,3965,3965,17,176.47374365256934
25923,3966,3966,17,35.935191926742284
25926,3967,3967,17,27.655067895193454
25927,3968,3968,17,3.349895465857953
25928,3969,3969,17,0.1948499774996638
25930,3970,3970,17,35.09972070961635
25931,3971,3971,17,1.632429876532958
25933,3972,3972,17,14.097180368533207
25935,3973,3973,17,8.196647604506254
25939,3974,3974,17,22.366203588089917
25942,3975,3975,17,24.299523307875837
25943,3976,3976,17,5.917526492605921
26055,3977,3977,17,30.79655598635138
26056,3978,3978,17,21.014098337308425
26057,3979,3979,17,6.332286699591566
26058,3980,3980,17,3.4913089227448704
26059,3981,3981,17,53.21565713853407
26060,3982,3982,17,8.207929453178545
26061,3983,3983,17,14.045913709782642
26108,3984,3984,17,44.24092753640522
26109,3985,3985,17,1.7774216625759154
26116,3986,3986,17,13.709179519198956
26117,3987,3987,17,16.774270714802544
26118,3988,3988,17,20.312964853554337
26119,3989,3989,17,31.914934408446967
26126,3990,3990,17,16.762952845845163
26127,3991,3991,17,23.05214739265481
26132,3992,3992,17,3.4571469023321866
26133,3993,3993,17,30.04753720029736
26134,3994,3994,17,11.062107111963536
26135,3995,3995,17,6.7705587539015415
26136,3996,3996,17,11.136234078111674
26137,3997,3997,17,4.853193231571937
26138,3998,3998,17,2.2210167804276515
26139,3999,3999,17,1.812305473389224
26140,4000,4000,17,8.14076801580934
26141,4001,4001,17,2.8705648578565186
26142,4002,4002,17,3.008803103357747
26143,4003,4003,17,7.216714144479271
26144,4004,4004,17,6.603870183168597
26145,4005,4005,17,121.95519911388952
26146,4006,4006,17,7.169931161926976
26147,4007,4007,17,9.7625492981036
26148,4008,4008,17,1.5391284936662015
26149,4009,4009,17,3.702065996513091
26150,4010,4010,17,7.528657017219814
26151,4011,4011,17,6.62949200875891
26152,4012,4012,17,13.285768339095783
26153,4013,4013,17,36.455876311183616
26154,4014,4014,17,61.04196368746895
26155,4015,4015,17,10.792056215101033
26156,4016,4016,17,16.00798670678769
26157,4017,4017,17,6.678607132128857
26158,4018,4018,17,13.736147719973893
26159,4019,4019,17,9.246251956030369
26163,4020,4020,17,14.941236654083164
26164,4021,4021,17,41.47833065987039
26165,4022,4022,17,8.582931916554395
26166,4023,4023,17,20.907136342524822
26167,4024,4024,17,29.91676321646785
26168,4025,4025,17,63.48833479695651
26169,4026,4026,17,52.95231403305572
26170,4027,4027,17,10.066146668567002
26171,4028,4028,17,5.419226463938473
26172,4029,4029,17,3.1700078002958594
26173,4030,4030,17,21.08546969719383
26174,4031,4031,17,46.97748628276762
26175,4032,4032,17,59.19056313674688
26180,4033,4033,17,0.4108498965002224
26181,4034,4034,17,25.41460815384133
26182,4035,4035,17,48.86419168866328
26183,4036,4036,17,56.314800043658494
26184,4037,4037,17,19.54485033883574
26185,4038,4038,17,9.389382260600186
26186,4039,4039,17,50.25856782939423
26187,4040,4040,17,6.752435169422776
26188,4041,4041,17,51.036856973001136
26189,4042,4042,17,14.534257479563362
26190,4043,4043,17,16.00484505914819
26191,4044,4044,17,3.886504607855693
26192,4045,4045,17,3.242958157530367
26193,4046,4046,17,10.829441788474272
26194,4047,4047,17,38.14158565874618
26195,4048,4048,17,34.50852796808237
26196,4049,4049,17,37.03198657568622
26197,4050,4050,17,2.7872501380542443
26198,4051,4051,17,14.503842983163263
26199,4052,4052,17,7.62900651878432
26200,4053,4053,17,60.47845348792898
26201,4054,4054,17,6.8714923913792525
26202,4055,4055,17,2.3408233793191724
26203,4056,4056,17,40.926879985375095
26204,4057,4057,17,13.037712867326052
26205,4058,4058,17,4.492564263266781
26206,4059,4059,17,20.659703950648897
26207,4060,4060,17,10.4680688242361
26208,4061,4061,17,33.94833066815332
26209,4062,4062,17,5.809168913348262
26210,4063,4063,17,18.247448788441183
26211,4064,4064,17,14.28440086955367
26212,4065,4065,17,7.587264938783642
26213,4066,4066,17,39.12768453020542
26214,4067,4067,17,1.9629005805003343
26215,4068,4068,17,15.148967284733542
26216,4069,4069,17,30.736290522570773
26217,4070,4070,17,4.201092030695658
26218,4071,4071,17,15.079428829552532
26219,4072,4072,17,23.46937151694744
26220,4073,4073,17,1.3897143197998292
26221,4074,4074,17,10.238686837979406
26222,4075,4075,17,17.32774951722441
26223,4076,4076,17,2.576180919677613
26224,4077,4077,17,7.186567941811539
26225,4078,4078,17,3.527836432364404
26226,4079,4079,17,3.0444129916323983
26227,4080,4080,17,15.775037139215886
26228,4081,4081,17,13.673412910281344
26229,4082,4082,17,15.681590910593458
26230,4083,4083,17,18.74475853591299
26231,4084,4084,17,15.54153908226338
26232,4085,4085,17,5.101761826735117
26233,4086,4086,17,18.21144024043095
26234,4087,4087,17,4.442008846071154
26235,4088,4088,17,38.92299760777222
26236,4089,4089,17,22.38500289623146
26237,4090,4090,17,13.722260588094578
26238,4091,4091,17,27.17103974040167
26239,4092,4092,17,24.543397639855588
26240,4093,4093,17,11.865203282649189
26241,4094,4094,17,16.44588949945947
26242,4095,4095,17,22.110560775040877
26243,4096,4096,17,16.28306305559429
26244,4097,4097,17,22.03938730890551
26245,4098,4098,17,0.9585475320866852
26246,4099,4099,17,42.946332949071376
26247,4100,4100,17,21.5624706033628
26248,4101,4101,17,11.499459330701145
26249,4102,4102,17,2.670544289357254
26250,4103,4103,17,9.110263651961342
26251,4104,4104,17,1.4985330339785534
26252,4105,4105,17,4.899843800444752
26253,4106,4106,17,1.3070055875536883
26254,4107,4107,17,28.8083800109857
26255,4108,4108,17,3.175732154847309
26256,4109,4109,17,2.7477759029530584
26257,4110,4110,17,1.598411881715497
26258,4111,4111,17,8.743993691216879
26259,4112,4112,17,28.57000616027834
26260,4113,4113,17,26.81948089637781
26261,4114,4114,17,5.238164742971398
26262,4115,4115,17,18.06875424815305
26263,4116,4116,17,8.356624694092549
26264,4117,4117,17,2.4879262644058167
26265,4118,4118,17,0.6826499820002243
26266,4119,4119,17,7.388551121173561
26267,4120,4120,17,10.968299747325666
26268,4121,4121,17,24.71453064126432
26269,4122,4122,17,13.764969741240344
26270,4123,4123,17,26.810428582631356
26271,4124,4124,17,10.940970553368397
26272,4125,4125,17,48.071540949329865
26273,4126,4126,17,9.947921081085967
26274,4127,4127,17,33.996538388095736
26275,4128,4128,17,0.0517498830000758
26276,4129,4129,17,43.13091784344324
26277,4130,4130,17,33.129102873639404
26278,4131,4131,17,12.062380646427542
26279,4132,4132,17,0.756900454500258
26280,4133,4133,17,24.46442229549813
26281,4134,4134,17,13.70541635692051
26282,4135,4135,17,12.049711491578297
26283,4136,4136,17,2.438538050000697
26284,4137,4137,17,0.3402117925007381
26285,4138,4138,17,27.646295749414328
26286,4139,4139,17,13.23125498858318
26287,4140,4140,17,38.29554526774025
26288,4141,4141,17,5.99030283327136
26289,4142,4142,17,11.456240689551723
26290,4143,4143,17,20.988759665949495
26291,4144,4144,17,4.741335262166903
26292,4145,4145,17,2.388464391331375
26293,4146,4146,17,2.8578119500231147
26294,4147,4147,17,27.940188526971763
26295,4148,4148,17,20.853453788233583
26296,4149,4149,17,3.830397309766501
26297,4150,4150,17,32.23705417594235
26298,4151,4151,17,6.649244564053468
26299,4152,4152,17,31.927127946275384
26300,4153,4153,17,6.839471743227092
26301,4154,4154,17,17.779411237045565
26302,4155,4155,17,24.23348905995273
26303,4156,4156,17,46.04913894917366
26304,4157,4157,17,13.713110920331877
26305,4158,4158,17,40.98760833757565
26306,4159,4159,17,39.79279220692688
26307,4160,4160,17,58.767797667170754
26308,4161,4161,17,68.89180373233992
26309,4162,4162,17,29.772418076469748
26310,4163,4163,17,17.736783719026842
26311,4164,4164,17,10.117667482677854
26312,4165,4165,17,10.400082494823009
26313,4166,4166,17,0.3734999414998591
26314,4167,4167,17,22.131264439811616
26315,4168,4168,17,4.491636109182015
26316,4169,4169,17,2.27012973452859
26317,4170,4170,17,31.54016989647665
26318,4171,4171,17,10.877393287269385
26319,4172,4172,17,22.99005675323993
26320,4173,4173,17,21.271519990121632
26321,4174,4174,17,14.718580270883116
26322,4175,4175,17,2.0368134584849518
26323,4176,4176,17,51.74088682952204
26324,4177,4177,17,24.121230353921277
26325,4178,4178,17,5.430719245584778
26326,4179,4179,17,8.336359117010653
26327,4180,4180,17,10.477241652486592
26328,4181,4181,17,38.787700192419706
26329,4182,4182,17,38.15329765207072
26330,4183,4183,17,1.97100024300009
26331,4184,4184,17,1.5228207990022005
26332,4185,4185,17,11.339979065998524
26333,4186,4186,17,12.67995662212494
26334,4187,4187,17,22.68824399437012
26335,4188,4188,17,9.817835966779976
26336,4189,4189,17,32.88626292170785
26337,4190,4190,17,24.471041571713776
26338,4191,4191,17,10.537159076283768
26339,4192,4192,17,4.028371422787607
26340,4193,4193,17,16.438978352214733
26341,4194,4194,17,1.0052999955002442
26342,4195,4195,17,48.42812202931321
26343,4196,4196,17,3.4420291632139906
26344,4197,4197,17,14.182787177965462
26345,4198,4198,17,7.856862831046015
26346,4199,4199,17,12.105869245983063
26347,4200,4200,17,22.271430709015007
26348,4201,4201,17,8.589061684606925
26349,4202,4202,17,73.85588802289492
26350,4203,4203,17,36.33204512963039
26351,4204,4204,17,6.319404919873893
26352,4205,4205,17,18.0764260919708
26353,4206,4206,17,12.33007356152503
26354,4207,4207,17,23.20331081395866
26355,4208,4208,17,40.44783802504395
26356,4209,4209,17,2.1541373384014366
26357,4210,4210,17,11.343162310591667
26358,4211,4211,17,8.021800812094718
26359,4212,4212,17,38.2849992734068
26360,4213,4213,17,0.5395500359997414
26361,4214,4214,17,24.547933711158365
26362,4215,4215,17,13.824915901836508
26363,4216,4216,17,46.48880010179042
26364,4217,4217,17,17.60604948871096
26365,4218,4218,17,4.681333965999834
26366,4219,4219,17,29.154129794158973
26367,4220,4220,17,6.970626436045922
26368,4221,4221,17,2.1509094393000807
26369,4222,4222,17,22.63991295220333
26370,4223,4223,17,4.239487218798176
26371,4224,4224,17,5.760450300978128
26372,4225,4225,17,14.505748646013943
26373,4226,4226,17,0.5996848269914277
26374,4227,4227,17,5.48386448900716
26375,4228,4228,17,16.927347643836825
26376,4229,4229,17,28.176603400159543
26377,4230,4230,17,8.205339443072706
26378,4231,4231,17,0.7780101159289219
26379,4232,4232,17,12.99533839647478
26380,4233,4233,17,13.97091179252074
26381,4234,4234,17,32.80104270607203
26382,4235,4235,17,19.14200606992613
26383,4236,4236,17,12.807236018249988
26384,4237,4237,17,30.1272639727574
26385,4238,4238,17,35.007805688731075
26386,4239,4239,17,36.21774480627483
26387,4240,4240,17,29.24166551878579
26388,4241,4241,17,17.408932591211318
26389,4242,4242,17,30.81313486956704
26390,4243,4243,17,15.784365530922354
26391,4244,4244,17,8.730600493147433
26392,4245,4245,17,22.66949953835255
26393,4246,4246,17,34.77675701125957
26394,4247,4247,17,14.003243020246476
26395,4248,4248,17,42.321053156643465
26396,4249,4249,17,15.971047455342054
26397,4250,4250,17,24.80151197009152
26398,4251,4251,17,18.95018888940963
26399,4252,4252,17,33.93713708777994
26400,4253,4253,17,10.217313884216338
26401,4254,4254,17,5.428169561763525
26402,4255,4255,17,17.958780150235174
26403,4256,4256,17,15.123640942280591
26404,4257,4257,17,20.292707941720103
26405,4258,4258,17,28.853682640342814
26406,4259,4259,17,9.529967377650948
26407,4260,4260,17,7.055044957899332
26408,4261,4261,17,0.0090549431020766
26409,4262,4262,17,19.134937041920782
26410,4263,4263,17,13.51436223808372
26411,4264,4264,17,12.37343626016833
26412,4265,4265,17,44.58171398284316
26413,4266,4266,17,19.067739470693617
26414,4267,4267,17,8.444810470809266
26415,4268,4268,17,6.643371084877917
26416,4269,4269,17,14.2033287936133
26417,4270,4270,17,13.872885344477773
26418,4271,4271,17,25.730714844524663
26419,4272,4272,17,16.461227381327603
26420,4273,4273,17,19.32457313166708
26421,4274,4274,17,8.010439717050104
26422,4275,4275,17,28.492754083056745
26423,4276,4276,17,15.774205821885651
26424,4277,4277,17,3.767773797248602
26425,4278,4278,17,10.375276382754029
26426,4279,4279,17,5.671153057344854
26427,4280,4280,17,13.993695819206238
26428,4281,4281,17,1.5607511729588135
26429,4282,4282,17,47.51696714816335
26430,4283,4283,17,22.49268237934412
26431,4284,4284,17,4.668107845245253
26432,4285,4285,17,1.3177926677547098
26433,4286,4286,17,35.84344521885114
26434,4287,4287,17,11.837506870416078
26435,4288,4288,17,37.10555985821071
26436,4289,4289,17,21.767637202052505
26437,4290,4290,17,90.41922609487293
26438,4291,4291,17,23.26067407159659
26439,4292,4292,17,35.60998339405692
26440,4293,4293,17,7.050915723936051
26441,4294,4294,17,15.727419553782845
26442,4295,4295,17,28.219130756709635
26443,4296,4296,17,11.443654352576718
26444,4297,4297,17,9.834595359423265
26445,4298,4298,17,75.71984109118125
26446,4299,4299,17,16.2412585668288
26447,4300,4300,17,7.5274605792402625
26448,4301,4301,17,0.4636384532565996
26449,4302,4302,17,29.210779508728624
26450,4303,4303,17,17.96317135077547
26451,4304,4304,17,16.87910665552868
26452,4305,4305,17,15.056043380473852
26453,4306,4306,17,56.24457219688651
26454,4307,4307,17,109.22807848261311
26455,4308,4308,17,71.33786222743275
26456,4309,4309,17,44.0038872370898
26457,4310,4310,17,0.4346997300004363
26458,4311,4311,17,27.80774291881033
26459,4312,4312,17,52.296307126185496
26460,4313,4313,17,73.37825826482138
26461,4314,4314,17,2.343690268186766
26462,4315,4315,17,8.32000529703144
26463,4316,4316,17,26.713844743482195
26464,4317,4317,17,19.178226740823
26465,4318,4318,17,15.823673655177087
26466,4319,4319,17,16.40878575127849
26467,4320,4320,17,21.34396407322645
26468,4321,4321,17,6.552163579806343
26469,4322,4322,17,3.084136906194966
26470,4323,4323,17,1.476095230775684
26471,4324,4324,17,13.543104557724655
26472,4325,4325,17,22.091078853254345
26473,4326,4326,17,25.14860472033809
26474,4327,4327,17,14.212316682900086
26475,4328,4328,17,4.956492373426259
26476,4329,4329,17,0.9659572890764624
26477,4330,4330,17,27.922564123832814
26478,4331,4331,17,10.137084881664917
26479,4332,4332,17,19.432182874976263
26480,4333,4333,17,19.2858174625296
26481,4334,4334,17,30.36141532187129
26482,4335,4335,17,19.473081845474464
26483,4336,4336,17,4.295552067650478
26484,4337,4337,17,25.065678740282475
26485,4338,4338,17,4.395372353229523
26486,4339,4339,17,16.190728376537418
26487,4340,4340,17,15.718321762969978
26488,4341,4341,17,48.6674755313036
26489,4342,4342,17,8.085173753197402
26490,4343,4343,17,23.64705352476659
26491,4344,4344,17,28.899897780203226
26492,4345,4345,17,27.25291615361857
26493,4346,4346,17,16.32193259988194
26494,4347,4347,17,14.210445389206008
26495,4348,4348,17,15.908504885303149
26496,4349,4349,17,1.484976280903071
26497,4350,4350,17,6.640674245599069
26498,4351,4351,17,30.80203774218586
26499,4352,4352,17,9.952661983320638
26500,4353,4353,17,42.86940207594295
26501,4354,4354,17,0.1217964030591696
26502,4355,4355,17,24.263226284809438
26503,4356,4356,17,10.344024745689556
26504,4357,4357,17,1.7549923435040713
26505,4358,4358,17,3.692707863497093
26506,4359,4359,17,3.431968292300731
26507,4360,4360,17,7.626781554700643
26508,4361,4361,17,52.52973792948046
26509,4362,4362,17,3.050210792546749
26510,4363,4363,17,7.61944776844497
26511,4364,4364,17,7.406503343054295
26512,4365,4365,17,15.287017262913375
26513,4366,4366,17,16.70438345708433
26514,4367,4367,17,2.8132001277017293
26515,4368,4368,17,2.2907001782978176
26516,4369,4369,17,38.67110094715661
26517,4370,4370,17,4.990149601844953
26518,4371,4371,17,9.132049081485674
26519,4372,4372,17,28.877201404502003
26520,4373,4373,17,18.82598463455704
26521,4374,4374,17,15.07161465444356
26522,4375,4375,17,31.491859994853
26523,4376,4376,17,24.481388691158596
26524,4377,4377,17,0.2871002520001381
26525,4378,4378,17,14.56116881228806
26526,4379,4379,17,12.86678151170844
26527,4380,4380,17,18.32352772997333
26528,4381,4381,17,16.639222517528935
26529,4382,4382,17,20.459564705243768
26530,4383,4383,17,11.194336689756756
26531,4384,4384,17,26.26402820262438
26532,4385,4385,17,8.163220645381362
26533,4386,4386,17,5.835364561461217
26534,4387,4387,17,9.41783524504179
26535,4388,4388,17,1.0525499279999138
26536,4389,4389,17,6.818573065238908
26537,4390,4390,17,7.57827722276227
26538,4391,4391,17,13.485666446184634
26539,4392,4392,17,29.767883414315527
26540,4393,4393,17,32.96598272637752
26541,4394,4394,17,11.297367660626586
26542,4395,4395,17,61.1477862430878
26543,4396,4396,17,21.86956307290089
26544,4397,4397,17,6.858107135642823
26545,4398,4398,17,22.39864389936096
26546,4399,4399,17,20.36930165840137
26547,4400,4400,17,18.335199057099324
26548,4401,4401,17,23.56300026247704
26549,4402,4402,17,25.105398774537235
26550,4403,4403,17,2.4363000494993927
26551,4404,4404,17,3.968549083924234
26552,4405,4405,17,1.7365509700747133
26553,4406,4406,17,0.1209228677972257
26554,4407,4407,17,5.918526884703428
26555,4408,4408,17,49.32035736418533
26556,4409,4409,17,13.041093198320006
26557,4410,4410,17,17.139706035589548
26558,4411,4411,17,6.812443428909
26559,4412,4412,17,20.17833092409796
26560,4413,4413,17,19.119719138897448
26561,4414,4414,17,2.1756736995503902
26562,4415,4415,17,8.500125949442895
26563,4416,4416,17,0.950399675999932
26564,4417,4417,17,1.492650535499461
26565,4418,4418,17,4.973616613061927
26566,4419,4419,17,4.605533206936963
26567,4420,4420,17,12.136816577184977
26568,4421,4421,17,3.760783503817809
26569,4422,4422,17,16.672556134973675
26570,4423,4423,17,8.67604400565815
26571,4424,4424,17,13.760125969463123
26572,4425,4425,17,8.960074173411119
26573,4426,4426,17,2.536921040321458
26574,4427,4427,17,1.6548290946787596
26575,4428,4428,17,18.52413794994286
26576,4429,4429,17,29.01915429098541
26577,4430,4430,17,26.45200768256972
26578,4431,4431,17,7.304805038158909
26579,4432,4432,17,6.544121398282215
26580,4433,4433,17,4.084023775054123
26581,4434,4434,17,0.0728999594999924
26582,4435,4435,17,20.406203509248947
26583,4436,4436,17,0.8553983312548734
26584,4437,4437,17,12.26854425015702
26585,4438,4438,17,5.941605101847555
26586,4439,4439,17,9.94297627302435
26587,4440,4440,17,24.15667321397578
26588,4441,4441,17,25.541480500637714
26589,4442,4442,17,13.627869517365983
26590,4443,4443,17,2.993187760239828
26591,4444,4444,17,14.264311717759458
26592,4445,4445,17,0.5382196704257131
26593,4446,4446,17,5.634880527573508
26594,4447,4447,17,15.46436323641204
26595,4448,4448,17,33.220686952580365
26596,4449,4449,17,24.37777347210587
26597,4450,4450,17,42.233026775397526
26598,4451,4451,17,1.0978911529813409
26599,4452,4452,17,2.487258707519112
26600,4453,4453,17,5.4139335017933545
26601,4454,4454,17,8.285866268707021
26602,4455,4455,17,35.85438940141817
26603,4456,4456,17,53.47466035107973
26604,4457,4457,17,39.26864442594841
26605,4458,4458,17,14.960854764052415
26606,4459,4459,17,37.71396454533285
26607,4460,4460,17,12.872336242174654
26608,4461,4461,17,73.564540102727
26609,4462,4462,17,17.86736067127724
26610,4463,4463,17,24.1903666229312
26611,4464,4464,17,13.362583215064175
26612,4465,4465,17,3.0860690258865957
26613,4466,4466,17,5.7654311046090125
26614,4467,4467,17,10.23837035153818
26615,4468,4468,17,23.7087295809585
26616,4469,4469,17,37.78052256399843
26617,4470,4470,17,28.95987749450406
26618,4471,4471,17,5.388441917896401
26619,4472,4472,17,30.652057456606627
26620,4473,4473,17,1.5165742300208809
26621,4474,4474,17,3.371326305479236
26622,4475,4475,17,4.330027943565816
26623,4476,4476,17,26.006270521938923
26624,4477,4477,17,20.945792963469835
26625,4478,4478,17,13.564708134522546
26626,4479,4479,17,36.87704508742095
26627,4480,4480,17,12.973055493080876
26628,4481,4481,17,2.878839055676438
26629,4482,4482,17,2.086010858822376
26630,4483,4483,17,8.742269462265183
26631,4484,4484,17,38.93613155473704
26632,4485,4485,17,17.14150108649744
26633,4486,4486,17,10.603699507504125
26634,4487,4487,17,0.0045000315000489
26635,4488,4488,17,26.744415705178813
26636,4489,4489,17,13.844908295327812
26637,4490,4490,17,13.823406899793833
26638,4491,4491,17,32.678469936725826
26639,4492,4492,17,0.0787500314999818
26640,4493,4493,17,3.665709351639807
26641,4494,4494,17,9.789515169044826
26642,4495,4495,17,5.5003343423208335
26643,4496,4496,17,75.84324095249706
26644,4497,4497,17,19.499915561488223
26645,4498,4498,17,39.11753441600887
26646,4499,4499,17,38.78405296178304
26647,4500,4500,17,2.341896655713048
26648,4501,4501,17,12.588002227319718
26649,4502,4502,17,11.616147394690127
26650,4503,4503,17,20.30929813919253
26651,4504,4504,17,9.65035214880553
26652,4505,4505,17,7.875833458549626
26653,4506,4506,17,20.46338283416675
26654,4507,4507,17,22.864034359781453
26655,4508,4508,17,0.549732687629968
26656,4509,4509,17,2.769017046869144
26657,4510,4510,17,8.244636231656731
26658,4511,4511,17,12.125063507345672
26659,4512,4512,17,2.923856333334774
26660,4513,4513,17,16.539737738801165
26661,4514,4514,17,17.059461298341333
26662,4515,4515,17,2.761944913025603
26663,4516,4516,17,3.84449389497298
26664,4517,4517,17,29.24085539852899
26665,4518,4518,17,0.8905501305001825
26666,4519,4519,17,6.416928732769776
26667,4520,4520,17,18.96082128522902
26668,4521,4521,17,16.073122577317967
26669,4522,4522,17,24.224828061679396
26670,4523,4523,17,23.257873229282783
26671,4524,4524,17,9.733278678881376
26672,4525,4525,17,5.873547952335512
26673,4526,4526,17,21.587190276129096
26674,4527,4527,17,3.517859431368202
26675,4528,4528,17,19.01508864691373
26676,4529,4529,17,18.58241169059522
26677,4530,4530,17,8.063695991520031
26678,4531,4531,17,30.4513536934786
26679,4532,4532,17,0.2605215462314635
26680,4533,4533,17,20.011528147768097
26681,4534,4534,17,24.918017575352824
26682,4535,4535,17,11.14253249013546
26683,4536,4536,17,4.115000321524918
26684,4537,4537,17,11.178110918748878
26685,4538,4538,17,12.70563895524992
26686,4539,4539,17,7.156701149737067
26687,4540,4540,17,6.499062665860229
26688,4541,4541,17,3.2682858334057934
26689,4542,4542,17,6.734449166724935
26690,4543,4543,17,3.936851274275292
26691,4544,4544,17,0.6986850224913359
26692,4545,4545,17,1.9774650090077224
26693,4546,4546,17,49.867201507507424
26694,4547,4547,17,4.845296645179048
26695,4548,4548,17,145.71321526237705
26696,4549,4549,17,143.62403757494687
26697,4550,4550,17,47.58498386654212
26698,4551,4551,17,1.291572022032181
26699,4552,4552,17,48.86209396292396
26700,4553,4553,17,14.375424775142118
26701,4554,4554,17,29.49642547685887
26702,4555,4555,17,3.839487405126367
26703,4556,4556,17,29.833123022431664
26704,4557,4557,17,16.154539504941642
26705,4558,4558,17,6.365823633872129
26706,4559,4559,17,26.4743154375827
26707,4560,4560,17,4.630910663044105
26708,4561,4561,17,19.72176135796243
26709,4562,4562,17,1.3998435513273253
26710,4563,4563,17,25.759843983707487
26711,4564,4564,17,17.294710210696294
26712,4565,4565,17,13.262539910805373
26713,4566,4566,17,10.304214241061628
26714,4567,4567,17,42.85666681477496
26715,4568,4568,17,32.35314166453818
26716,4569,4569,17,2.439378463104785
26717,4570,4570,17,62.760035643210514
26718,4571,4571,17,6.3445090076743975
26719,4572,4572,17,12.699022299958964
26720,4573,4573,17,78.92608273865389
26721,4574,4574,17,21.808347615193146
26722,4575,4575,17,11.041202492823729
26723,4576,4576,17,13.407813694893807
26724,4577,4577,17,26.59673590010909
26725,4578,4578,17,5.105369689232648
26726,4579,4579,17,5.713797207795289
26727,4580,4580,17,10.600205299230918
26728,4581,4581,17,7.083178519235639
26729,4582,4582,17,12.231660422641635
26730,4583,4583,17,27.637439019358197
26731,4584,4584,17,20.391887252183704
26732,4585,4585,17,14.997012747814193
26733,4586,4586,17,42.36324115546218
26734,4587,4587,17,68.67335893004295
26735,4588,4588,17,11.72461454311934
26736,4589,4589,17,31.088847992584316
26737,4590,4590,17,16.663936834299935
26738,4591,4591,17,26.039099165563524
26739,4592,4592,17,5.125651486944959
26740,4593,4593,17,0.4810498154999018
26741,4594,4594,17,7.724197256915852
26742,4595,4595,17,17.634517201394395
26743,4596,4596,17,7.790536365189548
26744,4597,4597,17,1.8144324056571128
26745,4598,4598,17,6.061017778843168
26746,4599,4599,17,6.303644787338972
26747,4600,4600,17,1.871505235164404
26748,4601,4601,17,23.794040226912053
26749,4602,4602,17,9.930061618771552
26750,4603,4603,17,22.639358208284364
26751,4604,4604,17,2.1774472728019245
26752,4605,4605,17,2.021442268245857
26753,4606,4606,17,18.4429508162323
26754,4607,4607,17,44.106476737245856
26755,4608,4608,17,25.58622223952948
26756,4609,4609,17,19.11445390721077
26757,4610,4610,17,86.57524683080125
26758,4611,4611,17,23.388395272593208
26759,4612,4612,17,48.997254146914976
26760,4613,4613,17,25.840932427661507
26761,4614,4614,17,31.52281619082082
26762,4615,4615,17,47.43508555056903
26763,4616,4616,17,61.878811008705256
26764,4617,4617,17,8.565404372271734
26765,4618,4618,17,70.61125201592374
26766,4619,4619,17,35.31694561257259
26767,4620,4620,17,0.6057000089998991
26768,4621,4621,17,67.21064298901305
26769,4622,4622,17,14.364906475503131
26770,4623,4623,17,40.77092089367985
26771,4624,4624,17,56.21623023130937
26772,4625,4625,17,45.99843799667776
26773,4626,4626,17,3.8723624308297766
26774,4627,4627,17,30.8890038384877
26775,4628,4628,17,8.7024462965087
26776,4629,4629,17,4.369762922529574
26777,4630,4630,17,23.405586879473148
26778,4631,4631,17,68.11878528526167
26779,4632,4632,17,67.39151526827477
26780,4633,4633,17,21.396764883757136
26781,4634,4634,17,10.042035561755776
26782,4635,4635,17,37.773764922750296
26783,4636,4636,17,31.7732854867482
26784,4637,4637,17,50.26905799059988
26785,4638,4638,17,10.74149136138983
26786,4639,4639,17,1.3204788229860365
26787,4640,4640,17,1.7323209655138685
26788,4641,4641,17,38.33102290522972
26789,4642,4642,17,41.37882808478318
26790,4643,4643,17,18.58589062792277
26791,4644,4644,17,0.5598097860793173
26792,4645,4645,17,25.47135655827932
26793,4646,4646,17,8.073442496722967
26794,4647,4647,17,5.260323105645351
26795,4648,4648,17,1.6597769888533056
26796,4649,4649,17,16.225693833572567
26797,4650,4650,17,35.54680682794252
26798,4651,4651,17,5.300743810798764
26799,4652,4652,17,33.85060562220542
26800,4653,4653,17,5.84004480462566
26801,4654,4654,17,8.676054421371546
26802,4655,4655,17,26.015611953996995
26803,4656,4656,17,9.086637744502603
26804,4657,4657,17,10.504090188079504
26805,4658,4658,17,64.92221201691858
26806,4659,4659,17,18.002811174493164
26807,4660,4660,17,16.768239086525345
26808,4661,4661,17,8.385385814144236
26809,4662,4662,17,18.238864869862788
26810,4663,4663,17,15.866205982050598
26811,4664,4664,17,22.806344494923994
26812,4665,4665,17,21.99184089326773
26813,4666,4666,17,6.350958724230349
26814,4667,4667,17,22.522962590536714
26815,4668,4668,17,10.36798691897048
26816,4669,4669,17,20.572796686377163
26817,4670,4670,17,28.905152926626258
26818,4671,4671,17,47.52627361092558
26819,4672,4672,17,11.438575628568874
26820,4673,4673,17,14.129290011501311
26821,4674,4674,17,5.997860163994997
26822,4675,4675,17,0.1845311943803625
26823,4676,4676,17,20.195518108120098
26824,4677,4677,17,18.5491770085918
26825,4678,4678,17,18.64152328391236
26826,4679,4679,17,21.031833022230742
26827,4680,4680,17,11.06396766176773
26828,4681,4681,17,31.213859369220494
26829,4682,4682,17,7.317839996283773
26830,4683,4683,17,20.22335265718321
26831,4684,4684,17,14.973397716312602
26832,4685,4685,17,10.020137598935309
26833,4686,4686,17,5.008063292059632
26834,4687,4687,17,5.687499731067419
26835,4688,4688,17,15.719450214925924
26836,4689,4689,17,0.6039002745007277
26837,4690,4690,17,2.943094586317092
26838,4691,4691,17,3.2286549366836548
26839,4692,4692,17,3.1549062773000225
26840,4693,4693,17,0.5904443482000902
26842,4694,4694,17,22.464422483623743
26843,4695,4695,17,1.5777000765010194
26844,4696,4696,17,5.355958694656044
26845,4697,4697,17,5.246040904847063
26846,4698,4698,17,1.6451998739997893
26847,4699,4699,17,20.999841518253504
26848,4700,4700,17,26.43060739724139
26849,4701,4701,17,21.280547965169102
26850,4702,4702,17,11.078502367828891
26851,4703,4703,17,10.6994145548971
26853,4704,4704,17,60.84224082907328
26855,4705,4705,17,40.60400539494614
26857,4706,4706,17,1.8202783084968048
26859,4707,4707,17,18.06814512840205
26860,4708,4708,17,1.0082556365993025
26861,4709,4709,17,5.781263280331852
26862,4710,4710,17,15.624786670170293
26863,4711,4711,17,0.099900175499618
26864,4712,4712,17,2.1917133566021025
26865,4713,4713,17,34.74923629690072
26866,4714,4714,17,17.68023354814023
26867,4715,4715,17,0.0380664203599393
26868,4716,4716,17,1.7095498020005226
26869,4717,4717,17,7.870735530241426
26870,4718,4718,17,9.61626400175778
26871,4719,4719,17,2.1780003420007192
26872,4720,4720,17,5.30760216597889
26873,4721,4721,17,14.779047888022282
26874,4722,4722,17,4.182079739486247
26875,4723,4723,17,34.157533870447914
26876,4724,4724,17,3.689936619571157
26877,4725,4725,17,25.62990159702997
26878,4726,4726,17,9.78059776846847
26879,4727,4727,17,2.680487772184178
26880,4728,4728,17,6.392411764315447
26881,4729,4729,17,58.06918474780421
26882,4730,4730,17,6.126821498124048
26883,4731,4731,17,18.05409527956154
26884,4732,4732,17,27.59868512367354
26885,4733,4733,17,28.72871421483187
26886,4734,4734,17,2.0907755852725507
26887,4735,4735,17,8.618323951233656
26888,4736,4736,17,19.420325672294798
26889,4737,4737,17,2.4685749622151256
26890,4738,4738,17,1.0624504995003938
26891,4739,4739,17,3.587734717235677
26892,4740,4740,17,31.857189274597616
26893,4741,4741,17,5.111774847178858
26894,4742,4742,17,7.477916414660165
26895,4743,4743,17,5.25855002582118
26896,4744,4744,17,19.29768428852411
26897,4745,4745,17,17.77866407669165
26898,4746,4746,17,4.695226631604925
26899,4747,4747,17,20.952909912698257
26900,4748,4748,17,13.441962462388195
26901,4749,4749,17,1.418810517612191
26902,4750,4750,17,5.019481567485847
26903,4751,4751,17,13.679395493018754
26904,4752,4752,17,12.780812392646595
26906,4753,4753,17,3.013914245315045
26907,4754,4754,17,21.63483592569137
26908,4755,4755,17,18.108859424540192
26909,4756,4756,17,6.714040863459753
26910,4757,4757,17,26.528751100041998
26911,4758,4758,17,9.287648787474662
26912,4759,4759,17,5.938100798615634
26914,4760,4760,17,26.38216329154436
26917,4761,4761,17,1.4186359327773712
26918,4762,4762,17,22.65950254774168
26920,4763,4763,17,13.339850904095051
26923,4764,4764,17,8.334413501387596
26924,4765,4765,17,3.220431037544913
26925,4766,4766,17,4.386818530454444
26926,4767,4767,17,14.300530461232484
26927,4768,4768,17,8.642268832265586
26928,4769,4769,17,6.480573152162731
26929,4770,4770,17,14.407526523823604
26930,4771,4771,17,3.447219273829877
26932,4772,4772,17,2.518915157716751
26933,4773,4773,17,2.5971345272827446
26934,4774,4774,17,1.0435498649998902
26935,4775,4775,17,2.415126337607741
26936,4776,4776,17,2.4628731403924227
26937,4777,4777,17,18.33525289405752
26938,4778,4778,17,20.03804716894865
26939,4779,4779,17,24.93987186321184
26940,4780,4780,17,6.880977542784765
26941,4781,4781,17,18.49510389875442
26942,4782,4782,17,7.487895759243353
26943,4783,4783,17,8.493366091487289
26944,4784,4784,17,34.74488389953589
26945,4785,4785,17,2.360249991000384
26946,4786,4786,17,18.14582472432479
26947,4787,4787,17,13.696174983171725
26948,4788,4788,17,23.3787335308878
26949,4789,4789,17,19.84241604611179
26950,4790,4790,17,5.932510763007313
26951,4791,4791,17,9.166789812994049
26952,4792,4792,17,6.137147731122017
26953,4793,4793,17,4.329402052871019
26954,4794,4794,17,8.345941906484239
26955,4795,4795,17,5.616096238186179
26956,4796,4796,17,12.98364608317886
26957,4797,4797,17,95.75120343533663
26958,4798,4798,17,26.357638049890543
26959,4799,4799,17,4.7234122876130415
26960,4800,4800,17,15.289544674211577
26961,4801,4801,17,36.466755163791085
26962,4802,4802,17,4.496095075997338
26963,4803,4803,17,12.626855144504535
26964,4804,4804,17,2.6132700006682126
26965,4805,4805,17,16.66877939183613
26966,4806,4806,17,0.230807266020596
26967,4807,4807,17,4.627392189479493
26968,4808,4808,17,3.977965867712207
26969,4809,4809,17,1.68663398378814
26970,4810,4810,17,5.633596904615486
26971,4811,4811,17,9.254203392383262
26972,4812,4812,17,13.206891916259227
26973,4813,4813,17,8.222109100742951
26974,4814,4814,17,18.00088306125376
26975,4815,4815,17,17.51311563824802
26976,4816,4816,17,18.15314982927288
26978,4817,4817,17,11.888144078102467
26981,4818,4818,17,3.3555762292255165
26982,4819,4819,17,8.94271676125855
26984,4820,4820,17,34.74219433403826
26985,4821,4821,17,47.0451827068851
26986,4822,4822,17,1.719123845580399
26987,4823,4823,17,22.54796563642809
26988,4824,4824,17,6.424384539082388
26989,4825,4825,17,13.50632165984966
26990,4826,4826,17,3.848349700182841
26991,4827,4827,17,3.821951988451541
26992,4828,4828,17,6.32737600802322
26993,4829,4829,17,69.56881850517723
27048,4830,4830,17,34.10155707137504
27049,4831,4831,17,16.411392348129574
27050,4832,4832,17,0.075149900999844
27051,4833,4833,17,14.530965498938697
27052,4834,4834,17,8.205734865558416
27053,4835,4835,17,6.133534943249225
27054,4836,4836,17,5.87471456625013
27055,4837,4837,17,5.818973865370914
27056,4838,4838,17,3.780426562126517
27057,4839,4839,17,1.7023496219996217
27058,4840,4840,17,8.836631714826792
27059,4841,4841,17,24.05971779467656
27060,4842,4842,17,5.093602807486415
27061,4843,4843,17,3.306098272510022
27062,4844,4844,17,0.9278991540001854
27063,4845,4845,17,37.8571352752144
27064,4846,4846,17,21.02851500826696
27065,4847,4847,17,16.10579755359902
27066,4848,4848,17,4.918651753408804
27067,4849,4849,17,8.742420866112083
27068,4850,4850,17,30.583979399391385
27069,4851,4851,17,23.56951364259387
27070,4852,4852,17,21.820187545388745
27071,4853,4853,17,0.5733001844996214
27072,4854,4854,17,6.839438254866093
27073,4855,4855,17,1.783911416632599
27074,4856,4856,17,1.893159739221029
27075,4857,4857,17,4.589403481550062
27076,4858,4858,17,2.755990998797834
27077,4859,4859,17,2.123045537427105
27122,4860,4860,17,14.995014103887804
27123,4861,4861,17,21.700235905140893
27124,4862,4862,17,28.61990572733188
27125,4863,4863,17,0.4541438721520602
27126,4864,4864,17,0.3320999864993095
27127,4865,4865,17,7.179790456938215
27128,4866,4866,17,24.38995994808612
27129,4867,4867,17,43.87429330466393
27130,4868,4868,17,23.86600653334256
27131,4869,4869,17,8.870982005300224
27132,4870,4870,17,16.432067927188278
27133,4871,4871,17,1.32320249306006
27134,4872,4872,17,1.2201975744396951
27135,4873,4873,17,2.1001500900019257
27136,4874,4874,17,0.8972998470001221
27137,4875,4875,17,4.365639687359892
27138,4876,4876,17,4.232511284637734
27139,4877,4877,17,5.604642585659031
27140,4878,4878,17,7.269857504342317
27141,4879,4879,17,9.654135018745643
27142,4880,4880,17,1.66606530075638
27143,4881,4881,17,44.96716340958625
27144,4882,4882,17,1.7887370764040127
27145,4883,4883,17,25.43532418403378
27146,4884,4884,17,17.621574911479055
27147,4885,4885,17,6.171542954319842
27148,4886,4886,17,6.74525874667846
27149,4887,4887,17,15.821959693847967
27150,4888,4888,17,15.391840499655574
27154,4889,4889,17,74.78181780152913
27155,4890,4890,17,2.8220324324816306
27156,4891,4891,17,14.626595012448776
27157,4892,4892,17,16.764054911053925
27158,4893,4893,17,7.280608216866821
27159,4894,4894,17,2.06229163013792
27160,4895,4895,17,4.302617992631348
27161,4896,4896,17,2.2912314988653435
27162,4897,4897,17,0.138338190020261
27163,4898,4898,17,15.243561782988996
27164,4899,4899,17,31.55911475819847
27165,4900,4900,17,12.36178553879001
27334,4901,4901,17,17.916279139002086
27335,4902,4902,17,0.8172211535002254
27336,4903,4903,17,34.64117996288535
27337,4904,4904,17,5.99696985261324
27338,4905,4905,17,19.700272866466012
27339,4906,4906,17,16.687626985033777
27340,4907,4907,17,25.038827918585195
27341,4908,4908,17,58.744422643920856
27342,4909,4909,17,27.98847552206228
27343,4910,4910,17,32.030274644439864
27344,4911,4911,17,35.67828035376623
27345,4912,4912,17,7.765169056727313
27346,4913,4913,17,38.46355707068879
27347,4914,4914,17,6.3537439958047495
27348,4915,4915,17,21.132121221463084
27349,4916,4916,17,19.65497869302748
27350,4917,4917,17,56.12099875908339
27351,4918,4918,17,24.85740188891227
27352,4919,4919,17,40.204832941085925
27353,4920,4920,17,14.652866563923665
27354,4921,4921,17,0.4761001304997131
27355,4922,4922,17,2.260379281469464
27356,4923,4923,17,0.4909200300320461
27357,4924,4924,17,31.42952755423966
27358,4925,4925,17,109.53342291826036
27359,4926,4926,17,30.221877319992377
27360,4927,4927,17,6.365372576523684
27361,4928,4928,17,25.122278635639788
27362,4929,4929,17,27.004371341863894
27363,4930,4930,17,31.953899698389648
27364,4931,4931,17,88.8139516201421
27365,4932,4932,17,23.37927289192265
27366,4933,4933,17,14.532326712072084
27367,4934,4934,17,28.9819064804399
27368,4935,4935,17,19.95289308758317
27369,4936,4936,17,9.906980958610754
27370,4937,4937,17,3.774818172888384
27371,4938,4938,17,9.377667766133264
27372,4939,4939,17,7.743932607366972
27373,4940,4940,17,0.0445499594999551
27374,4941,4941,17,61.63852067376556
27375,4942,4942,17,38.78123082473284
27376,4943,4943,17,9.038317964531958
27377,4944,4944,17,8.659281648470998
27378,4945,4945,17,27.833732385491142
27379,4946,4946,17,23.505867497507893
27380,4947,4947,17,23.013883040805787
27381,4948,4948,17,9.820817769191729
27382,4949,4949,17,7.860528151277513
27383,4950,4950,17,2.002121304220062
27384,4951,4951,17,7.882506225817382
27385,4952,4952,17,10.727693562684134
27386,4953,4953,17,24.830406598243847
27387,4954,4954,17,20.96609455376245
27388,4955,4955,17,1.610099860499844
27389,4956,4956,17,1.010910925238043
27390,4957,4957,17,1.635989583262138
27391,4958,4958,17,9.906191112642787
27392,4959,4959,17,29.517408558855045
27393,4960,4960,17,18.90874785011953
27394,4961,4961,17,16.719101474886127
27395,4962,4962,17,12.133104550779285
27396,4963,4963,17,27.52899388772813
27397,4964,4964,17,10.075593709071711
27398,4965,4965,17,38.06225616493598
27399,4966,4966,17,27.011643954972985
27400,4967,4967,17,10.13360630152642
27401,4968,4968,17,27.40923898028892
27402,4969,4969,17,29.992760547228617
27403,4970,4970,17,73.4270442386205
27404,4971,4971,17,22.512056341886705
27405,4972,4972,17,19.248103493148
27406,4973,4973,17,3.537646673355592
27407,4974,4974,17,11.18692114733392
27408,4975,4975,17,29.57047863215619
27409,4976,4976,17,10.156743402539282
27410,4977,4977,17,18.16130692596133
27411,4978,4978,17,0.0207000990001931
27412,4979,4979,17,2.452949932499889
27413,4980,4980,17,23.98522425143337
27414,4981,4981,17,25.845974020562945
27415,4982,4982,17,6.512572121594798
27416,4983,4983,17,42.46362845439939
27417,4984,4984,17,14.870085513352242
27418,4985,4985,17,41.397913906141056
27419,4986,4986,17,11.795582164193451
27420,4987,4987,17,5.193268204803824
27421,4988,4988,17,3.07757490315786
27422,4989,4989,17,3.7826752408420017
27423,4990,4990,17,10.386084947572812
27424,4991,4991,17,31.089515952428087
27425,4992,4992,17,11.429471561763451
27426,4993,4993,17,19.41352802874612
27427,4994,4994,17,15.975740821641445
27428,4995,4995,17,21.472809160357528
27429,4996,4996,17,12.619149429791928
27430,4997,4997,17,10.931150556705491
27431,4998,4998,17,17.1043847184421
27432,4999,4999,17,12.22211529956083
27433,5000,5000,17,31.590416128858685
27434,5001,5001,17,7.190584271637505
27435,5002,5002,17,31.04298259303696
27436,5003,5003,17,31.59116798296845
27437,5004,5004,17,25.864918316211103
27438,5005,5005,17,8.215381908793871
27439,5006,5006,17,0.8317520726347417
27440,5007,5007,17,59.4178479588674
27441,5008,5008,17,2.252700319500074
27442,5009,5009,17,24.85280864137805
27443,5010,5010,17,1.8479417546243369
27444,5011,5011,17,19.16874310950641
27445,5012,5012,17,18.987656660988584
27446,5013,5013,17,25.456377313063413
27447,5014,5014,17,57.46332206594114
27448,5015,5015,17,17.233032496936076
27449,5016,5016,17,19.48066893856586
27450,5017,5017,17,42.53907431025071
27451,5018,5018,17,28.27337629274525
27452,5019,5019,17,33.5101972320605
27453,5020,5020,17,29.213052884932523
27454,5021,5021,17,29.915675730807543
27455,5022,5022,17,6.676974413194592
27456,5023,5023,17,3.4453533939255103
27457,5024,5024,17,2.154897110075325
27458,5025,5025,17,19.543411419952275
27459,5026,5026,17,18.858688472038683
27460,5027,5027,17,12.412529875595034
27461,5028,5028,17,8.458919332406074
27462,5029,5029,17,6.494378825075031
27463,5030,5030,17,2.4498213549266152
27464,5031,5031,17,10.722853687278196
27465,5032,5032,17,14.681446137220092
27466,5033,5033,17,12.779075650056168
27467,5034,5034,17,26.277324831437177
27468,5035,5035,17,0.977849855999738
27469,5036,5036,17,47.391169968890594
27470,5037,5037,17,19.73848139010528
27471,5038,5038,17,1.2104706288057043
27472,5039,5039,17,30.630177665695705
27473,5040,5040,17,20.26187254177433
27474,5041,5041,17,17.574127602214592
27475,5042,5042,17,2.9791800567232967
27476,5043,5043,17,0.2459701457768306
27477,5044,5044,17,7.020395173900157
27478,5045,5045,17,10.338803903598713
27479,5046,5046,17,21.228409927837397
27480,5047,5047,17,6.780941039659928
27481,5048,5048,17,24.667805710278795
27482,5049,5049,17,0.0196446407185308
27483,5050,5050,17,3.645443357666653
27484,5051,5051,17,30.65265652083674
27485,5052,5052,17,13.99425819091038
27486,5053,5053,17,24.872241026090965
27487,5054,5054,17,18.086840874525777
27488,5055,5055,17,39.4623087879744
27489,5056,5056,17,19.168120191187786
27490,5057,5057,17,9.832130780810589
27491,5058,5058,17,5.69522366423428
27492,5059,5059,17,5.4787264572707866
27493,5060,5060,17,10.759401207332402
27494,5061,5061,17,6.349598000666946
27495,5062,5062,17,20.238270403187396
27496,5063,5063,17,33.97284217680014
27497,5064,5064,17,5.275736655016251
27498,5065,5065,17,21.71147612838221
27499,5066,5066,17,13.22967475362044
27500,5067,5067,17,12.11393511091879
27501,5068,5068,17,23.048163998083435
27502,5069,5069,17,2.0034657280082406
27503,5070,5070,17,6.982298838301007
27504,5071,5071,17,13.052211778611817
27505,5072,5072,17,6.906474604573985
27506,5073,5073,17,2.4925502339993937
27507,5074,5074,17,60.01811968895554
27508,5075,5075,17,29.53727900605712
27509,5076,5076,17,29.15431642294632
27510,5077,5077,17,1.9006987093209329
27511,5078,5078,17,10.579884647238396
27512,5079,5079,17,5.305487341372013
27513,5080,5080,17,8.794512777459886
27514,5081,5081,17,8.476951064658712
27515,5082,5082,17,2.80156411910975
27516,5083,5083,17,2.4704943765148357
27517,5084,5084,17,2.483448266066134
27518,5085,5085,17,5.316092423809092
27519,5086,5086,17,3.033509528910637
27520,5087,5087,17,4.28484030908928
27521,5088,5088,17,19.65782368204352
27522,5089,5089,17,39.18327616946277
27523,5090,5090,17,11.73705598538244
27524,5091,5091,17,13.64474423513097
27525,5092,5092,17,3.67443310474962
27526,5093,5093,17,1.8030599682995547
27527,5094,5094,17,8.059607085119218
27528,5095,5095,17,4.640650098333052
27529,5096,5096,17,2.7833855805622862
27530,5097,5097,17,4.863914360936707
27531,5098,5098,17,21.291566724440216
27532,5099,5099,17,76.7274342565481
27533,5100,5100,17,31.90335909435913
27534,5101,5101,17,30.101689888643318
27535,5102,5102,17,13.848461380137367
27536,5103,5103,17,20.796138142866813
27537,5104,5104,17,10.939241501427713
27538,5105,5105,17,14.826136944780924
27539,5106,5106,17,8.538479376889311
27540,5107,5107,17,5.50314160540694
27541,5108,5108,17,12.9730421599171
27542,5109,5109,17,4.293696591152259
27543,5110,5110,17,4.065636418591295
27544,5111,5111,17,12.716426144340396
27545,5112,5112,17,46.44770794781604
27546,5113,5113,17,5.864791134167766
27547,5114,5114,17,16.86904561146722
27548,5115,5115,17,11.618655374033391
27549,5116,5116,17,12.544798428074843
27550,5117,5117,17,1.6405513919192554
27551,5118,5118,17,32.8755764313222
27552,5119,5119,17,6.67582307367607
27553,5120,5120,17,16.18975846676184
27554,5121,5121,17,11.039291717747004
27555,5122,5122,17,31.28049120731495
27556,5123,5123,17,19.176659463184208
27557,5124,5124,17,60.59806047804059
27558,5125,5125,17,41.16988838347784
27559,5126,5126,17,55.27020791568401
27560,5127,5127,17,24.464842988828995
27561,5128,5128,17,10.861397413485378
27562,5129,5129,17,23.659902024014244
27563,5130,5130,17,17.320581230440467
27564,5131,5131,17,15.398919494058788
27565,5132,5132,17,11.770450792426214
27566,5133,5133,17,26.166799122074877
27567,5134,5134,17,1.8454976192854795
27568,5135,5135,17,0.6637024032165557
27569,5136,5136,17,12.455164942014845
27570,5137,5137,17,7.96628527398023
27571,5138,5138,17,5.0188425075181575
27572,5139,5139,17,6.910207280982651
27573,5140,5140,17,2.5506021084623187
27574,5141,5141,17,3.863247689036459
27575,5142,5142,17,8.998059123028547
27576,5143,5143,17,8.540689765469443
27577,5144,5144,17,23.118354350797077
27578,5145,5145,17,3.38664612620236
27579,5146,5146,17,38.61012911037081
27580,5147,5147,17,17.921571285646795
27581,5148,5148,17,9.16565562577346
27582,5149,5149,17,28.80804381622085
27583,5150,5150,17,25.723130623791217
27584,5151,5151,17,11.373519889208913
27585,5152,5152,17,0.2902501079999804
27586,5153,5153,17,9.120174752639024
27587,5154,5154,17,8.066225593861692
27588,5155,5155,17,27.18839670958745
27589,5156,5156,17,13.01325333090397
27590,5157,5157,17,20.221352967868416
27591,5158,5158,17,10.729197293131568
27592,5159,5159,17,9.5518765901807
27593,5160,5160,17,12.918742370395869
27594,5161,5161,17,7.812580917921663
27595,5162,5162,17,14.262759449465287
27596,5163,5163,17,18.296541711542854
27597,5164,5164,17,10.278112885078134
27598,5165,5165,17,24.64908711492001
27599,5166,5166,17,23.40754583811544
27600,5167,5167,17,15.070603356380852
27601,5168,5168,17,11.986187523384196
27602,5169,5169,17,19.74961203110393
27603,5170,5170,17,19.21343959241509
27604,5171,5171,17,15.01761191058984
27605,5172,5172,17,26.09149010978868
27606,5173,5173,17,10.265809179214711
27607,5174,5174,17,8.392583273962408
27608,5175,5175,17,10.383215740536096
27609,5176,5176,17,18.606943634296503
27610,5177,5177,17,11.249655893209711
27611,5178,5178,17,4.944434203643322
27612,5179,5179,17,5.20351586385727
27613,5180,5180,17,2.858327400426388
27614,5181,5181,17,2.114172617572635
27615,5182,5182,17,27.64929511896223
27616,5183,5183,17,21.458493406557025
27617,5184,5184,17,3.1016616994774173
27618,5185,5185,17,76.71021441363332
27619,5186,5186,17,3.909084519869277
27620,5187,5187,17,0.0026999730000048
27621,5188,5188,17,19.651219052949877
27622,5189,5189,17,16.083280879553403
27623,5190,5190,17,2.225249734500125
27624,5191,5191,17,14.414144381476897
27625,5192,5192,17,13.20820613151896
27626,5193,5193,17,4.539192585129201
27627,5194,5194,17,8.071607851369434
27628,5195,5195,17,19.82692602035925
27629,5196,5196,17,15.505273858129897
27630,5197,5197,17,22.13767831536892
27631,5198,5198,17,13.004621108629037
27632,5199,5199,17,22.22849448512478
27633,5200,5200,17,8.422354911873105
27634,5201,5201,17,10.605281620740056
27635,5202,5202,17,17.25736918925017
27636,5203,5203,17,25.267781963967305
27637,5204,5204,17,59.82496881453905
27638,5205,5205,17,16.384657468431026
27639,5206,5206,17,13.07639148757291
27640,5207,5207,17,10.53831527660038
27641,5208,5208,17,4.632533922400385
27642,5209,5209,17,28.180024461253165
27643,5210,5210,17,33.60542553874934
27644,5211,5211,17,32.69989156764267
27645,5212,5212,17,25.14895731187081
27646,5213,5213,17,90.37265476466696
27647,5214,5214,17,31.820345307329013
27648,5215,5215,17,2.7394590200611355
27649,5216,5216,17,1.3528410114363432
27650,5217,5217,17,16.923617079502254
27651,5218,5218,17,21.73003339749307
27652,5219,5219,17,21.914207589639457
27653,5220,5220,17,0.4930922213625537
27654,5221,5221,17,34.88118584932494
27655,5222,5222,17,10.268664425173606
27656,5223,5223,17,10.0203000184388
27657,5224,5224,17,11.356499288563052
27658,5225,5225,17,32.078796355522904
27659,5226,5226,17,8.461703752469926
27660,5227,5227,17,0.105299973000057
27661,5228,5228,17,23.12239122199795
27662,5229,5229,17,42.57985902550694
27663,5230,5230,17,5.971313562670022
27664,5231,5231,17,3.6627366038286464
27665,5232,5232,17,4.344698665860512
27666,5233,5233,17,6.05840084814547
27667,5234,5234,17,11.974277327292882
27668,5235,5235,17,0.2931729292077943
27669,5236,5236,17,13.47282429417909
27670,5237,5237,17,16.894526007318653
27671,5238,5238,17,7.911288659022242
27672,5239,5239,17,33.129161075471735
27673,5240,5240,17,29.08681372225949
27674,5241,5241,17,41.220286430730326
27675,5242,5242,17,19.811735037774824
27676,5243,5243,17,4.970664399729192
27677,5244,5244,17,4.154291861339323
27678,5245,5245,17,6.183557621159888
27679,5246,5246,17,10.47382295923099
27680,5247,5247,17,24.784127013777614
27681,5248,5248,17,36.119243733977854
27682,5249,5249,17,0.8757071795167792
27683,5250,5250,17,12.811532275846956
27684,5251,5251,17,24.02591816966919
27685,5252,5252,17,0.697500251999408
27686,5253,5253,17,32.80633673362581
27687,5254,5254,17,54.18541350040731
27688,5255,5255,17,22.77033282146284
27689,5256,5256,17,8.326917367534964
27690,5257,5257,17,17.604863116775707
27691,5258,5258,17,24.375636797735176
27692,5259,5259,17,8.25668734243916
27693,5260,5260,17,7.515711078595372
27694,5261,5261,17,6.602797508497626
27695,5262,5262,17,7.385554650973873
27696,5263,5263,17,16.208321002620636
27697,5264,5264,17,15.409579424881578
27698,5265,5265,17,27.7461211501452
27699,5266,5266,17,37.03992850785527
27700,5267,5267,17,28.838557303803256
27701,5268,5268,17,49.981642039199215
27702,5269,5269,17,53.282843566688406
27703,5270,5270,17,30.313656154325717
27704,5271,5271,17,26.78362050367385
27705,5272,5272,17,13.95398011732238
27706,5273,5273,17,2.473199743501097
27707,5274,5274,17,0.6610500495002269
27708,5275,5275,17,0.1606500269999206
27709,5276,5276,17,4.906268299472921
27710,5277,5277,17,7.969528570161804
27711,5278,5278,17,4.614802603859245
27712,5279,5279,17,5.867468156982869
27713,5280,5280,17,0.2214823605169244
27714,5281,5281,17,8.323873381947339
27715,5282,5282,17,5.610825511054538
27716,5283,5283,17,38.1656029919945
27717,5284,5284,17,37.58424668400847
27718,5285,5285,17,3.3356640099659525
27719,5286,5286,17,13.540235850535169
27720,5287,5287,17,1.7993302940230147
27721,5288,5288,17,2.2911695034767465
27722,5289,5289,17,14.460095725632272
27723,5290,5290,17,15.201077777263496
27724,5291,5291,17,6.508476879600498
27725,5292,5292,17,3.193132906921208
27726,5293,5293,17,11.187678272648672
27727,5294,5294,17,5.122462391324192
27728,5295,5295,17,6.215126235615514
27729,5296,5296,17,3.7846548285498014
27730,5297,5297,17,1.3354450859500542
27731,5298,5298,17,0.5674500990003795
27732,5299,5299,17,17.44321653911811
27733,5300,5300,17,23.49778410438322
27734,5301,5301,17,14.32356025473909
27735,5302,5302,17,5.977289119763374
27736,5303,5303,17,45.26187467133374
27737,5304,5304,17,43.14422473467328
27738,5305,5305,17,3.3188711520473584
27739,5306,5306,17,2.4222291404532528
27740,5307,5307,17,23.08537412162818
27741,5308,5308,17,10.683526796370744
27742,5309,5309,17,0.7235996894992441
27743,5310,5310,17,0.6435376582337394
27744,5311,5311,17,2.3665118512654635
27745,5312,5312,17,10.641744656714977
27746,5313,5313,17,16.61025525778332
27747,5314,5314,17,30.589046779656652
27748,5315,5315,17,3.6330027298399545
27749,5316,5316,17,6.894746429727495
27750,5317,5317,17,3.705453246271495
27751,5318,5318,17,21.147364854367048
27752,5319,5319,17,27.51788492063361
27753,5320,5320,17,16.599117876783804
27754,5321,5321,17,11.630733135714442
27755,5322,5322,17,18.002584115638047
27756,5323,5323,17,24.956216388370887
27757,5324,5324,17,9.312752335731917
27758,5325,5325,17,1.5493478127692482
27759,5326,5326,17,15.46942668953967
27760,5327,5327,17,64.9050721314639
27761,5328,5328,17,2.072383999672465
27762,5329,5329,17,1.44931626582684
27763,5330,5330,17,42.08544460898622
27764,5331,5331,17,9.792355512516352
27765,5332,5332,17,24.549720955678318
27766,5333,5333,17,12.91862837380952
27767,5334,5334,17,7.219188948733862
27768,5335,5335,17,5.458210358265137
27769,5336,5336,17,0.8152507347585485
27770,5337,5337,17,5.494649845741421
27771,5338,5338,17,35.621021728507934
27772,5339,5339,17,27.828527740507
27773,5340,5340,17,20.493814417581827
27774,5341,5341,17,14.58953575341876
27775,5342,5342,17,4.331109478884749
27776,5343,5343,17,5.026191088113401
27777,5344,5344,17,25.92287070609054
27778,5345,5345,17,21.008978731407154
27779,5346,5346,17,19.014568759954575
27780,5347,5347,17,11.663731559545608
27781,5348,5348,17,60.73359128001344
27782,5349,5349,17,2.875258526495585
27783,5350,5350,17,1.8364751791710852
27784,5351,5351,17,4.418974951327957
27785,5352,5352,17,49.262104135229215
27786,5353,5353,17,35.486396251782
27787,5354,5354,17,32.267386896686226
27788,5355,5355,17,15.603612779314057
27789,5356,5356,17,14.72355620943506
27790,5357,5357,17,9.043643606064924
27791,5358,5358,17,52.394544613496045
27792,5359,5359,17,14.347206295511633
27793,5360,5360,17,35.55003861481642
27794,5361,5361,17,20.482610381680047
27795,5362,5362,17,33.13924148658552
27796,5363,5363,17,13.249908706920676
27797,5364,5364,17,0.5134500045000314
27798,5365,5365,17,12.708515370762251
27799,5366,5366,17,20.732334048733605
27800,5367,5367,17,28.36671155575329
27801,5368,5368,17,26.70293782773025
27802,5369,5369,17,25.14318237232837
27803,5370,5370,17,10.059867902172416
27804,5371,5371,17,32.939849580697114
27805,5372,5372,17,49.99739960930402
27806,5373,5373,17,22.451058473638444
27807,5374,5374,17,20.16529127887395
27808,5375,5375,17,6.593225518696606
27809,5376,5376,17,39.36212438680226
27810,5377,5377,17,11.709997889247576
27811,5378,5378,17,3.533752727242092
27812,5379,5379,17,10.726316412980475
27813,5380,5380,17,8.848233488010779
27814,5381,5381,17,28.50789420267987
27815,5382,5382,17,17.190955216841072
27816,5383,5383,17,10.278818556150911
27817,5384,5384,17,13.379932510349365
27818,5385,5385,17,4.864123663709163
27819,5386,5386,17,14.619976007791612
27820,5387,5387,17,13.26207874153784
27821,5388,5388,17,5.201420835464705
27822,5389,5389,17,3.979046549855806
27823,5390,5390,17,7.4172026221416445
27824,5391,5391,17,1.5470758147662804
27825,5392,5392,17,1.040424423734048
27826,5393,5393,17,16.728943860310235
27827,5394,5394,17,12.16690604970093
27828,5395,5395,17,13.104038656674147
27829,5396,5396,17,24.977661082324044
27830,5397,5397,17,30.731532962857443
27831,5398,5398,17,5.285566474647879
27832,5399,5399,17,23.441529942972306
27833,5400,5400,17,29.776821488037356
27834,5401,5401,17,13.758711250291404
27835,5402,5402,17,22.218788965707688
27836,5403,5403,17,32.26418464966929
27837,5404,5404,17,48.88341567883415
27838,5405,5405,17,0.0468000629999563
27839,5406,5406,17,81.06979196405975
27840,5407,5407,17,26.83840714493412
27841,5408,5408,17,5.193629452003434
27842,5409,5409,17,25.08551965699449
27843,5410,5410,17,21.254041854417025
27844,5411,5411,17,12.89915851907312
27845,5412,5412,17,8.937308910105568
27846,5413,5413,17,16.68208960939172
27847,5414,5414,17,9.234798307005867
27848,5415,5415,17,5.391102489490994
27849,5416,5416,17,6.80727827347438
27850,5417,5417,17,10.426372275520505
27851,5418,5418,17,42.743201889027866
27852,5419,5419,17,10.178598790475071
27853,5420,5420,17,15.43069489550671
27854,5421,5421,17,0.45475537450088
27855,5422,5422,17,28.77649997686231
27856,5423,5423,17,29.67129887112564
27857,5424,5424,17,22.045443883430853
27858,5425,5425,17,15.264057043567924
27859,5426,5426,17,8.701035113862797
27860,5427,5427,17,17.57806494013519
27861,5428,5428,17,15.340010754517971
27862,5429,5429,17,5.488690982480966
27863,5430,5430,17,22.20804300485024
27864,5431,5431,17,18.56240573065489
27865,5432,5432,17,8.736519422350261
27866,5433,5433,17,20.49368088814807
27867,5434,5434,17,6.725443541549146
27868,5435,5435,17,15.013606633950726
27869,5436,5436,17,27.697379640676825
27870,5437,5437,17,9.869970219829504
27871,5438,5438,17,38.7734782471412
27872,5439,5439,17,11.285421721361365
27873,5440,5440,17,13.218590969174624
27874,5441,5441,17,24.472959795819342
27875,5442,5442,17,26.118433469146417
27876,5443,5443,17,1.9412877383127611
27877,5444,5444,17,26.708879553043246
27878,5445,5445,17,43.96273644159221
27879,5446,5446,17,18.42940705399815
27880,5447,5447,17,9.769857075914263
27881,5448,5448,17,12.351477435876124
27882,5449,5449,17,2.753672942128345
27883,5450,5450,17,24.84311746197888
27884,5451,5451,17,4.320423365176084
27885,5452,5452,17,2.3025103106663725
27886,5453,5453,17,4.915549771172389
27887,5454,5454,17,11.71705554830505
27888,5455,5455,17,31.57659376234589
27889,5456,5456,17,5.349357869933635
27890,5457,5457,17,1.6647424954187982
27891,5458,5458,17,3.371899729299217
27892,5459,5459,17,1.5039260979137048
27893,5460,5460,17,2.301974259789245
27894,5461,5461,17,0.0001499940000921
27895,5462,5462,17,5.493547747317187
27896,5463,5463,17,16.19992104354328
27897,5464,5464,17,8.610479968059384
27898,5465,5465,17,4.999899783085692
27899,5466,5466,17,0.2861096100600361
27900,5467,5467,17,6.482790416937351
27901,5468,5468,17,1.433815543772786
27902,5469,5469,17,6.143560378779538
27903,5470,5470,17,28.580573181948957
27904,5471,5471,17,0.6261370583413989
27905,5472,5472,17,2.815913166658764
27906,5473,5473,17,20.427936562838216
27907,5474,5474,17,8.200163855654003
27908,5475,5475,17,26.08045363446149
27909,5476,5476,17,2.739795857038916
27910,5477,5477,17,1.5655504274995624
27911,5478,5478,17,14.166758546768548
27912,5479,5479,17,36.25709133173187
27913,5480,5480,17,12.0338909353486
27914,5481,5481,17,13.129209771150231
27915,5482,5482,17,15.864075703088194
27916,5483,5483,17,67.87552485490224
27917,5484,5484,17,30.71771760803382
27918,5485,5485,17,32.39433109145831
27919,5486,5486,17,52.818494998592826
27920,5487,5487,17,5.220254969914659
27921,5488,5488,17,17.542596712073156
27922,5489,5489,17,10.128353557930248
27923,5490,5490,17,17.537820846460864
27924,5491,5491,17,22.29527887003952
27925,5492,5492,17,1.6819002857514025
27926,5493,5493,17,10.975699687246932
27927,5494,5494,17,20.233160463214485
27928,5495,5495,17,11.69208923078473
27929,5496,5496,17,8.952195170944169
27930,5497,5497,17,26.591955949554052
27931,5498,5498,17,26.44624640934324
27932,5499,5499,17,14.437604243167437
27933,5500,5500,17,36.79085561579832
27934,5501,5501,17,7.615144253702329
27935,5502,5502,17,4.356804447741657
27936,5503,5503,17,12.682445322759293
27937,5504,5504,17,25.11429570854781
27938,5505,5505,17,34.89680419245802
27939,5506,5506,17,76.0720278974103
27940,5507,5507,17,23.38562109459389
27941,5508,5508,17,0.1642500900000482
27942,5509,5509,17,12.88714405537132
27943,5510,5510,17,19.99570561614603
27944,5511,5511,17,19.695379284623865
27945,5512,5512,17,10.09237071537608
27946,5513,5513,17,23.222687813571945
27947,5514,5514,17,97.39351263642492
27948,5515,5515,17,38.85008235226512
27949,5516,5516,17,46.027117728729415
27950,5517,5517,17,2.942389327499289
27951,5518,5518,17,1.4640105780007389
27952,5519,5519,17,3.0943890342795104
27953,5520,5520,17,3.29696064621751
27954,5521,5521,17,31.422859112139232
27955,5522,5522,17,19.581490617859647
27956,5523,5523,17,16.06941328231877
27957,5524,5524,17,8.73773672668329
27958,5525,5525,17,24.22262043053112
27959,5526,5526,17,14.703729425467849
27960,5527,5527,17,28.59893743223772
27961,5528,5528,17,13.749662599261224
27962,5529,5529,17,18.158314247157424
27963,5530,5530,17,18.69758622084428
27964,5531,5531,17,8.740875829560105
27965,5532,5532,17,5.781074588937983
27966,5533,5533,17,49.55703120144875
27967,5534,5534,17,37.60292114638021
27968,5535,5535,17,10.492299164170744
27969,5536,5536,17,31.778739557674932
27970,5537,5537,17,57.67900983481455
27971,5538,5538,17,28.17437292888397
27972,5539,5539,17,27.379634784650705
27973,5540,5540,17,5.329193267468807
27974,5541,5541,17,0.5579997210000157
27975,5542,5542,17,2.2158012730389838
27976,5543,5543,17,1.1623486234581768
27977,5544,5544,17,17.58907178044665
27978,5545,5545,17,29.5790267120582
27979,5546,5546,17,20.225101509570894
27980,5547,5547,17,51.48869861643266
27981,5548,5548,17,28.393094813506664
27982,5549,5549,17,25.38460519099024
27983,5550,5550,17,27.446013201132256
27984,5551,5551,17,23.65958600236678
27985,5552,5552,17,16.959830495872826
27986,5553,5553,17,11.668719333129138
27987,5554,5554,17,22.43097354283732
27988,5555,5555,17,23.170676646158604
27989,5556,5556,17,14.13908905458641
27990,5557,5557,17,21.053318242444835
27991,5558,5558,17,5.858392378966014
27992,5559,5559,17,1.576838502560705
27993,5560,5560,17,4.387910907938175
27994,5561,5561,17,28.94438937232246
27995,5562,5562,17,16.609110902175626
27996,5563,5563,17,17.414549217210116
27997,5564,5564,17,28.180351768298543
27998,5565,5565,17,37.97186821174613
27999,5566,5566,17,23.67048234176037
28000,5567,5567,17,17.905628605761812
28001,5568,5568,17,31.17272237073793
28002,5569,5569,17,22.61372090198024
28003,5570,5570,17,59.035180052018106
28004,5571,5571,17,10.864889151441128
28005,5572,5572,17,24.749459566061677
28006,5573,5573,17,53.283631825798814
28007,5574,5574,17,4.294805497216933
28008,5575,5575,17,62.469862969501
28009,5576,5576,17,12.514731873291538
28010,5577,5577,17,9.405857355033495
28011,5578,5578,17,3.74966039367597
28012,5579,5579,17,66.98830743997436
28013,5580,5580,17,49.18189143953784
28014,5581,5581,17,0.4843194797411412
28015,5582,5582,17,12.639731827244995
28016,5583,5583,17,2.846449273512893
28017,5584,5584,17,24.585806967071527
28018,5585,5585,17,8.649843883424346
28019,5586,5586,17,5.003050341430545
28020,5587,5587,17,5.79604950106816
28021,5588,5588,17,22.845436815308453
28022,5589,5589,17,78.35326360318604
28023,5590,5590,17,48.82925596753642
28024,5591,5591,17,82.77729405047324
28025,5592,5592,17,0.193050107999824
28026,5593,5593,17,0.7579682330175489
28027,5594,5594,17,2.1953818974825143
28028,5595,5595,17,17.870952407816052
28029,5596,5596,17,33.617597911688016
28030,5597,5597,17,11.998650201824754
28031,5598,5598,17,12.678449600174488
28032,5599,5599,17,0.0135000270000249
28033,5600,5600,17,25.46418423836275
28034,5601,5601,17,11.309365905639009
28035,5602,5602,17,3.028020522618085
28036,5603,5603,17,24.48087483382657
28037,5604,5604,17,16.41290382904877
28038,5605,5605,17,12.98696818613997
28039,5606,5606,17,3.829438074839473
28040,5607,5607,17,14.042793586019329
28041,5608,5608,17,11.322024760804094
28042,5609,5609,17,19.710875338196576
28043,5610,5610,17,42.66759443791219
28044,5611,5611,17,43.60280689859162
28045,5612,5612,17,1.2582000405002758
28046,5613,5613,17,18.96183244481132
28047,5614,5614,17,16.84106840119102
28048,5615,5615,17,8.25912459373594
28049,5616,5616,17,6.15302525326126
28050,5617,5617,17,38.26411477588264
28051,5618,5618,17,19.342142301699536
28052,5619,5619,17,13.126092292428476
28053,5620,5620,17,22.4046418399176
28054,5621,5621,17,0.6821587180784866
28055,5622,5622,17,12.998293419775482
28056,5623,5623,17,28.074106458737592
28057,5624,5624,17,17.711186794375184
28058,5625,5625,17,11.405162634124084
28059,5626,5626,17,15.710378731706433
28060,5627,5627,17,9.967070503290651
28061,5628,5628,17,16.723904584727617
28062,5629,5629,17,20.947844726765545
28063,5630,5630,17,35.88345798632321
28064,5631,5631,17,58.52384255818108
28065,5632,5632,17,3.0983486130174587
28066,5633,5633,17,0.3473015399825275
28067,5634,5634,17,83.64481583133724
28068,5635,5635,17,33.371383556659964
28069,5636,5636,17,23.278361269903883
28070,5637,5637,17,52.80178980560019
28071,5638,5638,17,49.99070930344877
28072,5639,5639,17,8.994390975545745
28073,5640,5640,17,4.695279248750508
28074,5641,5641,17,9.506721426247887
28075,5642,5642,17,12.242083289543151
28076,5643,5643,17,7.09216600394632
28077,5644,5644,17,3.21640518134046
28078,5645,5645,17,2.798295538656577
28079,5646,5646,17,4.153263408843711
28080,5647,5647,17,2.1404358621580304
28081,5648,5648,17,13.367425830406264
28082,5649,5649,17,25.342923620584347
28083,5650,5650,17,26.95079380402264
28084,5651,5651,17,121.0173060610076
28085,5652,5652,17,0.0697499415000677
28086,5653,5653,17,39.43442701210917
28087,5654,5654,17,31.31862322638223
28088,5655,5655,17,38.08861194414096
28089,5656,5656,17,15.817787605860666
28090,5657,5657,17,19.79186883294212
28091,5658,5658,17,18.37398047855672
28092,5659,5659,17,49.94407490925023
28093,5660,5660,17,17.484375279760233
28094,5661,5661,17,7.519253534772089
28095,5662,5662,17,0.2108458442289233
28096,5663,5663,17,31.46330257659763
28097,5664,5664,17,22.60959792288473
28098,5665,5665,17,0.0117000224998295
28099,5666,5666,17,16.479515980677597
28100,5667,5667,17,34.45193450533169
28101,5668,5668,17,10.273936240540548
28102,5669,5669,17,9.603014578463274
28103,5670,5670,17,8.012681505586743
28104,5671,5671,17,23.76361834592207
28105,5672,5672,17,72.75576879330006
28106,5673,5673,17,34.34873136418778
28107,5674,5674,17,89.13526882877171
28108,5675,5675,17,11.77093166172633
28109,5676,5676,17,73.68966033233059
28110,5677,5677,17,6.715889204166636
28111,5678,5678,17,12.821888227361768
28112,5679,5679,17,12.982012650142766
28113,5680,5680,17,5.592015006565183
28114,5681,5681,17,8.166735569431872
28115,5682,5682,17,4.627269643847689
28116,5683,5683,17,5.466680666652493
28117,5684,5684,17,19.15614856935048
28118,5685,5685,17,29.998701390150732
28119,5686,5686,17,20.39582542404279
28120,5687,5687,17,3.74712462546256
28121,5688,5688,17,9.870383095219772
28122,5689,5689,17,18.415716846281104
28123,5690,5690,17,21.64233085755224
28124,5691,5691,17,18.019319209943227
28125,5692,5692,17,34.98056559817514
28126,5693,5693,17,12.565533974320536
28127,5694,5694,17,0.0670501305000782
28128,5695,5695,17,28.426564283891484
28129,5696,5696,17,36.78968515361312
28130,5697,5697,17,30.04677993955264
28131,5698,5698,17,9.39842054196384
28132,5699,5699,17,18.357080957492293
28133,5700,5700,17,55.21161895250201
28134,5701,5701,17,3.069562666632608
28135,5702,5702,17,3.6664873558669258
28136,5703,5703,17,20.01397825715734
28137,5704,5704,17,14.747621504348906
28138,5705,5705,17,17.263829308420057
28139,5706,5706,17,20.233771312569843
28140,5707,5707,17,38.83350121916194
28141,5708,5708,17,43.11149838933808
28142,5709,5709,17,67.6798048464124
28143,5710,5710,17,27.99514471261389
28144,5711,5711,17,12.25146190663658
28145,5712,5712,17,26.924638961858765
28146,5713,5713,17,0.0116999955000504
28147,5714,5714,17,29.059899556213328
28148,5715,5715,17,80.39900068228523
28149,5716,5716,17,3.43264589324829
28150,5717,5717,17,4.304653557751104
28151,5718,5718,17,34.01174702502114
28152,5719,5719,17,5.457754428471986
28153,5720,5720,17,14.239263827802576
28154,5721,5721,17,11.751385609705656
28155,5722,5722,17,16.400956584299298
28156,5723,5723,17,67.59244325818736
28157,5724,5724,17,43.84830537550993
28158,5725,5725,17,0.5797452409921586
28159,5726,5726,17,28.924531002056582
28160,5727,5727,17,6.086368565929583
28161,5728,5728,17,0.5854499279995486
28162,5729,5729,17,7.00674445292595
28163,5730,5730,17,8.938555794565849
28164,5731,5731,17,12.173424483917206
28165,5732,5732,17,33.75177440458559
28166,5733,5733,17,17.75296996463125
28167,5734,5734,17,11.285080368367767
28168,5735,5735,17,23.77073992878309
28169,5736,5736,17,11.38101222222279
28170,5737,5737,17,20.85310951434401
28171,5738,5738,17,10.93084034615946
28172,5739,5739,17,44.39983524985668
28173,5740,5740,17,1.1230639356471075
28174,5741,5741,17,19.800251809972345
28175,5742,5742,17,21.159198464528224
28176,5743,5743,17,20.043378490841626
28177,5744,5744,17,13.154023003156096
28178,5745,5745,17,24.95728866067457
28179,5746,5746,17,10.10491098832768
28180,5747,5747,17,21.2877079970683
28181,5748,5748,17,17.42939202093473
28182,5749,5749,17,52.94100207772254
28183,5750,5750,17,19.140897004289844
28184,5751,5751,17,0.0008999954999536
28185,5752,5752,17,72.43295088791835
28186,5753,5753,17,25.05010047107866
28187,5754,5754,17,77.53570272817527
28188,5755,5755,17,38.4270445763386
28189,5756,5756,17,3.4448049530474543
28190,5757,5757,17,11.350745649960064
28191,5758,5758,17,37.65575983884606
28192,5759,5759,17,14.745389562659309
28193,5760,5760,17,10.738379994677535
28194,5761,5761,17,11.08752084682418
28195,5762,5762,17,0.0026999730000048
28196,5763,5763,17,38.64679303182752
28197,5764,5764,17,65.48770653166451
28198,5765,5765,17,24.47580186502668
28199,5766,5766,17,61.60784923747134
28200,5767,5767,17,30.979121180943896
28201,5768,5768,17,14.37007918355155
28202,5769,5769,17,12.083532300678796
28203,5770,5770,17,18.809417357306558
28204,5771,5771,17,47.88380525943389
28205,5772,5772,17,4.675294020559311
28206,5773,5773,17,2.10914997749988
28207,5774,5774,17,27.267913581245065
28208,5775,5775,17,33.07843774176802
28209,5776,5776,17,10.011131795998246
28210,5777,5777,17,16.577568289503336
28211,5778,5778,17,42.6040685369288
28212,5779,5779,17,36.29083212006458
28213,5780,5780,17,57.88660897276862
28214,5781,5781,17,54.59809141873332
28215,5782,5782,17,4.487517643217393
28216,5783,5783,17,67.6803317582639
28217,5784,5784,17,16.52719592697939
28218,5785,5785,17,17.55760420801404
28219,5786,5786,17,1.484999473499775
28220,5787,5787,17,17.50037069238729
28221,5788,5788,17,87.19392946061411
28222,5789,5789,17,18.754922137612105
28223,5790,5790,17,9.630627461883844
28224,5791,5791,17,61.993210606753536
28225,5792,5792,17,30.192439456241235
28226,5793,5793,17,96.33954976524087
28227,5794,5794,17,39.47765030676133
28228,5795,5795,17,86.76749727988494
28229,5796,5796,17,9.91050245460838
28230,5797,5797,17,19.81838009227276
28231,5798,5798,17,16.68876918323353
28232,5799,5799,17,22.70069632563619
28233,5800,5800,17,23.11515403435339
28234,5801,5801,17,35.28610443508886
28235,5802,5802,17,9.982094700902277
28236,5803,5803,17,9.50559444651152
28237,5804,5804,17,21.969207263482343
28238,5805,5805,17,68.78349845851574
28239,5806,5806,17,54.43202566645889
28240,5807,5807,17,1.3355811176283752
28241,5808,5808,17,17.812243938454877
28242,5809,5809,17,38.10923088526873
28243,5810,5810,17,105.00066907873712
28244,5811,5811,17,23.499562296367845
28245,5812,5812,17,6.841236902629943
28246,5813,5813,17,56.476809532983886
28247,5814,5814,17,7.086140314020159
28248,5815,5815,17,68.99661786562082
28249,5816,5816,17,19.20023348438633
28250,5817,5817,17,2.968269038838163
28251,5818,5818,17,1.810730299662188
28252,5819,5819,17,35.053391473265265
28253,5820,5820,17,16.08595898572523
28254,5821,5821,17,6.628370842331231
28255,5822,5822,17,4.087479126166448
28256,5823,5823,17,0.1673998110001236
28257,5824,5824,17,11.047671587082329
28258,5825,5825,17,59.04972810241159
28259,5826,5826,17,31.24120058212498
28260,5827,5827,17,26.743549588885507
28261,5828,5828,17,19.678285416511685
28262,5829,5829,17,19.39791429098666
28263,5830,5830,17,46.83312044318436
28264,5831,5831,17,17.722078593836564
28265,5832,5832,17,31.24639445058552
28266,5833,5833,17,5.855205463907972
28267,5834,5834,17,33.41287716472575
28268,5835,5835,17,13.733622826258562
28269,5836,5836,17,16.901002734886728
28270,5837,5837,17,15.1619476476095
28271,5838,5838,17,4.335546874149084
28272,5839,5839,17,38.69390163635096
28273,5840,5840,17,90.91485708584328
28274,5841,5841,17,30.336291856641143
28275,5842,5842,17,20.281327070321165
28276,5843,5843,17,10.989623627176876
28277,5844,5844,17,30.46197817359233
28278,5845,5845,17,8.939571965912275
28279,5846,5846,17,62.65569254570024
28280,5847,5847,17,21.85475830928225
28281,5848,5848,17,23.090756037099705
28282,5849,5849,17,14.547244016900876
28283,5850,5850,17,19.275580437954456
28284,5851,5851,17,8.013320061540394
28285,5852,5852,17,12.68877226668036
28286,5853,5853,17,22.08767807532665
28287,5854,5854,17,32.45563927995276
28288,5855,5855,17,26.210861215049967
28289,5856,5856,17,10.135041253274023
28290,5857,5857,17,26.6700092327295
28291,5858,5858,17,45.18867139803609
28292,5859,5859,17,9.102028093465488
28293,5860,5860,17,23.77706544864841
28294,5861,5861,17,21.872734195847144
28295,5862,5862,17,9.230124723074177
28296,5863,5863,17,23.292275569434896
28297,5864,5864,17,16.475349416439133
28298,5865,5865,17,3.027199670064181
28299,5866,5866,17,43.247464113228006
28300,5867,5867,17,6.486085733787045
28301,5868,5868,17,13.075394853983996
28302,5869,5869,17,19.67425530801645
28303,5870,5870,17,9.095980373048343
28304,5871,5871,17,13.815319550455568
28305,5872,5872,17,8.407744933583409
28306,5873,5873,17,16.582104823422878
28307,5874,5874,17,8.92858487106981
28308,5875,5875,17,14.986015225019592
28309,5876,5876,17,2.1808920797912608
28310,5877,5877,17,7.434006915121927
28311,5878,5878,17,13.528819359607771
28312,5879,5879,17,12.406374641118807
28313,5880,5880,17,1.71235681827599
28314,5881,5881,17,3.4587812798952013
28315,5882,5882,17,6.416468045101514
28316,5883,5883,17,31.55940251036256
28317,5884,5884,17,31.67819798462738
28318,5885,5885,17,3.278042564579874
28319,5886,5886,17,8.164106566924126
28320,5887,5887,17,12.90305635814114
28321,5888,5888,17,8.921043506857828
28322,5889,5889,17,17.692595531681835
28323,5890,5890,17,21.895704180316446
28324,5891,5891,17,0.4892869999738037
28325,5892,5892,17,10.366062838026256
28326,5893,5893,17,18.11354853875615
28327,5894,5894,17,21.16650124973731
28328,5895,5895,17,37.716532025889634
28329,5896,5896,17,43.43646934209888
28330,5897,5897,17,63.80524711160639
28331,5898,5898,17,31.947102154879968
28332,5899,5899,17,0.1376998785000443
28333,5900,5900,17,13.727469644353064
28334,5901,5901,17,38.07517995513719
28335,5902,5902,17,0.00405
28336,5903,5903,17,1.5183834596541523
28337,5904,5904,17,8.13996642334722
28338,5905,5905,17,2.830249773275003
28339,5906,5906,17,4.418524767953
28340,5907,5907,17,27.802717467552583
28341,5908,5908,17,6.036871138842553
28342,5909,5909,17,3.6129608599821657
28343,5910,5910,17,1.492099174112603
28344,5911,5911,17,1.9403792437842464
28345,5912,5912,17,1.2988124538725765
28346,5913,5913,17,2.322338527126428
28347,5914,5914,17,16.11828397533396
28348,5915,5915,17,8.283865907659587
28349,5916,5916,17,15.938528358813205
28350,5917,5917,17,2.519698633397472
28351,5918,5918,17,8.858572206788063
28352,5919,5919,17,98.02569531228744
28353,5920,5920,17,29.5691049802299
28354,5921,5921,17,0.0175499865000098
28355,5922,5922,17,5.502699525894374
28356,5923,5923,17,20.174911103080152
28357,5924,5924,17,8.365789578039273
28358,5925,5925,17,1.9327503735006155
28359,5926,5926,17,6.699342947436601
28360,5927,5927,17,16.70920595456694
28361,5928,5928,17,9.199881339343763
28362,5929,5929,17,33.32466430845961
28363,5930,5930,17,2.3025776601245798
28364,5931,5931,17,4.366876381564289
28365,5932,5932,17,24.88496318081812
28366,5933,5933,17,4.755187179186724
28367,5934,5934,17,2.0203139218508004
28368,5935,5935,17,3.367985988149222
28369,5936,5936,17,1.4008497930001318
28370,5937,5937,17,0.216546538513653
28371,5938,5938,17,4.070153074489072
28372,5939,5939,17,0.7452003644999564
28373,5940,5940,17,7.626812174787484
28374,5941,5941,17,15.519216857188292
28375,5942,5942,17,5.318930231029987
28376,5943,5943,17,20.858642761992044
28377,5944,5944,17,8.204086629826186
28378,5945,5945,17,6.020862020175174
28379,5946,5946,17,0.5151616882851897
28380,5947,5947,17,13.88342182785812
28381,5948,5948,17,1.8486662948566663
28382,5949,5949,17,9.359437513545387
28383,5950,5950,17,3.76685220203471
28384,5951,5951,17,7.516030237740174
28385,5952,5952,17,15.898580280684705
28386,5953,5953,17,1.2757496489998996
28387,5954,5954,17,21.82359187864036
28388,5955,5955,17,26.70215860735448
28389,5956,5956,17,0.3168000494998395
28390,5957,5957,17,3.27382240996693
28391,5958,5958,17,0.8796778285334893
28392,5959,5959,17,42.81322108581893
28393,5960,5960,17,20.021627244695267
28394,5961,5961,17,33.49047580187646
28395,5962,5962,17,31.61818066288832
28396,5963,5963,17,79.95797358907153
28397,5964,5964,17,35.60279631079018
28398,5965,5965,17,96.09542386482526
28399,5966,5966,17,4.519142788478862
28400,5967,5967,17,4.775148597494334
28401,5968,5968,17,1.34583062956475
28402,5969,5969,17,2.950071053243786
28403,5970,5970,17,1.9051073362121436
28404,5971,5971,17,1.570235379417373
28405,5972,5972,17,7.6672542699176
28406,5973,5973,17,7.4273607196621505
28407,5974,5974,17,1.4597997750009295
28408,5975,5975,17,14.080515703293468
28409,5976,5976,17,39.69739962006149
28410,5977,5977,17,2.219634618147439
28411,5978,5978,17,2.180976189079374
28412,5979,5979,17,21.70270284634459
28413,5980,5980,17,24.419321707070267
28414,5981,5981,17,44.34532185433592
28415,5982,5982,17,29.696329248152487
28416,5983,5983,17,33.41843111450081
28417,5984,5984,17,26.28172046048987
28418,5985,5985,17,11.05599162661183
28419,5986,5986,17,97.95007908693736
28420,5987,5987,17,95.43342821030336
28421,5988,5988,17,35.24040149012758
28422,5989,5989,17,59.46979966900893
28423,5990,5990,17,7.559295997324851
28424,5991,5991,17,5.537680347041223
28425,5992,5992,17,9.434593618208572
28426,5993,5993,17,10.508535451515211
28427,5994,5994,17,1.494642837903726
28428,5995,5995,17,2.64036925948596
28429,5996,5996,17,10.312430533513108
28430,5997,5997,17,35.53290148196088
28431,5998,5998,17,2.4353981490405547
28432,5999,5999,17,28.045018851025134
28433,6000,6000,17,1.6441816214680658
28434,6001,6001,17,2.7259350209876745
28435,6002,6002,17,19.75819961051327
28436,6003,6003,17,12.043466191996794
28437,6004,6004,17,2.493450107999891
28438,6005,6005,17,0.9893273571696282
28439,6006,6006,17,4.697772719333351
28440,6007,6007,17,10.923994613997094
28441,6008,6008,17,62.301355845010725
28442,6009,6009,17,0.5548502025003955
28443,6010,6010,17,11.453114032294303
28444,6011,6011,17,66.36945037499909
28445,6012,6012,17,21.932426457538057
28446,6013,6013,17,31.0826725462659
28447,6014,6014,17,23.89933675088591
28448,6015,6015,17,9.62169149048084
28449,6016,6016,17,18.074459315013765
28450,6017,6017,17,3.5653860248877
28451,6018,6018,17,50.42336368711472
28452,6019,6019,17,13.896311106535748
28453,6020,6020,17,19.823119752265512
28454,6021,6021,17,2.0893192221976444
28455,6022,6022,17,2.8019881369103192
28456,6023,6023,17,21.278299597762064
28457,6024,6024,17,12.591424104361534
28458,6025,6025,17,35.2373882149657
28459,6026,6026,17,5.614822578927964
28460,6027,6027,17,1.537027713570714
28461,6028,6028,17,9.567160382329387
28462,6029,6029,17,13.626289343174696
28463,6030,6030,17,39.64794756856531
28464,6031,6031,17,20.068852237941478
28465,6032,6032,17,0.3212997974999249
28466,6033,6033,17,0.00405
28467,6034,6034,17,1.5412345417714566
28468,6035,6035,17,70.44195191135131
28469,6036,6036,17,4.898266804872359
28470,6037,6037,17,2.6451623497082597
28471,6038,6038,17,27.090084153788805
28472,6039,6039,17,0.0751498199999705
28473,6040,6040,17,38.03792398250256
28474,6041,6041,17,10.550375927497068
28475,6042,6042,17,27.388297589199244
28476,6043,6043,17,4.268441396418757
28477,6044,6044,17,3.040264039856836
28478,6045,6045,17,2.589547132028913
28479,6046,6046,17,11.371364944358405
28480,6047,6047,17,3.289969802196868
28481,6048,6048,17,17.128916810441286
28482,6049,6049,17,20.998397529445302
28483,6050,6050,17,3.4316057336063635
28484,6051,6051,17,1.2512736989827753
28485,6052,6052,17,36.22162291645921
28486,6053,6053,17,0.6965220118776336
28487,6054,6054,17,3.8399285191241503
28488,6055,6055,17,10.665193896292642
28489,6056,6056,17,15.156256859707176
28490,6057,6057,17,12.46268365293231
28491,6058,6058,17,10.2819264678889
28492,6059,6059,17,3.8590241306212434
28493,6060,6060,17,2.741764686555734
28494,6061,6061,17,4.65012344636786
28495,6062,6062,17,12.263537550618786
28496,6063,6063,17,13.084208984802244
28497,6064,6064,17,12.49652864571391
28498,6065,6065,17,0.6427616987038794
28499,6066,6066,17,57.56071654690898
28500,6067,6067,17,9.628621929895818
28501,6068,6068,17,18.9286306323096
28502,6069,6069,17,10.429389849018373
28503,6070,6070,17,16.820984598618985
28504,6071,6071,17,5.242045118049337
28505,6072,6072,17,8.72787805635912
28506,6073,6073,17,36.35582066564502
28507,6074,6074,17,7.303114153516531
28508,6075,6075,17,15.071335666484384
28509,6076,6076,17,19.992607886773385
28510,6077,6077,17,12.437092788229045
28511,6078,6078,17,24.72776522380096
28512,6079,6079,17,19.194935118191285
28513,6080,6080,17,33.83315304782626
28514,6081,6081,17,2.883643290377423
28515,6082,6082,17,18.792491288537786
28516,6083,6083,17,5.076462107769259
28517,6084,6084,17,2.6207930449480714
28518,6085,6085,17,5.57761966628849
28519,6086,6086,17,11.958727681691022
28520,6087,6087,17,9.447459895060955
28521,6088,6088,17,2.7038768157828748
28522,6089,6089,17,7.292873535217904
28523,6090,6090,17,1.378546910256751
28524,6091,6091,17,2.860452468743503
28525,6092,6092,17,20.486180024603083
28526,6093,6093,17,18.959608024558587
28527,6094,6094,17,3.368532643639252
28528,6095,6095,17,3.4303787176918887
28529,6096,6096,17,2.868825285531193
28530,6097,6097,17,11.27917443096697
28531,6098,6098,17,3.6009295102828145
28532,6099,6099,17,9.93371978321597
28533,6100,6100,17,0.628650103499949
28534,6101,6101,17,2.7525502295963764
28535,6102,6102,17,0.985599743404903
28536,6103,6103,17,35.85153278090549
28537,6104,6104,17,62.01609831973642
28538,6105,6105,17,6.456191550717762
28539,6106,6106,17,1.8659883785722704
28540,6107,6107,17,55.34028818940718
28541,6108,6108,17,3.366441605018798
28542,6109,6109,17,26.734608554624632
28543,6110,6110,17,8.148066613629345
28544,6111,6111,17,36.03923317486423
28545,6112,6112,17,0.8019620338361859
28546,6113,6113,17,1.8818377771639228
28547,6114,6114,17,69.13228879132622
28548,6115,6115,17,5.696771581233809
28549,6116,6116,17,8.50238989740964
28550,6117,6117,17,9.987133224811917
28551,6118,6118,17,19.515375517169076
28552,6119,6119,17,1.7067935125165488
28553,6120,6120,17,3.7565932614697815
28554,6121,6121,17,1.7328246290768403
28555,6122,6122,17,1.4914320014529452
28556,6123,6123,17,11.594894965419412
28557,6124,6124,17,28.41730463858116
28558,6125,6125,17,6.684655960206878
28559,6126,6126,17,4.907793000290454
28560,6127,6127,17,1.4958539679490477
28561,6128,6128,17,4.256496531551019
28562,6129,6129,17,26.569787234847844
28563,6130,6130,17,8.209788818430603
28564,6131,6131,17,5.07602427587536
28565,6132,6132,17,12.068100575347692
28566,6133,6133,17,26.790877602690905
28567,6134,6134,17,3.343822019313991
28568,6135,6135,17,0.5031001575004757
28569,6136,6136,17,1.8332311940002957
28570,6137,6137,17,30.40002002432743
28571,6138,6138,17,1.2790537144528646
28572,6139,6139,17,4.272394441723235
28573,6140,6140,17,15.091485077255696
28574,6141,6141,17,10.66831382025492
28575,6142,6142,17,2.5741739417444918
28576,6143,6143,17,2.7353759907569883
28577,6144,6144,17,6.339628322153952
28578,6145,6145,17,25.17564235980976
28579,6146,6146,17,4.703429624040616
28580,6147,6147,17,24.403433461799263
28581,6148,6148,17,32.50266612869704
28582,6149,6149,17,37.95270883567901
28583,6150,6150,17,5.481740093321502
28584,6151,6151,17,0.5017499684997685
28585,6152,6152,17,4.230717007590752
28586,6153,6153,17,4.155932375910729
28587,6154,6154,17,1.6220952169079184
28588,6155,6155,17,1.368604733592406
28589,6156,6156,17,19.115945599020748
28590,6157,6157,17,16.088005453976002
28591,6158,6158,17,1.6371001710008084
28592,6159,6159,17,2.878685820378728
28593,6160,6160,17,4.518525213333071
28594,6161,6161,17,2.7196891957845373
28595,6162,6162,17,0.0873002115001082
28596,6163,6163,17,0.1556998289999067
28597,6164,6164,17,0.0814498830003812
28598,6165,6165,17,1.3823860940127872
28599,6166,6166,17,70.63898941335833
28600,6167,6167,17,20.1363739526218
28601,6168,6168,17,2.158199981996566
28602,6169,6169,17,2.1208497704994977
28603,6170,6170,17,0.8500501034989059
28604,6171,6171,17,1.7538435797159002
28605,6172,6172,17,3.147511970211923
28606,6173,6173,17,2.1348449360714628
28607,6174,6174,17,8.564793228856706
28608,6175,6175,17,5.475053491638195
28609,6176,6176,17,1.9046766950697305
28610,6177,6177,17,1.7692760084338095
28611,6178,6178,17,13.050149260865778
28612,6179,6179,17,17.99670118013114
28613,6180,6180,17,2.4205464916868955
28614,6181,6181,17,42.58800412481618
28615,6182,6182,17,5.796523095690995
28616,6183,6183,17,3.561227507305741
28617,6184,6184,17,39.18961146571831
28618,6185,6185,17,22.839737611790373
28619,6186,6186,17,7.318805295619845
28620,6187,6187,17,5.627244335381091
28621,6188,6188,17,4.783540230994974
28622,6189,6189,17,22.478359269505862
28623,6190,6190,17,0.4072501844999306
28624,6191,6191,17,2.7427378248102388
28625,6192,6192,17,3.2877121076892912
28626,6193,6193,17,0.6711340124345049
28627,6194,6194,17,11.254515191292583
28628,6195,6195,17,53.59871298252644
28629,6196,6196,17,5.055887863239071
28630,6197,6197,17,1.50466808233884
28631,6198,6198,17,1.0378317196621896
28632,6199,6199,17,0.4643998784996345
28633,6200,6200,17,0.3051000269996375
28634,6201,6201,17,28.02551059469044
28635,6202,6202,17,16.265740030813454
28636,6203,6203,17,8.746126946939327
28637,6204,6204,17,12.988422630066896
28638,6205,6205,17,3.2617605755040944
28639,6206,6206,17,50.45953566958684
28640,6207,6207,17,23.046696816231247
28641,6208,6208,17,20.236256196188187
28642,6209,6209,17,12.607434465613036
28643,6210,6210,17,43.61410507721323
28644,6211,6211,17,15.928360197332903
28645,6212,6212,17,23.01609933283538
28646,6213,6213,17,0.0099000585000365
28647,6214,6214,17,49.06828427907632
28648,6215,6215,17,6.467475030366287
28649,6216,6216,17,4.115592216550391
28650,6217,6217,17,52.00444806898688
28651,6218,6218,17,8.4758564475025
28652,6219,6219,17,33.61444366049236
28653,6220,6220,17,19.553634536286516
28654,6221,6221,17,40.38154745557109
28655,6222,6222,17,92.12698370681774
28656,6223,6223,17,2.703633968317803
28657,6224,6224,17,19.995800193145342
28658,6225,6225,17,23.8439288997769
28659,6226,6226,17,16.880119552580066
28660,6227,6227,17,69.74324127786055
28661,6228,6228,17,26.366408389131063
28662,6229,6229,17,44.46540548387856
28663,6230,6230,17,10.704595065124828
28664,6231,6231,17,1.0479226977570713
28665,6232,6232,17,36.10036391776873
28666,6233,6233,17,5.028862389980923
28667,6234,6234,17,8.797778132445455
28668,6235,6235,17,9.019072349052593
28669,6236,6236,17,17.594782215885104
28670,6237,6237,17,47.41581782459095
28671,6238,6238,17,16.963237234461488
28672,6239,6239,17,39.901464318043175
28673,6240,6240,17,22.959813444444
28674,6241,6241,17,13.101457903362006
28675,6242,6242,17,3.066228886192233
28676,6243,6243,17,5.253160852493839
28677,6244,6244,17,41.88749014650691
28678,6245,6245,17,5.893787451361298
28679,6246,6246,17,25.704622347444563
28680,6247,6247,17,31.389439670233266
28681,6248,6248,17,5.965329475299507
28682,6249,6249,17,10.125841475520144
28683,6250,6250,17,14.012530554886668
28684,6251,6251,17,2.901098710302119
28685,6252,6252,17,10.26950876771519
28686,6253,6253,17,7.1922925642734095
28687,6254,6254,17,38.387233555273504
28688,6255,6255,17,4.721734394620409
28689,6256,6256,17,5.284144278907522
28690,6257,6257,17,21.36678720418617
28691,6258,6258,17,18.292052903908893
28692,6259,6259,17,1.391793399998188
28693,6260,6260,17,31.345703354099516
28694,6261,6261,17,4.58352569677709
28695,6262,6262,17,29.57096706656087
28696,6263,6263,17,5.720712732967101
28697,6264,6264,17,15.890145808707178
28698,6265,6265,17,7.950288703678131
28699,6266,6266,17,7.805008969589809
28700,6267,6267,17,9.626403872467456
28701,6268,6268,17,2.88986729499048
28702,6269,6269,17,1.9328438335609288
28703,6270,6270,17,2.616787447219303
28704,6271,6271,17,40.30884532439796
28705,6272,6272,17,64.64424400746303
28706,6273,6273,17,61.91687094512918
28707,6274,6274,17,145.2734414150228
28708,6275,6275,17,18.110027574713367
28709,6276,6276,17,32.78947233528044
28710,6277,6277,17,3.4542141091991665
28711,6278,6278,17,230.22027217968784
28712,6279,6279,17,24.06631526254837
28713,6280,6280,17,15.895341426149937
28714,6281,6281,17,21.82609348552173
28715,6282,6282,17,17.45291702568054
28716,6283,6283,17,7.089412940710098
28717,6284,6284,17,10.009346873707464
28718,6285,6285,17,86.26811909263452
28719,6286,6286,17,63.11269424897797
28720,6287,6287,17,8.722971420261782
28721,6288,6288,17,23.66748454764267
28722,6289,6289,17,1.6504465159301311
28723,6290,6290,17,22.45991866641292
28724,6291,6291,17,19.616336999973864
28725,6292,6292,17,5.888505722361341
28726,6293,6293,17,43.05336945208335
28727,6294,6294,17,56.166937798573954
28728,6295,6295,17,16.08854309424066
28729,6296,6296,17,20.14987702658046
28730,6297,6297,17,6.554305415986836
28731,6298,6298,17,16.106380958757278
28732,6299,6299,17,5.344730448951423
28733,6300,6300,17,10.364610615346134
28734,6301,6301,17,34.20067638190551
28735,6302,6302,17,1.491874543135427
28736,6303,6303,17,1.8363624000365195
28737,6304,6304,17,3.8908656909297927
28738,6305,6305,17,23.87211901141411
28739,6306,6306,17,24.127931515536577
28740,6307,6307,17,19.79011617103433
28741,6308,6308,17,3.8958385268474816
28742,6309,6309,17,9.979864938298975
28743,6310,6310,17,6.3975107419420105
28744,6311,6311,17,53.50665272389213
28745,6312,6312,17,14.734497883599996
28746,6313,6313,17,3.204159138961017
28747,6314,6314,17,18.391186250881887
28748,6315,6315,17,15.13860514115744
28749,6316,6316,17,29.184231673413336
28750,6317,6317,17,24.690218205073727
28751,6318,6318,17,29.38942533664188
28752,6319,6319,17,48.442209411914384
28753,6320,6320,17,3.741664679950853
28754,6321,6321,17,2.8580386732987764
28755,6322,6322,17,1.7153112412012592
28756,6323,6323,17,39.81672111684763
28757,6324,6324,17,41.041979481639466
28758,6325,6325,17,19.38752309882311
28759,6326,6326,17,11.405975929177387
28760,6327,6327,17,57.04389167480432
28761,6328,6328,17,28.700902471372007
28762,6329,6329,17,7.092455993326925
28763,6330,6330,17,47.28622951522747
28764,6331,6331,17,14.07633703632829
28765,6332,6332,17,1.4587841549423728
28766,6333,6333,17,9.446083021419934
28767,6334,6334,17,8.715111484214571
28768,6335,6335,17,9.288355075862324
28769,6336,6336,17,9.172498300057232
28770,6337,6337,17,1.4069668651231173
28771,6338,6338,17,12.418684911318994
28772,6339,6339,17,3.3799399781640767
28773,6340,6340,17,4.709709580833049
28774,6341,6341,17,9.469232167692192
28775,6342,6342,17,11.620467332811604
28776,6343,6343,17,2.276490924255848
28777,6344,6344,17,0.4442091342445016
28778,6345,6345,17,5.861448689289992
28779,6346,6346,17,34.5493870395123
28780,6347,6347,17,19.040464676194244
28781,6348,6348,17,64.46999320483786
28782,6349,6349,17,19.005047391690415
28783,6350,6350,17,20.557921497445435
28784,6351,6351,17,3.2519879915352146
28785,6352,6352,17,10.6760513599357
28786,6353,6353,17,1.7180110516858027
28787,6354,6354,17,10.110893698242576
28788,6355,6355,17,2.291844700142756
28789,6356,6356,17,20.880260195051253
28790,6357,6357,17,6.27588940894708
28791,6358,6358,17,0.280349847000122
28792,6359,6359,17,9.808806062158174
28793,6360,6360,17,4.73024418983778
28794,6361,6361,17,1.4153755133647117
28795,6362,6362,17,24.150833302983063
28796,6363,6363,17,20.215222377676582
28797,6364,6364,17,1.824969993972281
28798,6365,6365,17,28.084740611897587
28799,6366,6366,17,13.86278520764706
28800,6367,6367,17,10.58232389696408
28801,6368,6368,17,10.937751930523516
28802,6369,6369,17,2.267217320371399
28803,6370,6370,17,7.879438206127841
28804,6371,6371,17,2.032091845477378
28805,6372,6372,17,20.15652110895583
28806,6373,6373,17,4.896677108155139
28807,6374,6374,17,20.53385615474676
28808,6375,6375,17,2.979196978121713
28809,6376,6376,17,23.590683974905847
28810,6377,6377,17,61.40856290531329
28811,6378,6378,17,2.7566034077720976
28812,6379,6379,17,2.8531253324968966
28813,6380,6380,17,3.1242240150027345
28814,6381,6381,17,11.312958294624172
28815,6382,6382,17,8.713061355107907
28816,6383,6383,17,7.502084064924621
28817,6384,6384,17,13.297697072837204
28818,6385,6385,17,3.8401384293449774
28819,6386,6386,17,14.930581787165124
28820,6387,6387,17,4.154528766491453
28821,6388,6388,17,5.150947654328212
28822,6389,6389,17,3.775918599910006
28823,6390,6390,17,2.928572817655288
28824,6391,6391,17,13.011110667102685
28825,6392,6392,17,6.994538838701666
28826,6393,6393,17,31.967360495300326
28827,6394,6394,17,0.2322137399844825
28828,6395,6395,17,3.4181865975160526
28829,6396,6396,17,19.61606496509142
28830,6397,6397,17,4.54640938637545
28831,6398,6398,17,5.6775650192297045
28832,6399,6399,17,8.897760381806165
28833,6400,6400,17,12.632454939813256
28834,6401,6401,17,11.45919523118557
28835,6402,6402,17,17.815558070427407
28836,6403,6403,17,1.554779296669906
28837,6404,6404,17,4.873688362550258
28838,6405,6405,17,20.982773329851373
28839,6406,6406,17,40.78606985611993
28840,6407,6407,17,12.906581025882144
28841,6408,6408,17,15.786468901201028
28842,6409,6409,17,17.193580405801587
28843,6410,6410,17,29.262699676093938
28844,6411,6411,17,12.28445079190435
28845,6412,6412,17,12.562779132641197
28846,6413,6413,17,21.02522051635504
28847,6414,6414,17,1.6852375245235265
28848,6415,6415,17,4.995462457475081
28849,6416,6416,17,1.1025002115001492
28850,6417,6417,17,1.923749837999776
28851,6418,6418,17,5.367153914346777
28852,6419,6419,17,12.40109587865634
28853,6420,6420,17,0.9726149005676716
28854,6421,6421,17,1.919084937432116
28855,6422,6422,17,41.7627719421368
28856,6423,6423,17,35.81452890385962
28857,6424,6424,17,6.782791491281599
28858,6425,6425,17,29.77385755021417
28859,6426,6426,17,2.270496854043825
28860,6427,6427,17,20.734037353250475
28861,6428,6428,17,5.802667030196961
28862,6429,6429,17,8.217149068687842
28863,6430,6430,17,11.843400008819469
28864,6431,6431,17,16.405026748064845
28865,6432,6432,17,22.047023616427825
28866,6433,6433,17,26.157797546423048
28867,6434,6434,17,12.76630285408478
28868,6435,6435,17,13.531936769275704
28869,6436,6436,17,24.523214175730573
28870,6437,6437,17,2.7004346078990697
28871,6438,6438,17,0.1872156486010812
28872,6439,6439,17,17.530866858646124
28873,6440,6440,17,9.400282385358818
28874,6441,6441,17,0.8252999505005181
28875,6442,6442,17,9.039655914778852
28876,6443,6443,17,11.26839355422422
28877,6444,6444,17,26.0780189948906
28878,6445,6445,17,21.8519297180945
28879,6446,6446,17,47.95744570005852
28880,6447,6447,17,8.919404299942377
28881,6448,6448,17,32.93333688815197
28882,6449,6449,17,40.85361413787537
28883,6450,6450,17,22.792630628649206
28884,6451,6451,17,10.137018714364132
28885,6452,6452,17,8.993968760009203
28886,6453,6453,17,22.989781100489267
28887,6454,6454,17,2.025333494948186
28888,6455,6455,17,1.7204670540507303
28889,6456,6456,17,17.120468109748213
28890,6457,6457,17,3.239332029753521
28891,6458,6458,17,27.34492925573846
28892,6459,6459,17,1.915871036763241
28893,6460,6460,17,11.09290960890764
28894,6461,6461,17,27.91579023357562
28895,6462,6462,17,36.33302804983729
28896,6463,6463,17,7.801620064669159
28897,6464,6464,17,34.24763614441815
28898,6465,6465,17,12.842164373089217
28899,6466,6466,17,2.262705520850227
28900,6467,6467,17,1.2567444251513182
28901,6468,6468,17,2.396551612773582
28902,6469,6469,17,8.962349035225838
28903,6470,6470,17,13.536409867415427
28904,6471,6471,17,21.56718957459858
28905,6472,6472,17,16.445754497884185
28906,6473,6473,17,20.68014549761619
28907,6474,6474,17,16.000371733920307
28908,6475,6475,17,34.070228581080016
28909,6476,6476,17,12.59060186411082
28910,6477,6477,17,1.928648054887172
28911,6478,6478,17,27.543038424705863
28912,6479,6479,17,5.608460855298281
28913,6480,6480,17,5.581254468815535
28914,6481,6481,17,25.508345670683905
28915,6482,6482,17,13.250662753302931
28916,6483,6483,17,44.57793753020438
28917,6484,6484,17,37.73394429023895
28918,6485,6485,17,0.6686064027711656
28919,6486,6486,17,20.600036794327497
28920,6487,6487,17,14.186312904171146
28921,6488,6488,17,10.03431411142011
28922,6489,6489,17,26.41343751308078
28923,6490,6490,17,0.0247500044999159
28924,6491,6491,17,69.96598487326715
28925,6492,6492,17,267.843559595862
28926,6493,6493,17,25.31276299595892
28927,6494,6494,17,11.867694425254465
28928,6495,6495,17,78.31884974952983
28929,6496,6496,17,25.787698958614957
28930,6497,6497,17,19.09174703631653
28931,6498,6498,17,15.935554134040451
28932,6499,6499,17,7.226338204824126
28933,6500,6500,17,13.643561007343122
28934,6501,6501,17,16.10870750813952
28935,6502,6502,17,1.4811186526237354
28936,6503,6503,17,9.752173816727993
28937,6504,6504,17,30.58028239332192
28938,6505,6505,17,3.437684617018718
28939,6506,6506,17,1.8898092963186357
28940,6507,6507,17,8.157573598833146
28941,6508,6508,17,22.12050678733648
28942,6509,6509,17,29.71491056398584
28943,6510,6510,17,21.32603229317696
28944,6511,6511,17,53.30006007633775
28945,6512,6512,17,1.2687386051724852
28946,6513,6513,17,13.05003169380048
28947,6514,6514,17,13.00586803170742
28948,6515,6515,17,0.5692500089999586
28949,6516,6516,17,2.2319155768918506
28950,6517,6517,17,19.850268730117936
28951,6518,6518,17,15.915815998985776
28952,6519,6519,17,18.069469560567708
28953,6520,6520,17,13.260430200933614
28954,6521,6521,17,29.03699062471387
28955,6522,6522,17,7.495349377883434
28956,6523,6523,17,1.899459713905849
28957,6524,6524,17,37.60699545643288
28958,6525,6525,17,17.710155025062836
28959,6526,6526,17,20.256677967642933
28960,6527,6527,17,3.861071379856961
28961,6528,6528,17,5.405914889270998
28962,6529,6529,17,0.6596347597250752
28963,6530,6530,17,31.434289783172755
28964,6531,6531,17,10.996211337313564
28965,6532,6532,17,20.00039542525824
28966,6533,6533,17,44.28075482673676
28967,6534,6534,17,56.51833823559591
28968,6535,6535,17,49.79469802652754
28969,6536,6536,17,1.568595226150752
28970,6537,6537,17,6.7090670942290735
28971,6538,6538,17,66.97703354308446
28972,6539,6539,17,46.82436655591084
28973,6540,6540,17,36.02551630405596
28974,6541,6541,17,3.0794836779369694
28975,6542,6542,17,18.132340377304168
28976,6543,6543,17,14.893159492194703
28977,6544,6544,17,24.28048369856908
28978,6545,6545,17,0.7548156084281621
28979,6546,6546,17,11.183436060637742
28980,6547,6547,17,16.19591430385542
28981,6548,6548,17,3.791380105038837
28982,6549,6549,17,8.265919912962786
28983,6550,6550,17,44.66913176797712
28984,6551,6551,17,8.731468083525384
28985,6552,6552,17,5.217449788551152
28986,6553,6553,17,12.058050260950322
28987,6554,6554,17,6.161602220872722
28988,6555,6555,17,1.0725972616245747
28989,6556,6556,17,42.89468953323934
28990,6557,6557,17,5.356560840256702
28991,6558,6558,17,18.859232602759004
28992,6559,6559,17,11.095467149741795
28993,6560,6560,17,24.59881106161433
28994,6561,6561,17,12.320089118388744
28995,6562,6562,17,48.11679844151279
28996,6563,6563,17,30.6822518239948
28997,6564,6564,17,28.778178199035075
28998,6565,6565,17,6.005922070966668
28999,6566,6566,17,4.06246137290176
29000,6567,6567,17,2.9012883075988145
29001,6568,6568,17,2.7501329152820184
29002,6569,6569,17,0.8021670622216314
29003,6570,6570,17,28.13460345564832
29004,6571,6571,17,11.066246341857733
29005,6572,6572,17,12.37842625545448
29006,6573,6573,17,60.03602366804369
29007,6574,6574,17,65.18317225134217
29008,6575,6575,17,79.74292793314712
29009,6576,6576,17,7.140709146621823
29010,6577,6577,17,5.228440358378397
29011,6578,6578,17,3.552017299015373
29012,6579,6579,17,0.9686830474860258
29013,6580,6580,17,8.985696126736455
29014,6581,6581,17,6.890303184762644
29015,6582,6582,17,30.269079933306514
29016,6583,6583,17,27.01682043119347
29017,6584,6584,17,43.04902968538964
29018,6585,6585,17,0.9780703776079616
29019,6586,6586,17,12.913252604653715
29020,6587,6587,17,9.987697890348644
29021,6588,6588,17,63.78327717452503
29022,6589,6589,17,4.385872159489271
29023,6590,6590,17,15.902451370251685
29024,6591,6591,17,12.969148233670497
29025,6592,6592,17,2.595100486076608
29026,6593,6593,17,3.1473123254224955
29027,6594,6594,17,1.822937845581349
29028,6595,6595,17,38.02045345142767
29029,6596,6596,17,21.130696287572167
29030,6597,6597,17,25.191002598332823
29031,6598,6598,17,105.3472481441602
29032,6599,6599,17,31.344074003619284
29033,6600,6600,17,13.429575613877953
29034,6601,6601,17,2.921307428448856
29035,6602,6602,17,3.5055924725518404
29036,6603,6603,17,25.433219854911773
29037,6604,6604,17,24.43172986159072
29038,6605,6605,17,9.772653381803408
29039,6606,6606,17,31.793395547199957
29040,6607,6607,17,16.451009713179232
29041,6608,6608,17,9.158939940316214
29042,6609,6609,17,3.52480855415605
29043,6610,6610,17,4.468991787842206
29044,6611,6611,17,24.244213152016336
29045,6612,6612,17,0.3086873789735464
29046,6613,6613,17,25.040525024904355
29047,6614,6614,17,29.31137568609336
29048,6615,6615,17,0.2898000900001377
29049,6616,6616,17,0.5251500135002471
29050,6617,6617,17,15.467530032981694
29051,6618,6618,17,1.8146643665336968
29052,6619,6619,17,11.047104677978586
29053,6620,6620,17,3.837087627076104
29054,6621,6621,17,30.699006267250013
29055,6622,6622,17,4.061275683772057
29056,6623,6623,17,8.385780129413808
29057,6624,6624,17,31.77973532268113
29058,6625,6625,17,9.342424493738026
29059,6626,6626,17,8.65118997820802
29060,6627,6627,17,12.95484907587364
29061,6628,6628,17,0.1021499684996977
29062,6629,6629,17,36.26973841312844
29063,6630,6630,17,9.771851527761894
29064,6631,6631,17,3.508143500050515
29065,6632,6632,17,9.495666266558905
29066,6633,6633,17,30.72976425917229
29067,6634,6634,17,2.4186756931984257
29068,6635,6635,17,10.126209602345988
29069,6636,6636,17,5.018899864780748
29070,6637,6637,17,4.30956980417721
29071,6638,6638,17,20.91169082043937
29072,6639,6639,17,3.0421933580494227
29073,6640,6640,17,14.738097515832475
29074,6641,6641,17,6.3229559714773
29075,6642,6642,17,40.921193740524
29076,6643,6643,17,17.334900250423104
29077,6644,6644,17,18.21780013207075
29078,6645,6645,17,14.050802407383516
29079,6646,6646,17,17.747098929115555
29080,6647,6647,17,31.251156599676676
29081,6648,6648,17,28.042193845820627
29082,6649,6649,17,29.69590558801174
29083,6650,6650,17,10.15114405199339
29084,6651,6651,17,32.827778523173365
29085,6652,6652,17,17.731071044822738
29086,6653,6653,17,32.9856438741875
29087,6654,6654,17,25.080555815307893
29088,6655,6655,17,17.600624402041504
29089,6656,6656,17,2.786174900452812
29090,6657,6657,17,4.402704774696246
29091,6658,6658,17,3.34629587330134
29092,6659,6659,17,18.51142561249785
29093,6660,6660,17,21.270823703495072
29094,6661,6661,17,10.96927228440874
29095,6662,6662,17,8.749726847094834
29096,6663,6663,17,21.7629306198212
29097,6664,6664,17,20.74271874118441
29098,6665,6665,17,31.64944755541974
29099,6666,6666,17,26.314601274576827
29100,6667,6667,17,7.137867108469874
29101,6668,6668,17,14.535032311035035
29102,6669,6669,17,21.68930875576165
29103,6670,6670,17,3.233041608738627
29104,6671,6671,17,10.990992093607206
29105,6672,6672,17,2.761456812895715
29106,6673,6673,17,4.141483879707307
29107,6674,6674,17,4.722616565790474
29108,6675,6675,17,65.63836843442365
29109,6676,6676,17,49.80103191208506
29110,6677,6677,17,7.181486317835898
29111,6678,6678,17,48.05601344816279
29112,6679,6679,17,9.89750963858974
29113,6680,6680,17,36.730139956420246
29114,6681,6681,17,3.7483884117704926
29115,6682,6682,17,235.3064629201772
29116,6683,6683,17,2.274165641840264
29117,6684,6684,17,6.015284227658827
29118,6685,6685,17,6.339733778116495
29119,6686,6686,17,4.018476347948653
29120,6687,6687,17,11.26225473094961
29121,6688,6688,17,1.829934328492101
29122,6689,6689,17,6.795697905874818
29123,6690,6690,17,2.254741116906608
29124,6691,6691,17,2.8462118322170378
29125,6692,6692,17,9.848617581758589
29126,6693,6693,17,7.604183133739345
29127,6694,6694,17,27.206867151840736
29128,6695,6695,17,100.78701914986904
29129,6696,6696,17,7.787679771997594
29130,6697,6697,17,6.56378682877393
29131,6698,6698,17,2.555057302779052
29132,6699,6699,17,29.625225778548533
29133,6700,6700,17,13.201316405673088
29134,6701,6701,17,41.8425669240014
29135,6702,6702,17,25.583632499998917
29136,6703,6703,17,22.975878559629518
29137,6704,6704,17,0.817871048877474
29138,6705,6705,17,4.926447362165242
29139,6706,6706,17,2.283003047335643
29140,6707,6707,17,27.056009783282967
29141,6708,6708,17,6.241741701717824
29142,6709,6709,17,19.966559879090145
29143,6710,6710,17,12.932939972414225
29144,6711,6711,17,49.462965369857045
29145,6712,6712,17,11.5205847021388
29146,6713,6713,17,20.075738135515163
29147,6714,6714,17,4.064061706985321
29148,6715,6715,17,29.379789997048075
29149,6716,6716,17,20.684059548458567
29150,6717,6717,17,9.037967330904
29151,6718,6718,17,16.157533038094044
29152,6719,6719,17,34.23858757932103
29153,6720,6720,17,32.41631321717762
29154,6721,6721,17,29.03605401652661
29155,6722,6722,17,0.216645695470551
29156,6723,6723,17,13.417625499033504
29157,6724,6724,17,22.896925306458137
29158,6725,6725,17,52.09484214959309
29159,6726,6726,17,21.66150847589902
29160,6727,6727,17,1.0678316642605812
29161,6728,6728,17,2.8296185247386694
29162,6729,6729,17,23.338363632997243
29163,6730,6730,17,16.64908534550551
29164,6731,6731,17,8.848746774929404
29165,6732,6732,17,30.57800234756893
29166,6733,6733,17,12.474791239149626
29167,6734,6734,17,37.511208918343925
29168,6735,6735,17,29.850817390683492
29169,6736,6736,17,8.499983135817946
29170,6737,6737,17,52.29468976121721
29171,6738,6738,17,1.342770360548567
29172,6739,6739,17,16.002739666727503
29173,6740,6740,17,13.102812046371213
29174,6741,6741,17,17.252388849134192
29175,6742,6742,17,4.09301570086623
29176,6743,6743,17,4.047933201132771
29177,6744,6744,17,15.288186200920505
29178,6745,6745,17,13.962714019575907
29179,6746,6746,17,5.580190300078661
29180,6747,6747,17,34.062109276940106
29181,6748,6748,17,15.393195499577525
29182,6749,6749,17,18.904003951428237
29183,6750,6750,17,29.32321100808893
29184,6751,6751,17,3.982527809258759
29185,6752,6752,17,2.7415103681444526
29186,6753,6753,17,13.54164320474375
29187,6754,6754,17,13.990707218252934
29188,6755,6755,17,31.41700771220185
29189,6756,6756,17,24.654341765808255
29190,6757,6757,17,26.21836931901239
29191,6758,6758,17,13.680880046487928
29192,6759,6759,17,42.8103736512636
29193,6760,6760,17,25.111412872424733
29194,6761,6761,17,18.1391980123864
29195,6762,6762,17,31.34896545493622
29196,6763,6763,17,3.7244996019423455
29197,6764,6764,17,3.791507452978824
29198,6765,6765,17,10.341792823581232
29199,6766,6766,17,3.926876944799573
29200,6767,6767,17,3.3185841836099508
29201,6768,6768,17,3.789642148155257
29202,6769,6769,17,2.9706965164267065
29203,6770,6770,17,7.893481034526544
29204,6771,6771,17,6.218198230821123
29205,6772,6772,17,19.84577324991321
29206,6773,6773,17,26.982896904233822
29207,6774,6774,17,78.94352207915234
29208,6775,6775,17,6.773710882972488
29209,6776,6776,17,4.692823721100541
29210,6777,6777,17,184.19360547292257
29211,6778,6778,17,7.861119373335257
29212,6779,6779,17,6.813490985416441
29213,6780,6780,17,19.920777813630853
29214,6781,6781,17,9.241630820054148
29215,6782,6782,17,141.6549931485132
29216,6783,6783,17,12.42862637792138
29217,6784,6784,17,43.71664901528591
29218,6785,6785,17,7.613098479602745
29219,6786,6786,17,47.9744512045937
29220,6787,6787,17,48.82779465501821
29221,6788,6788,17,17.85232027865733
29222,6789,6789,17,2.344483788305219
29223,6790,6790,17,12.439198260674573
29224,6791,6791,17,115.05416217836918
29225,6792,6792,17,151.61878033432316
29226,6793,6793,17,22.654984268509995
29227,6794,6794,17,4.9659247916173
29228,6795,6795,17,15.478341604617071
29229,6796,6796,17,4.406865073227585
29230,6797,6797,17,198.9685086357039
29231,6798,6798,17,83.24568421836369
29232,6799,6799,17,8.761672252578437
29233,6800,6800,17,21.496312338619813
29234,6801,6801,17,1.6654653007992126
29235,6802,6802,17,2.519049550070703
29236,6803,6803,17,11.884132061238631
29237,6804,6804,17,16.833118307683574
29238,6805,6805,17,18.437576042803677
29239,6806,6806,17,4.411017722833803
29240,6807,6807,17,6.619656360366464
29241,6808,6808,17,42.69299084254079
29242,6809,6809,17,8.797808689459115
29243,6810,6810,17,10.995241653604351
29244,6811,6811,17,1.7741322577157337
29245,6812,6812,17,11.880145245069922
29246,6813,6813,17,16.5007313521104
29247,6814,6814,17,24.498590098705996
29248,6815,6815,17,9.20178370686231
29249,6816,6816,17,8.439602278699487
29250,6817,6817,17,9.2752240417353
29251,6818,6818,17,30.744441555507183
29252,6819,6819,17,71.93529998713367
29253,6820,6820,17,3.943722641279308
29254,6821,6821,17,18.24613577556285
29255,6822,6822,17,9.455854922977
29256,6823,6823,17,17.813269508139616
29257,6824,6824,17,23.146696951180346
29258,6825,6825,17,4.977992727581306
29259,6826,6826,17,3.36616403875269
29260,6827,6827,17,1.784217739981694
29261,6828,6828,17,6.56447852508237
29262,6829,6829,17,2.221474852795534
29263,6830,6830,17,27.699487748315125
29264,6831,6831,17,24.237596853443595
29265,6832,6832,17,2.5820900857477485
29266,6833,6833,17,5.462226036993916
29267,6834,6834,17,1.2847001840388477
29268,6835,6835,17,2.7888634854530654
29269,6836,6836,17,3.205382170700401
29270,6837,6837,17,6.217005050805839
29271,6838,6838,17,3.5891135153796374
29272,6839,6839,17,10.040486120116975
29273,6840,6840,17,5.219031144272014
29274,6841,6841,17,9.991869116728829
29275,6842,6842,17,5.5694185277911314
29276,6843,6843,17,7.384868828842096
29277,6844,6844,17,3.3759479447576557
29278,6845,6845,17,1.7989141721113324
29279,6846,6846,17,0.0891535076092034
29280,6847,6847,17,1.674427956128001
29281,6848,6848,17,12.138980110878991
29282,6849,6849,17,71.34843743813316
29283,6850,6850,17,3.728728138553288
29284,6851,6851,17,2.93308951428766
29285,6852,6852,17,21.867883712346703
29286,6853,6853,17,1.8048448023075163
29287,6854,6854,17,6.820174495004084
29288,6855,6855,17,6.233922109166763
29289,6856,6856,17,6.111958472024394
29290,6857,6857,17,5.699578474969194
29291,6858,6858,17,2.785621016530603
29292,6859,6859,17,11.09861743519354
29293,6860,6860,17,4.081168953572004
29294,6861,6861,17,11.462656060228817
29295,6862,6862,17,5.431306515995424
29296,6863,6863,17,1.758100604350567
29297,6864,6864,17,1.9537588899523617
29298,6865,6865,17,1.8060407126962763
29299,6866,6866,17,7.518137644740372
29300,6867,6867,17,3.0138088208621854
29301,6868,6868,17,9.780602742381918
29302,6869,6869,17,2.385000049500108
29303,6870,6870,17,44.11470627803325
29304,6871,6871,17,19.486943874961025
29305,6872,6872,17,11.96434946467667
29306,6873,6873,17,9.157750413826315
29307,6874,6874,17,0.2740500269999355
29308,6875,6875,17,0.1615501979993954
29309,6876,6876,17,1.6413909875599368
29310,6877,6877,17,25.31771965871885
29311,6878,6878,17,3.2421012566134477
29312,6879,6879,17,1.8290428971039447
29313,6880,6880,17,4.348645866000176
29314,6881,6881,17,47.69617969410518
29315,6882,6882,17,43.28797211039366
29316,6883,6883,17,54.27505520261455
29317,6884,6884,17,72.31984398738471
29318,6885,6885,17,23.51311650784484
29319,6886,6886,17,72.1748825336615
29320,6887,6887,17,27.954696145681567
29321,6888,6888,17,9.066804169327398
29322,6889,6889,17,1.340549919000134
29323,6890,6890,17,1.823318556114644
29324,6891,6891,17,8.159930849887514
29325,6892,6892,17,0.0008999820000939
29326,6893,6893,17,17.217655963938274
29327,6894,6894,17,11.852793626555629
29328,6895,6895,17,43.766573385182646
29329,6896,6896,17,5.239777559828662
29330,6897,6897,17,9.468594748859182
29331,6898,6898,17,11.510854810141607
29332,6899,6899,17,58.39619169713162
29333,6900,6900,17,16.93785815435303
29334,6901,6901,17,8.709271859712526
29335,6902,6902,17,5.223627690292731
29336,6903,6903,17,7.099839322043001
29337,6904,6904,17,8.236160772456914
29338,6905,6905,17,0.0279000089999139
29339,6906,6906,17,56.288967523621054
29340,6907,6907,17,9.355231360368258
29341,6908,6908,17,16.091244653688342
29342,6909,6909,17,17.882406826819402
29343,6910,6910,17,11.688705373012938
29344,6911,6911,17,21.63154462248187
29345,6912,6912,17,1.6607815205437315
29346,6913,6913,17,33.21466890696238
29347,6914,6914,17,30.817568734152047
29348,6915,6915,17,26.99573091035344
29349,6916,6916,17,16.294748121939936
29350,6917,6917,17,16.94720262956062
29351,6918,6918,17,7.180858435216665
29352,6919,6919,17,27.431139507733285
29353,6920,6920,17,5.234151607045427
29354,6921,6921,17,3.265713438711792
29355,6922,6922,17,0.9273867907874398
29356,6923,6923,17,6.614920150065064
29357,6924,6924,17,16.294579458430686
29358,6925,6925,17,10.462302660564513
29359,6926,6926,17,13.90654652943492
29360,6927,6927,17,7.866620978051573
29361,6928,6928,17,57.70062855394246
29362,6929,6929,17,9.228742222031771
29363,6930,6930,17,17.594858673466906
29364,6931,6931,17,31.58019195560344
29365,6932,6932,17,9.452775174735692
29366,6933,6933,17,29.83933415215487
29367,6934,6934,17,19.96980293938339
29368,6935,6935,17,26.19974731258308
29369,6936,6936,17,6.868525524816453
29370,6937,6937,17,4.430973246683389
29371,6938,6938,17,1.173600166500181
29372,6939,6939,17,8.047282407832594
29373,6940,6940,17,4.094167358169714
29374,6941,6941,17,3.494969162799157
29375,6942,6942,17,31.18833144920034
29376,6943,6943,17,1.3602249366631507
29377,6944,6944,17,7.788724496336218
29378,6945,6945,17,58.80049236453624
29379,6946,6946,17,23.04820738345722
29380,6947,6947,17,2.5023204639292063
29381,6948,6948,17,2.011179270571321
29382,6949,6949,17,15.03408957115063
29383,6950,6950,17,12.121160820348472
29384,6951,6951,17,21.033346980911343
29385,6952,6952,17,51.21640329358572
29386,6953,6953,17,8.3042417938819
29387,6954,6954,17,38.75990729262239
29388,6955,6955,17,7.784276687170781
29389,6956,6956,17,5.835047569839708
29390,6957,6957,17,2.132061759286374
29391,6958,6958,17,20.41916340320704
29392,6959,6959,17,2.9204258645241783
29393,6960,6960,17,15.55702408148238
29394,6961,6961,17,1.3274999369998648
29395,6962,6962,17,0.9391105261556432
29396,6963,6963,17,29.160939181353918
29397,6964,6964,17,11.392513747358068
29398,6965,6965,17,28.70518663063455
29399,6966,6966,17,28.74248444755477
29400,6967,6967,17,5.018315876450494
29401,6968,6968,17,13.109666733305096
29402,6969,6969,17,14.698532506193429
29403,6970,6970,17,0.0008999954999536
29404,6971,6971,17,23.994368784378253
29405,6972,6972,17,14.03513137762374
29406,6973,6973,17,11.685913486382129
29407,6974,6974,17,15.15523584311539
29408,6975,6975,17,41.02870774886301
29409,6976,6976,17,77.14219329063877
29410,6977,6977,17,63.70413028143147
29411,6978,6978,17,67.637818359539
29412,6979,6979,17,1.437300441000238
29413,6980,6980,17,10.028789524149612
29414,6981,6981,17,29.933911056350965
29415,6982,6982,17,42.68015574562088
29416,6983,6983,17,4.64094373687969
29417,6984,6984,17,77.9018779930979
29418,6985,6985,17,20.604922870901905
29419,6986,6986,17,39.86383976389252
29420,6987,6987,17,7.066660267593655
29421,6988,6988,17,4.961418970468074
29422,6989,6989,17,5.30983108803161
29423,6990,6990,17,9.111016514279097
29424,6991,6991,17,32.10493392221794
29425,6992,6992,17,15.794280348510414
29426,6993,6993,17,20.08691933648681
29427,6994,6994,17,0.0432000944998972
29428,6995,6995,17,58.58685194921404
29429,6996,6996,17,14.430147155288696
29430,6997,6997,17,5.241002030845091
29431,6998,6998,17,34.77749863515246
29432,6999,6999,17,46.051528488523694
29433,7000,7000,17,60.9179734374521
29434,7001,7001,17,58.92730174856996
29435,7002,7002,17,6.589996838430427
29436,7003,7003,17,5.17045754419145
29437,7004,7004,17,7.191942689808875
29438,7005,7005,17,2.731402902961731
29439,7006,7006,17,4.748946300537516
29440,7007,7007,17,1.1070002024998442
29441,7008,7008,17,13.772830370517196
29442,7009,7009,17,7.010869377476018
29443,7010,7010,17,69.68478070149476
29444,7011,7011,17,9.357720054512036
29445,7012,7012,17,0.2258164617854356
29446,7013,7013,17,23.229083902712876
29447,7014,7014,17,19.33732408909656
29448,7015,7015,17,14.704725996396409
29449,7016,7016,17,20.235231581399827
29450,7017,7017,17,18.88416820710417
29451,7018,7018,17,14.57943528231889
29452,7019,7019,17,19.664664434186324
29453,7020,7020,17,21.506641547181488
29454,7021,7021,17,11.252007233320654
29455,7022,7022,17,13.04014357230994
29456,7023,7023,17,6.6977789455333205
29457,7024,7024,17,4.035577131154238
29458,7025,7025,17,9.521965884346276
29459,7026,7026,17,44.81553519564354
29460,7027,7027,17,13.90703968399164
29461,7028,7028,17,11.168759029012486
29462,7029,7029,17,0.236884268410921
29463,7030,7030,17,9.204664984973766
29464,7031,7031,17,2.40199988261718
29465,7032,7032,17,13.78016429387781
29466,7033,7033,17,21.686926968832225
29467,7034,7034,17,6.535675127723892
29468,7035,7035,17,1.51223360055835
29469,7036,7036,17,8.949387831548274
29470,7037,7037,17,1.3059244038379751
29471,7038,7038,17,18.198188273117392
29472,7039,7039,17,1.2781003675517737
29473,7040,7040,17,5.027111862128101
29474,7041,7041,17,25.5779112753534
29475,7042,7042,17,28.661676130488136
29476,7043,7043,17,0.161550117000103
29477,7044,7044,17,8.395044764445156
29478,7045,7045,17,31.33410444355082
29479,7046,7046,17,23.424733217509388
29480,7047,7047,17,11.752667043483989
29481,7048,7048,17,0.0900089595791427
29482,7049,7049,17,32.96969133292222
29483,7050,7050,17,21.885547659298314
29484,7051,7051,17,2.1421038410775117
29485,7052,7052,17,23.988698954127408
29486,7053,7053,17,14.9953089599666
29487,7054,7054,17,15.479141440533384
29488,7055,7055,17,5.992619750951797
29489,7056,7056,17,7.656781284047112
29490,7057,7057,17,29.17022470341906
29491,7058,7058,17,30.42552462158817
29492,7059,7059,17,3.006476782180697
29493,7060,7060,17,1.0939236138204709
29494,7061,7061,17,1.7416126304676682
29495,7062,7062,17,1.3899376620379174
29496,7063,7063,17,1.455519365446046
29497,7064,7064,17,8.043529721056542
29498,7065,7065,17,26.21556808895764
29499,7066,7066,17,15.0296321270438
29500,7067,7067,17,26.666668300306068
29501,7068,7068,17,10.811581533195412
29502,7069,7069,17,0.0008999820000939
29503,7070,7070,17,6.459216258636624
29504,7071,7071,17,69.70598308886306
29505,7072,7072,17,40.504520574529394
29506,7073,7073,17,31.168975175733568
29507,7074,7074,17,6.010454177745121
29508,7075,7075,17,25.22833969150117
29509,7076,7076,17,13.924361361492643
29510,7077,7077,17,9.183061921886472
29511,7078,7078,17,35.14553927960867
29512,7079,7079,17,4.624183597380048
29513,7080,7080,17,5.116218409958214
29514,7081,7081,17,48.97379819514047
29515,7082,7082,17,0.0589501034999191
29516,7083,7083,17,38.653653471535385
29517,7084,7084,17,9.502647329455629
29518,7085,7085,17,17.354296034222962
29519,7086,7086,17,19.92640289028047
29520,7087,7087,17,16.61972460442429
29521,7088,7088,17,16.46157521558097
29522,7089,7089,17,16.905022666039283
29523,7090,7090,17,1.502410582199334
29524,7091,7091,17,15.8580279100156
29525,7092,7092,17,29.878888549225472
29526,7093,7093,17,37.120794698580326
29527,7094,7094,17,58.90560559389414
29528,7095,7095,17,54.70942781419205
29529,7096,7096,17,4.6046215828026975
29530,7097,7097,17,0.0103500090000778
29531,7098,7098,17,25.768963108934493
29532,7099,7099,17,10.84618634205516
29533,7100,7100,17,60.351115355504646
29534,7101,7101,17,8.907935508491473
29535,7102,7102,17,6.804244520599365
29536,7103,7103,17,69.53195439042878
29537,7104,7104,17,47.2802793065686
29538,7105,7105,17,33.91952012639515
29539,7106,7106,17,19.93263974413413
29540,7107,7107,17,4.748961412370414
29541,7108,7108,17,21.299306635572503
29542,7109,7109,17,7.374692027933523
29543,7110,7110,17,35.581607921917765
29544,7111,7111,17,78.55504233008391
29545,7112,7112,17,1.2915001575010716
29546,7113,7113,17,67.4897113041265
29547,7114,7114,17,54.75934557348841
29548,7115,7115,17,15.780788114842876
29549,7116,7116,17,1.5543049490446912
29550,7117,7117,17,11.751241991028838
29551,7118,7118,17,50.05636333608547
29552,7119,7119,17,4.794644078886894
29553,7120,7120,17,50.79457238940989
29554,7121,7121,17,48.35392810108659
29555,7122,7122,17,33.012856772335006
29556,7123,7123,17,3.225182849174318
29557,7124,7124,17,2.7357067117344886
29558,7125,7125,17,17.545804143753532
29559,7126,7126,17,41.88482697485408
29560,7127,7127,17,14.434023682142302
29561,7128,7128,17,1.7430730530700906
29562,7129,7129,17,3.5021267489293963
29563,7130,7130,17,2.198693104377236
29564,7131,7131,17,5.408981975881562
29565,7132,7132,17,12.749424654234549
29566,7133,7133,17,18.50433765431997
29567,7134,7134,17,20.901262566198007
29568,7135,7135,17,31.502462365900552
29569,7136,7136,17,12.081837616096914
29570,7137,7137,17,47.00941875068467
29571,7138,7138,17,12.063432378811315
29572,7139,7139,17,21.31999777494038
29573,7140,7140,17,20.139402288057067
29574,7141,7141,17,12.806371070430666
29575,7142,7142,17,22.726530423575245
29576,7143,7143,17,46.28084819818473
29577,7144,7144,17,18.49536479709412
29578,7145,7145,17,3.180092304064397
29579,7146,7146,17,32.62209573610699
29580,7147,7147,17,37.231398955517136
29581,7148,7148,17,24.448711541226142
29582,7149,7149,17,8.440888494774223
29583,7150,7150,17,10.259482757359123
29584,7151,7151,17,9.165667742142547
29585,7152,7152,17,10.34984964783195
29586,7153,7153,17,25.646550500669765
29587,7154,7154,17,20.189649411567093
29588,7155,7155,17,9.001399886432454
29589,7156,7156,17,2.18924994150132
29590,7157,7157,17,2.2150343379697874
29591,7158,7158,17,5.633415819530021
29592,7159,7159,17,20.815682624157787
29593,7160,7160,17,13.412217348843672
29594,7161,7161,17,11.823342468975964
29595,7162,7162,17,6.483557904519032
29596,7163,7163,17,34.58887609226873
29597,7164,7164,17,2.179274254235841
29598,7165,7165,17,0.3491998065001741
29599,7166,7166,17,1.939500008999944
29600,7167,7167,17,1.7581501125003098
29601,7168,7168,17,29.54050470056861
29602,7169,7169,17,10.909094732432072
29603,7170,7170,17,1.4480999820004106
29604,7171,7171,17,0.4315500089997798
29605,7172,7172,17,22.76832456080921
29606,7173,7173,17,22.14482666769348
29607,7174,7174,17,2.4457502654999344
29608,7175,7175,17,4.744611334849656
29609,7176,7176,17,0.3291385346482191
29610,7177,7177,17,1.0349061050539017
29611,7178,7178,17,7.100644263947658
29612,7179,7179,17,43.17514701855758
29613,7180,7180,17,0.1828033189289122
29614,7181,7181,17,20.22799232592505
29615,7182,7182,17,4.092707381567299
29616,7183,7183,17,7.853489005239614
29617,7184,7184,17,17.14941067975986
29618,7185,7185,17,13.656311429647529
29619,7186,7186,17,22.620439213839425
29620,7187,7187,17,17.30136405762291
29621,7188,7188,17,36.96953622138414
29622,7189,7189,17,3.157023033314742
29623,7190,7190,17,0.2589272006847625
29624,7191,7191,17,9.266152614522351
29625,7192,7192,17,47.709248330482765
29626,7193,7193,17,50.61100340675336
29627,7194,7194,17,43.28734619273786
29628,7195,7195,17,27.025898399142445
29629,7196,7196,17,8.119101456857354
29630,7197,7197,17,48.24631652966541
29631,7198,7198,17,11.029933717847497
29632,7199,7199,17,49.2723862348867
29633,7200,7200,17,33.5681138370999
29634,7201,7201,17,61.39312608815932
29635,7202,7202,17,33.83767279586294
29636,7203,7203,17,62.075117916694495
29637,7204,7204,17,39.109633077818415
29638,7205,7205,17,17.81785707950717
29639,7206,7206,17,30.094092465991466
29640,7207,7207,17,48.37833029684156
29641,7208,7208,17,3.753269797655516
29642,7209,7209,17,16.117153062905892
29643,7210,7210,17,8.111297558092266
29644,7211,7211,17,26.735782973436866
29645,7212,7212,17,16.33326756655994
29646,7213,7213,17,19.885685213587
29647,7214,7214,17,26.43461431841077
29648,7215,7215,17,36.62032689156791
29649,7216,7216,17,20.670072235428037
29650,7217,7217,17,15.021332366275969
29651,7218,7218,17,2.5120164682296133
29652,7219,7219,17,26.88531716802746
29653,7220,7220,17,14.878732417974415
29654,7221,7221,17,33.17473623067084
29655,7222,7222,17,13.14691587983694
29656,7223,7223,17,12.673925096479564
29657,7224,7224,17,11.236373436515947
29658,7225,7225,17,44.35215772604993
29659,7226,7226,17,16.157542287452298
29660,7227,7227,17,33.39066684397957
29661,7228,7228,17,9.2711325935227
29662,7229,7229,17,17.344374204039095
29663,7230,7230,17,15.17622642146486
29664,7231,7231,17,36.62217628916852
29665,7232,7232,17,42.163824466826114
29666,7233,7233,17,20.021557292547808
29667,7234,7234,17,20.217442648946967
29668,7235,7235,17,13.898502839825182
29669,7236,7236,17,9.059147790174231
29670,7237,7237,17,14.379740638617962
29671,7238,7238,17,22.668308875384763
29672,7239,7239,17,30.43209340977012
29673,7240,7240,17,21.0798577512393
29674,7241,7241,17,52.171461058164994
29675,7242,7242,17,1.5547645888229609
29676,7243,7243,17,31.179322962516807
29677,7244,7244,17,9.833061517759443
29678,7245,7245,17,9.337388824229182
29679,7246,7246,17,29.439158749109957
29680,7247,7247,17,29.333541525385947
29681,7248,7248,17,41.92563292892292
29682,7249,7249,17,17.137316751593083
29683,7250,7250,17,25.12250089098469
29684,7251,7251,17,34.321148317018014
29685,7252,7252,17,2.3746501754997373
29686,7253,7253,17,7.942176560474098
29687,7254,7254,17,9.841373021022829
29688,7255,7255,17,3.6817856111897456
29689,7256,7256,17,2.529563416810401
29690,7257,7257,17,5.375209220360279
29691,7258,7258,17,3.717491135137826
29692,7259,7259,17,2.0611657204328178
29693,7260,7260,17,1.959134509066429
29694,7261,7261,17,10.99545929991856
29695,7262,7262,17,44.37119061008096
29696,7263,7263,17,0.1484997975001745
29697,7264,7264,17,10.007673151671828
29698,7265,7265,17,31.30412686633089
29699,7266,7266,17,1.1583000675004422
29700,7267,7267,17,3.740332927158758
29701,7268,7268,17,5.26641651483954
29702,7269,7269,17,21.607804557765053
29703,7270,7270,17,10.316995091237768
29704,7271,7271,17,33.703146231270644
29705,7272,7272,17,13.392503714734062
29706,7273,7273,17,22.55063061653209
29707,7274,7274,17,1.1526694554667174
29708,7275,7275,17,26.75517746373135
29709,7276,7276,17,9.095421712763365
29710,7277,7277,17,18.028210390466363
29711,7278,7278,17,61.287890050541286
29712,7279,7279,17,42.72105625662431
29713,7280,7280,17,30.9916434508937
29714,7281,7281,17,0.6993755529685244
29715,7282,7282,17,20.54872470803367
29716,7283,7283,17,1.793642258265033
29717,7284,7284,17,1.0499078812331857
29718,7285,7285,17,1.446533334248066
29719,7286,7286,17,15.00231657575792
29720,7287,7287,17,13.385406927948251
29721,7288,7288,17,26.28895444419608
29722,7289,7289,17,12.192608077524085
29723,7290,7290,17,1.1269423724769427
29724,7291,7291,17,11.586718347093724
29725,7292,7292,17,5.263081117404468
29726,7293,7293,17,11.526008582126051
29727,7294,7294,17,16.716891129866347
29728,7295,7295,17,32.36043731453774
29729,7296,7296,17,4.241662775457048
29730,7297,7297,17,10.757917138083757
29731,7298,7298,17,1.3124321464144997
29732,7299,7299,17,0.0085499910000562
29733,7300,7300,17,6.46186706683474
29734,7301,7301,17,40.227597403153936
29735,7302,7302,17,4.026435480534951
29736,7303,7303,17,0.644400126000017
29737,7304,7304,17,1.5649618957594038
29738,7305,7305,17,4.05086486584834
29739,7306,7306,17,2.6421230223932564
29740,7307,7307,17,4.570015217433586
29741,7308,7308,17,10.041934670067995
29742,7309,7309,17,1.8427434146538968
29743,7310,7310,17,2.7180065898456878
29744,7311,7311,17,6.223916618868783
29745,7312,7312,17,13.556284056130083
29746,7313,7313,17,13.078478695087783
29747,7314,7314,17,8.949471196912247
29748,7315,7315,17,0.0080999190000146
29749,7316,7316,17,2.278800243000783
29750,7317,7317,17,36.66350409605801
29751,7318,7318,17,8.488593946442515
29752,7319,7319,17,16.956458594768822
29753,7320,7320,17,4.360041418728307
29754,7321,7321,17,9.043324483612746
29755,7322,7322,17,3.575126569388852
29756,7323,7323,17,1.5243961131764092
29757,7324,7324,17,2.654753747322999
29758,7325,7325,17,7.8426085869928
29759,7326,7326,17,7.931242322001764
29760,7327,7327,17,3.717770118008256
29761,7328,7328,17,1.6039304759905335
29762,7329,7329,17,7.039403729048264
29763,7330,7330,17,1.1573463879482448
29764,7331,7331,17,21.53974210313524
29765,7332,7332,17,6.103758121863804
29766,7333,7333,17,6.900964967712656
29767,7334,7334,17,2.765035018787848
29769,7335,7335,17,36.92138443450189
29770,7336,7336,17,7.55408983952212
29772,7337,7337,17,52.78758639701899
29773,7338,7338,17,47.51979801652667
29775,7339,7339,17,27.048437642966743
29776,7340,7340,17,26.58884819544573
29779,7341,7341,17,1.9724968071721904
29809,7342,7342,17,3.84832509394072
29810,7343,7343,17,1.4621253740594835
29811,7344,7344,17,1.337015860486403
29812,7345,7345,17,3.7436596615565114
29813,7346,7346,17,1.851216983165357
29814,7347,7347,17,6.545157535288404
29815,7348,7348,17,4.057910898906261
29816,7349,7349,17,1.622438651095562
29817,7350,7350,17,9.114295928637787
29818,7351,7351,17,2.167499073627289
29819,7352,7352,17,2.132216541223616
29820,7353,7353,17,1.129833319277929
29821,7354,7354,17,11.359087307342888
29822,7355,7355,17,6.144562728658758
29823,7356,7356,17,1.6204354408924877
29824,7357,7357,17,3.1359280863658787
29825,7358,7358,17,6.276286355743467
29826,7359,7359,17,12.32359718958798
29827,7360,7360,17,29.13085335041663
29828,7361,7361,17,18.54277794870021
29829,7362,7362,17,11.595522613782853
29833,7363,7363,17,2.9207304733403623
29834,7364,7364,17,13.8507695446541
29835,7365,7365,17,3.399077295584604
29836,7366,7366,17,1.1184726009144783
29837,7367,7367,17,0.184050031499967
29838,7368,7368,17,2.0130887607539445
29839,7369,7369,17,2.673661275245932
29840,7370,7370,17,0.8549994779992737
29841,7371,7371,17,0.0454500630001053
29842,7372,7372,17,0.0949499099999889
29843,7373,7373,17,3.3058973798779547
29844,7374,7374,17,0.9619026246270352
30004,7375,7375,17,3.0231520875718108
30007,7376,7376,17,4.106345019975633
30009,7377,7377,17,13.20879790883407
30010,7378,7378,17,4.811181602243944
30013,7379,7379,17,1.5281999189992548
30014,7380,7380,17,0.2029499055006206
30015,7381,7381,17,4.837260290094726
30018,7382,7382,17,7.564061207984209
30019,7383,7383,17,8.19223781101831
30020,7384,7384,17,11.574246185973168
30021,7385,7385,17,1.873553346026536
30022,7386,7386,17,3.911670001228109
30023,7387,7387,17,2.7645291932715623
30024,7388,7388,17,37.796512355472025
30025,7389,7389,17,14.541638391527623
30026,7390,7390,17,28.510320863186376
30027,7391,7391,17,12.33707930331266
30028,7392,7392,17,7.389183284457147
30029,7393,7393,17,7.90901675605331
30030,7394,7394,17,7.800838278704077
30031,7395,7395,17,22.34061097879356
30032,7396,7396,17,23.922565028525888
30033,7397,7397,17,11.091485907469798
30034,7398,7398,17,1.7398171006151697
30035,7399,7399,17,4.682582849886775
30036,7400,7400,17,32.54557537271702
30037,7401,7401,17,21.97192515826887
30038,7402,7402,17,32.388645403802336
30039,7403,7403,17,4.803403997709825
30040,7404,7404,17,26.59786552395273
30041,7405,7405,17,8.546684179045359
30042,7406,7406,17,8.473741644558794
30045,7407,7407,17,0.2335501079997867
30046,7408,7408,17,3.21668989197883
30048,7409,7409,17,0.6030000900001525
30050,7410,7410,17,20.416885334247976
30051,7411,7411,17,22.95165913940576
30052,7412,7412,17,8.849971327567529
30053,7413,7413,17,13.414811701671026
30056,7414,7414,17,8.406055653957218
30057,7415,7415,17,10.309009381438928
30059,7416,7416,17,28.071366870359267
30060,7417,7417,17,10.769771358837776
30061,7418,7418,17,15.359235267194688
30062,7419,7419,17,1.298962344266761
30067,7420,7420,17,24.860115916265816
30068,7421,7421,17,4.822718225739839
30069,7422,7422,17,19.469755496676072
30070,7423,7423,17,17.314816624794076
30071,7424,7424,17,5.957315182801854
30072,7425,7425,17,4.180962232216686
30073,7426,7426,17,11.787837468888284
30074,7427,7427,17,19.51236387209904
30121,7428,7428,17,12.623612612302956
30122,7429,7429,17,18.44618809869438
30133,7430,7430,17,10.952032260608494
30134,7431,7431,17,7.638367815863431
30137,7432,7432,17,16.140424026555003
30138,7433,7433,17,4.450226234445229
30144,7434,7434,17,16.215007025808482
30145,7435,7435,17,27.4690107807718
30146,7436,7436,17,12.434131342900969
30152,7437,7437,17,3.0261751937689185
30153,7438,7438,17,8.715233250474222
30154,7439,7439,17,4.192641380255688
30155,7440,7440,17,2.179801377468348
30156,7441,7441,17,2.8911426388600616
30157,7442,7442,17,6.595755862176957
30158,7443,7443,17,0.6669004319996238
30537,7444,7444,17,2.0367001439997927
30538,7445,7445,17,12.593557585977942
30539,7446,7446,17,45.43445104206116
30540,7447,7447,17,12.437799866532202
30541,7448,7448,17,31.982991478387397
30542,7449,7449,17,2.0340000359999983
30543,7450,7450,17,29.987513680843023
30544,7451,7451,17,27.569285531642496
30545,7452,7452,17,6.501235970884889
30546,7453,7453,17,5.7119604722762105
30547,7454,7454,17,5.955552629847857
30548,7455,7455,17,10.28689645886761
30549,7456,7456,17,9.410533235689847
30550,7457,7457,17,5.62002117842874
30551,7458,7458,17,1.014267953443136
30552,7459,7459,17,2.593832042056322
30553,7460,7460,17,2.569608609300852
30554,7461,7461,17,5.361191530201301
30555,7462,7462,17,28.89007142593969
30556,7463,7463,17,9.85357864157134
30557,7464,7464,17,24.04092924109943
30558,7465,7465,17,14.708569953393482
30559,7466,7466,17,33.18578402757245
30560,7467,7467,17,26.574666674428457
30561,7468,7468,17,27.98527716613412
30562,7469,7469,17,4.219873018363189
30563,7470,7470,17,11.097652715700397
30564,7471,7471,17,4.425388119709864
30565,7472,7472,17,7.147688011030302
30566,7473,7473,17,17.525071365066477
30568,7474,7474,17,82.35921954732036
30569,7475,7475,17,12.820967969062671
30570,7476,7476,17,16.047879466909862
30572,7477,7477,17,0.024300027000159
30573,7478,7478,17,18.09452627009876
30574,7479,7479,17,2.627074908902265
30575,7480,7480,17,35.222399282908974
30576,7481,7481,17,11.39490062709643
30577,7482,7482,17,21.847275704723074
30578,7483,7483,17,9.546074124279707
30580,7484,7484,17,14.045765450325105
30582,7485,7485,17,32.71507654510591
30583,7486,7486,17,12.705393289993047
30601,7487,7487,17,5.864366600013688
30602,7488,7488,17,3.7269335439863207
30603,7489,7489,17,4.83997502675654
30604,7490,7490,17,11.021175162248612
30605,7491,7491,17,2.520761666023404
30606,7492,7492,17,6.011238698482798
30607,7493,7493,17,9.387916025537551
30608,7494,7494,17,11.529433006964206
30609,7495,7495,17,24.901065789695117
30610,7496,7496,17,26.31253358930781
30611,7497,7497,17,25.80197487233638
30612,7498,7498,17,6.460775199662685
30613,7499,7499,17,87.36332370056263
30614,7500,7500,17,5.182325655927941
30615,7501,7501,17,2.6029353702403606
30616,7502,7502,17,2.109914413758139
30617,7503,7503,17,3.4215051549049638
30618,7504,7504,17,9.84809448509339
30619,7505,7505,17,17.86659445152429
30620,7506,7506,17,37.39385435597827
30621,7507,7507,17,6.058206109056521
30622,7508,7508,17,2.8018438639487586
30623,7509,7509,17,47.97370921508157
30624,7510,7510,17,28.71034056892623
30625,7511,7511,17,2.315331864757717
30626,7512,7512,17,10.246776858284036
30627,7513,7513,17,4.144591078938159
30628,7514,7514,17,2.124000180000573
30629,7515,7515,17,83.46844815784438
30630,7516,7516,17,19.2634020536462
30631,7517,7517,17,23.398860672851445
30632,7518,7518,17,13.637939106649007
30633,7519,7519,17,4.381443921560407
30634,7520,7520,17,2.470255826439679
30635,7521,7521,17,107.78752204608664
30636,7522,7522,17,52.370627584896624
30637,7523,7523,17,1.865268717576444
30638,7524,7524,17,5.728931678422292
30639,7525,7525,17,1.7626844668882675
30640,7526,7526,17,9.9302891704866
30641,7527,7527,17,3.907660874514796
30642,7528,7528,17,3.49170774271363
30643,7529,7529,17,2.270092837786123
30644,7530,7530,17,0.0670500764997601
30645,7531,7531,17,6.449521588697173
30646,7532,7532,17,2.748479036803945
30647,7533,7533,17,0.0084543182647898
30648,7534,7534,17,4.302095573735431
30649,7535,7535,17,13.442025502809882
30650,7536,7536,17,0.0341244746908838
30651,7537,7537,17,66.96839895418358
30652,7538,7538,17,74.84190027183377
30653,7539,7539,17,39.15366166223979
30654,7540,7540,17,20.378189615769383
30655,7541,7541,17,0.9239842283709944
30656,7542,7542,17,35.671815326132744
30657,7543,7543,17,4.07443122706464
30658,7544,7544,17,1.1145185524374557
30659,7545,7545,17,12.583860863116204
30660,7546,7546,17,18.81263847089532
30661,7547,7547,17,32.08702173754028
30662,7548,7548,17,7.094928959955412
30663,7549,7549,17,10.190189527010649
30664,7550,7550,17,24.424260693490687
30665,7551,7551,17,35.159583157771486
30666,7552,7552,17,23.11316844873972
30667,7553,7553,17,5.0224086554663145
30668,7554,7554,17,3.6242217985735983
30669,7555,7555,17,33.76271991496507
30670,7556,7556,17,1.6164070639407189
30671,7557,7557,17,2.1221933860599846
30672,7558,7558,17,24.373902178359188
30673,7559,7559,17,18.443597857648523
30674,7560,7560,17,1.4443958381468356
30675,7561,7561,17,27.89815685429555
30676,7562,7562,17,1.399646254552845
30677,7563,7563,17,14.8541147204386
30678,7564,7564,17,18.94358500056084
30679,7565,7565,17,17.601621904220877
30680,7566,7566,17,22.072177839273145
30681,7567,7567,17,16.49764025753315
30682,7568,7568,17,11.712409044959086
30683,7569,7569,17,10.619966275490343
30684,7570,7570,17,5.550138734409056
30685,7571,7571,17,23.710245705602595
30686,7572,7572,17,60.738725296531
30687,7573,7573,17,30.257123452445583
30688,7574,7574,17,37.06378267904165
30689,7575,7575,17,9.13816777547393
30690,7576,7576,17,0.6682501349983215
30691,7577,7577,17,29.879111917104144
30692,7578,7578,17,51.389087376413976
30693,7579,7579,17,15.25324390599351
30694,7580,7580,17,16.07530653050594
30695,7581,7581,17,44.79293090315522
30696,7582,7582,17,24.32751707633902
30697,7583,7583,17,20.61042926475688
30698,7584,7584,17,9.610220096243244
30699,7585,7585,17,53.31817713129507
30700,7586,7586,17,58.6319212352058
30701,7587,7587,17,7.742571751447931
30702,7588,7588,17,10.09992816304645
30703,7589,7589,17,26.723029028308154
30704,7590,7590,17,16.847772047188094
30705,7591,7591,17,22.24995251529859
30706,7592,7592,17,5.866946935696292
30707,7593,7593,17,21.73331209046702
30708,7594,7594,17,55.81068731552908
30709,7595,7595,17,5.775186024833351
30710,7596,7596,17,6.696114690662533
30711,7597,7597,17,4.286067620518714
30712,7598,7598,17,0.0240323344819471
30713,7599,7599,17,3.230469283213288
30714,7600,7600,17,2.9079808247874976
30715,7601,7601,17,2.024549671499133
30716,7602,7602,17,46.761748500919936
30717,7603,7603,17,10.22085150358512
30718,7604,7604,17,75.45797635275191
30719,7605,7605,17,43.26867454724639
30720,7606,7606,17,43.97487910963947
30721,7607,7607,17,51.781070570863854
30722,7608,7608,17,19.37999782223338
30723,7609,7609,17,63.92895196629146
30724,7610,7610,17,4.256339434200138
30725,7611,7611,17,4.934910853801105
30726,7612,7612,17,36.18066496518952
30727,7613,7613,17,25.71548589881436
30728,7614,7614,17,21.576529543169563
30729,7615,7615,17,27.46447056032304
30730,7616,7616,17,24.53161410299299
30731,7617,7617,17,14.761485762011468
30732,7618,7618,17,3.314675585003406
30733,7619,7619,17,1.1520241944972585
30734,7620,7620,17,0.5039370476998388
30735,7621,7621,17,2.262213087298885
30736,7622,7622,17,32.0119610394983
30737,7623,7623,17,23.122938456511765
30738,7624,7624,17,13.364251747709154
30739,7625,7625,17,71.12729677178747
30740,7626,7626,17,47.32650482650988
30741,7627,7627,17,8.06534506549228
30742,7628,7628,17,15.964882769297304
30743,7629,7629,17,5.931667631203145
30744,7630,7630,17,19.978587349430384
30745,7631,7631,17,9.26511375757251
30746,7632,7632,17,17.84835350482765
30747,7633,7633,17,17.967146211679264
30748,7634,7634,17,3.5523775922359526
30749,7635,7635,17,0.5075221557640937
30750,7636,7636,17,0.2182498875000476
30751,7637,7637,17,8.902933383709222
30752,7638,7638,17,3.670516746789128
30753,7639,7639,17,33.50125787303104
30754,7640,7640,17,17.05939227996655
30755,7641,7641,17,1.5641999415006045
30756,7642,7642,17,2.6239784732788056
30757,7643,7643,17,5.194321963221163
30758,7644,7644,17,0.1579501080001294
30759,7645,7645,17,57.18023400302791
30760,7646,7646,17,58.080965371480445
30761,7647,7647,17,44.24826709030482
30762,7648,7648,17,7.407682972696532
30763,7649,7649,17,2.5829267441432253
30764,7650,7650,17,6.03002473863443
30765,7651,7651,17,12.863748742226496
30766,7652,7652,17,0.0013499865000024
30767,7653,7653,17,0.0333001440000534
30768,7654,7654,17,2.421899689499736
30769,7655,7655,17,0.0968778408834338
30770,7656,7656,17,1.8101378208360672
30771,7657,7657,17,3.673883717281005
30772,7658,7658,17,1.0476132626476884
30773,7659,7659,17,1.7037126315642
30774,7660,7660,17,3.84342383578724
30775,7661,7661,17,11.887778085310638
30776,7662,7662,17,7.229122504190262
30777,7663,7663,17,0.0940499820001125
30778,7664,7664,17,14.882500417559504
30779,7665,7665,17,5.579899478940308
30780,7666,7666,17,1.1790050296185677
30781,7667,7667,17,2.1113946733815765
30782,7668,7668,17,0.1138499099999815
30783,7669,7669,17,16.85145630697034
30784,7670,7670,17,1.6330730080766267
30785,7671,7671,17,5.135040071488306
30786,7672,7672,17,6.1062424161707165
30787,7673,7673,17,3.533731714648783
30788,7674,7674,17,19.294606599642307
30789,7675,7675,17,0.2754000270004272
30790,7676,7676,17,16.579051589857624
30791,7677,7677,17,1.5169862085868775
30792,7678,7678,17,24.385715472188
30793,7679,7679,17,1.5556963828706667
30794,7680,7680,17,20.08215867451121
30795,7681,7681,17,25.262718653069605
30796,7682,7682,17,13.04132162967956
30797,7683,7683,17,10.3738022757289
30798,7684,7684,17,31.39591756951666
30799,7685,7685,17,21.603629646303503
30800,7686,7686,17,6.701062825678797
30801,7687,7687,17,54.93869040393817
30802,7688,7688,17,3.2552474502673747
30803,7689,7689,17,1.496458354768973
30804,7690,7690,17,2.339394514464208
30805,7691,7691,17,4.898081517480761
30806,7692,7692,17,1.8028681135179772
30807,7693,7693,17,83.95041761897862
30808,7694,7694,17,10.846580990522094
30809,7695,7695,17,0.0063000495001077
30810,7696,7696,17,6.974539360980004
30811,7697,7697,17,12.687310333022612
30812,7698,7698,17,4.940648702555329
30813,7699,7699,17,0.3176015134445513
30814,7700,7700,17,0.39825002700001
30815,7701,7701,17,12.621537552750684
30816,7702,7702,17,12.577112955748484
30817,7703,7703,17,12.774709846017316
30818,7704,7704,17,22.59528966797793
30819,7705,7705,17,18.26928739711494
30820,7706,7706,17,47.32586127988366
30821,7707,7707,17,24.58258468979932
30822,7708,7708,17,35.576116187694964
30823,7709,7709,17,14.725739306255443
30824,7710,7710,17,9.038760185238823
30825,7711,7711,17,6.217230747306667
30826,7712,7712,17,5.367119239191711
30827,7713,7713,17,0.0144000224999487
30828,7714,7714,17,5.835007408895731
30829,7715,7715,17,0.3407925551049374
30830,7716,7716,17,33.67197647222447
30831,7717,7717,17,17.50292296526026
30832,7718,7718,17,13.266934497960207
30833,7719,7719,17,20.948815907043773
30834,7720,7720,17,17.09436763111797
30835,7721,7721,17,24.102683048382552
30836,7722,7722,17,15.861135159117149
30837,7723,7723,17,18.515713913880692
30838,7724,7724,17,11.879850753361673
30839,7725,7725,17,2.3657982566396965
30840,7726,7726,17,13.757992406062275
30841,7727,7727,17,1.6329070899415314
30842,7728,7728,17,92.18883934869464
30843,7729,7729,17,31.845111218292114
30844,7730,7730,17,9.3524011883215
30845,7731,7731,17,23.406248267179848
30846,7732,7732,17,10.233961476812112
30847,7733,7733,17,13.382037947183624
30848,7734,7734,17,72.14883456935519
30849,7735,7735,17,43.484514355173005
30850,7736,7736,17,23.31737012375623
30851,7737,7737,17,7.774030911243081
30852,7738,7738,17,3.9711756683773993
30853,7739,7739,17,19.536824849118943
30854,7740,7740,17,21.94203608722159
30855,7741,7741,17,13.86806375077802
30856,7742,7742,17,1.296883598505825
30857,7743,7743,17,8.345616913475453
30858,7744,7744,17,11.825649992024944
30859,7745,7745,17,28.08015838637334
30860,7746,7746,17,35.00084136612214
30861,7747,7747,17,1.5201005805003345
30862,7748,7748,17,107.88364599337054
30863,7749,7749,17,12.38110407414751
30864,7750,7750,17,3.031952395111248
30865,7751,7751,17,1.3168482438883184
30866,7752,7752,17,12.665470103750616
30867,7753,7753,17,1.3259306792477836
30868,7754,7754,17,24.432691801284225
30869,7755,7755,17,17.477157537210523
30870,7756,7756,17,47.99274915073214
30871,7757,7757,17,15.54361054747
30872,7758,7758,17,1.363990279305033
30873,7759,7759,17,33.526369365297825
30874,7760,7760,17,13.712639168095803
30875,7761,7761,17,17.682063086581284
30876,7762,7762,17,17.828528312547164
30877,7763,7763,17,2.9052090308421104
30878,7764,7764,17,0.6596915451603586
30879,7765,7765,17,9.897006844876914
30880,7766,7766,17,14.76029386612466
30881,7767,7767,17,3.794051008575089
30882,7768,7768,17,11.507748851922988
30883,7769,7769,17,25.81660278559545
30884,7770,7770,17,7.824650140701014
30885,7771,7771,17,10.773297501208782
30886,7772,7772,17,68.168443487193
30887,7773,7773,17,49.09030723282292
30888,7774,7774,17,8.06317703336266
30889,7775,7775,17,44.04142271913527
30890,7776,7776,17,0.0819000359999463
30891,7777,7777,17,12.422071713108718
30892,7778,7778,17,11.951278601893671
30893,7779,7779,17,8.32020054966319
30894,7780,7780,17,28.53029931083014
30895,7781,7781,17,0.606150135000065
30896,7782,7782,17,6.816991895935804
30897,7783,7783,17,2.145147789125098
30898,7784,7784,17,6.2271472375754415
30899,7785,7785,17,12.6534561378925
30900,7786,7786,17,52.3584949421013
30901,7787,7787,17,5.092365781325653
30902,7788,7788,17,93.36088290913654
30903,7789,7789,17,3.815415727326989
30904,7790,7790,17,0.1463844166725538
30905,7791,7791,17,43.01209240708531
30906,7792,7792,17,102.1153061310279
30907,7793,7793,17,12.839252757885363
30908,7794,7794,17,1.4014676055043935
30909,7795,7795,17,1.4780818679975158
30910,7796,7796,17,14.306406719224157
30911,7797,7797,17,17.15309393327464
30912,7798,7798,17,0.9548997749999164
30913,7799,7799,17,30.59874215737378
30914,7800,7800,17,26.647108090119705
30915,7801,7801,17,28.222808105134785
30916,7802,7802,17,16.18544173286281
30917,7803,7803,17,21.78840785529738
30918,7804,7804,17,0.0428925002077296
30919,7805,7805,17,33.02002119598191
30920,7806,7806,17,10.910778957025508
30921,7807,7807,17,0.6764728543373942
30922,7808,7808,17,11.4631768666608
30923,7809,7809,17,10.232743147128923
30924,7810,7810,17,29.899606119368705
30925,7811,7811,17,12.660129003093124
30926,7812,7812,17,26.72657152791809
30927,7813,7813,17,4.467430155303449
30928,7814,7814,17,14.360120186700028
30929,7815,7815,17,20.241645184862524
30930,7816,7816,17,12.893203982637177
30931,7817,7817,17,9.282479513652827
30932,7818,7818,17,2.3537729794604183
30933,7819,7819,17,19.05284747538097
30934,7820,7820,17,8.842052700616039
30935,7821,7821,17,17.940597582887353
30936,7822,7822,17,3.207419725850351
30937,7823,7823,17,1.3137296666488256
30938,7824,7824,17,11.053230496798289
30939,7825,7825,17,35.55761269528311
30940,7826,7826,17,4.982556002418779
30941,7827,7827,17,10.69705050932841
30942,7828,7828,17,12.470750656168878
30943,7829,7829,17,5.974654568968504
30944,7830,7830,17,1.4997782089070044
30945,7831,7831,17,9.286193312313014
30946,7832,7832,17,14.015773576805158
30947,7833,7833,17,20.97462998413365
30948,7834,7834,17,22.901267727622
30949,7835,7835,17,8.95779187884707
30950,7836,7836,17,4.027410251873099
30951,7837,7837,17,0.394649910000477
30952,7838,7838,17,68.78972270319531
30953,7839,7839,17,8.459527386800755
30954,7840,7840,17,14.609327486180051
30955,7841,7841,17,79.46722091179674
30956,7842,7842,17,0.7362001124994755
30957,7843,7843,17,11.162523366206493
30958,7844,7844,17,6.238977281796351
30959,7845,7845,17,56.5171071470775
30960,7846,7846,17,55.3231932533223
30961,7847,7847,17,2.534899432015985
30962,7848,7848,17,4.292773697400715
30963,7849,7849,17,11.593076533086196
30964,7850,7850,17,15.862910550878349
30965,7851,7851,17,6.445862268266451
30966,7852,7852,17,13.03050255590552
30967,7853,7853,17,12.248224962469743
30968,7854,7854,17,0.6834338002284318
30969,7855,7855,17,3.2999661142724976
30970,7856,7856,17,0.0859500360003709
30971,7857,7857,17,19.281304125620096
30972,7858,7858,17,13.115847074559769
30973,7859,7859,17,6.164249326319024
30974,7860,7860,17,3.846587542185784
30975,7861,7861,17,8.32367451436996
30976,7862,7862,17,15.696426181706778
30977,7863,7863,17,8.93611188774088
30978,7864,7864,17,26.75200996212113
30979,7865,7865,17,1.828889880269408
30980,7866,7866,17,13.731249635599896
30981,7867,7867,17,1.842750499499485
30982,7868,7868,17,4.912249682508051
30983,7869,7869,17,15.19689605631436
30984,7870,7870,17,7.034315287272971
30985,7871,7871,17,6.842338478905384
30986,7872,7872,17,20.25506908188042
30987,7873,7873,17,5.411580706619408
30988,7874,7874,17,3.59652644534174
30989,7875,7875,17,12.689873595168264
30990,7876,7876,17,34.072734982649905
30991,7877,7877,17,7.733164603358105
30992,7878,7878,17,16.73094926927232
30993,7879,7879,17,15.778850438229457
30994,7880,7880,17,1.2123002025003136
30995,7881,7881,17,0.6034526154077351
30996,7882,7882,17,31.590448469091847
30997,7883,7883,17,13.641122891052484
30998,7884,7884,17,22.52987682995403
30999,7885,7885,17,25.597130061104718
31000,7886,7886,17,17.412969983888505
31001,7887,7887,17,40.81042323170863
31002,7888,7888,17,16.985326831300526
31003,7889,7889,17,46.09107136197854
31004,7890,7890,17,19.61702830952684
31005,7891,7891,17,14.448324209635526
31006,7892,7892,17,18.32022573636225
31007,7893,7893,17,1.9613619114735128
31008,7894,7894,17,5.975287940024519
31009,7895,7895,17,33.59359617311937
31010,7896,7896,17,36.37555489337902
31011,7897,7897,17,1.5094465927244127
31012,7898,7898,17,17.570791516666716
31013,7899,7899,17,25.82341743833454
31014,7900,7900,17,10.86979489328333
31015,7901,7901,17,11.080650267996926
31016,7902,7902,17,9.819599309003248
31017,7903,7903,17,0.3303000359996557
31018,7904,7904,17,31.239238199353025
31019,7905,7905,17,29.1957618231481
31020,7906,7906,17,13.589966628354192
31021,7907,7907,17,7.856583821648423
31022,7908,7908,17,21.813251460366217
31023,7909,7909,17,4.032499826667541
31024,7910,7910,17,30.236423817741365
31025,7911,7911,17,18.575076258788528
31026,7912,7912,17,11.662736988110588
31027,7913,7913,17,2.209609423254314
31028,7914,7914,17,60.605352477128925
31029,7915,7915,17,5.710002786003292
31030,7916,7916,17,5.878708811948109
31031,7917,7917,17,2.295138649541005
31032,7918,7918,17,30.288824555346466
31033,7919,7919,17,10.270125615689883
31034,7920,7920,17,4.255494968747968
31035,7921,7921,17,19.76282312753608
31036,7922,7922,17,16.9699326417116
31037,7923,7923,17,11.849708012303395
31038,7924,7924,17,12.117611370060462
31039,7925,7925,17,5.959406202237308
31040,7926,7926,17,7.988924950890733
31041,7927,7927,17,36.267291016858834
31042,7928,7928,17,22.03325335595316
31043,7929,7929,17,13.015905127667471
31044,7930,7930,17,17.60635870145899
31045,7931,7931,17,8.922669698055747
31046,7932,7932,17,18.870797501032943
31047,7933,7933,17,10.7502734334534
31048,7934,7934,17,2.606615407039821
31049,7935,7935,17,2.2488850069590955
31050,7936,7936,17,5.74619291744414
31051,7937,7937,17,1.737531929562129
31052,7938,7938,17,18.362043942249567
31053,7939,7939,17,44.71760566173096
31054,7940,7940,17,5.617981346923739
31055,7941,7941,17,21.237118257084195
31056,7942,7942,17,4.83736915892309
31057,7943,7943,17,17.719330931076993
31058,7944,7944,17,3.837458562069267
31059,7945,7945,17,1.2632909699275028
31060,7946,7946,17,16.777772452772677
31061,7947,7947,17,2.8460947125317584
31062,7948,7948,17,3.807431830938529
31063,7949,7949,17,6.431601660760099
31064,7950,7950,17,8.655914210826575
31065,7951,7951,17,11.282067900067462
31066,7952,7952,17,2.6583176281187235
31067,7953,7953,17,1.4810569803496003
31068,7954,7954,17,4.265467382010501
31069,7955,7955,17,8.71316735754769
31070,7956,7956,17,25.718108856104926
31071,7957,7957,17,61.20932289349594
31072,7958,7958,17,23.097277502495604
31073,7959,7959,17,23.341736899702305
31074,7960,7960,17,30.23661308228392
31075,7961,7961,17,23.983346535119477
31076,7962,7962,17,27.41565344237524
31077,7963,7963,17,34.09433066361907
31078,7964,7964,17,29.421818472381325
31079,7965,7965,17,17.42530341130164
31080,7966,7966,17,2.390897097195946
31081,7967,7967,17,15.215952872068137
31082,7968,7968,17,29.29579679943712
31083,7969,7969,17,20.564044670657143
31084,7970,7970,17,14.766804060341284
31085,7971,7971,17,1.48500012150006
31086,7972,7972,17,2.534571263777554
31087,7973,7973,17,3.3613290647238814
31088,7974,7974,17,2.760071463016652
31089,7975,7975,17,5.392578793485575
31090,7976,7976,17,3.205911015247393
31091,7977,7977,17,9.05388871926083
31092,7978,7978,17,6.061668267376818
31093,7979,7979,17,16.48410331078433
31094,7980,7980,17,3.5894180652925343
31095,7981,7981,17,1.8521105815468244
31096,7982,7982,17,5.074539185559809
31097,7983,7983,17,1.3901610349408635
31098,7984,7984,17,2.3583100510218067
31099,7985,7985,17,30.26046312143397
31100,7986,7986,17,7.781776305544794
31101,7987,7987,17,1.5852796960784643
31102,7988,7988,17,10.742469813420888
31103,7989,7989,17,33.32145379652798
31104,7990,7990,17,2.502235914844104
31105,7991,7991,17,30.45905925364217
31106,7992,7992,17,4.467833078499407
31107,7993,7993,17,13.324790926444978
31108,7994,7994,17,9.61320858896229
31109,7995,7995,17,11.451667208091855
31110,7996,7996,17,8.455696142412297
31111,7997,7997,17,7.683104325577937
31112,7998,7998,17,22.08035135982651
31113,7999,7999,17,16.634049360173123
31114,8000,8000,17,2.7611415158759653
31115,8001,8001,17,2.611858443624366
31116,8002,8002,17,8.43628073618394
31117,8003,8003,17,5.794069182817266
31118,8004,8004,17,0.4774497254998981
31119,8005,8005,17,3.791338984553147
31120,8006,8006,17,4.440061141445617
31121,8007,8007,17,17.168250996546448
31122,8008,8008,17,6.072449763952779
31123,8009,8009,17,3.51097728415522
31124,8010,8010,17,4.457622360344719
31125,8011,8011,17,8.644421990608155
31126,8012,8012,17,9.026628814894572
31127,8013,8013,17,3.7370574857162833
31128,8014,8014,17,19.245792775309777
31129,8015,8015,17,4.033373556685895
31130,8016,8016,17,8.706126506309554
31131,8017,8017,17,30.21557085870557
31132,8018,8018,17,77.59480390203771
31133,8019,8019,17,1.6908252122583185
31134,8020,8020,17,15.935469490420804
31135,8021,8021,17,2.2736870241907
31136,8022,8022,17,13.36147146780911
31137,8023,8023,17,4.4104731200835445
31138,8024,8024,17,9.820555631280154
31139,8025,8025,17,11.272743095196793
31140,8026,8026,17,0.0004500044999122
31141,8027,8027,17,7.76427307291767
31142,8028,8028,17,11.362527210582927
31143,8029,8029,17,3.3402031667837053
31144,8030,8030,17,3.9925471662153007
31145,8031,8031,17,7.291442352960333
31146,8032,8032,17,28.00790675153816
31147,8033,8033,17,1.77159898554796
31148,8034,8034,17,4.007300528451979
31149,8035,8035,17,26.81617741479799
31150,8036,8036,17,16.264572796702424
31151,8037,8037,17,17.22135238081684
31152,8038,8038,17,4.271546458186388
31153,8039,8039,17,8.389589922837132
31154,8040,8040,17,5.157554550389737
31155,8041,8041,17,16.75765514876847
31156,8042,8042,17,50.57434070273502
31157,8043,8043,17,5.35646264549967
31158,8044,8044,17,18.05741779927117
31159,8045,8045,17,4.401779982011017
31160,8046,8046,17,6.663144733996869
31161,8047,8047,17,0.4266053020029068
31162,8048,8048,17,0.2857499550003186
31163,8049,8049,17,3.467718048383031
31164,8050,8050,17,5.327981888617873
31165,8051,8051,17,1.651949900999725
31166,8052,8052,17,2.371004208062522
31167,8053,8053,17,2.481796151937753
31168,8054,8054,17,7.8018158989913315
31169,8055,8055,17,2.050033610510163
31170,8056,8056,17,1.9874929209949748
31171,8057,8057,17,6.55980778550449
31172,8058,8058,17,3.59829833463946
31173,8059,8059,17,2.0681014673578777
31174,8060,8060,17,2.309849905499905
31175,8061,8061,17,1.453962439532109
31176,8062,8062,17,11.079361272993552
31177,8063,8063,17,2.536726273974531
31178,8064,8064,17,1.8993030179558656
31179,8065,8065,17,3.324354743490085
31180,8066,8066,17,6.675242846055284
31181,8067,8067,17,0.002700013500005
31182,8068,8068,17,1.585740797740251
31183,8069,8069,17,1.5908092157596052
31184,8070,8070,17,20.04418055681169
31185,8071,8071,17,3.744619492688544
31186,8072,8072,17,24.212574016027897
31187,8073,8073,17,25.083575817473665
31188,8074,8074,17,36.01234847439075
31189,8075,8075,17,38.07070225011124
31190,8076,8076,17,33.621681577454254
31191,8077,8077,17,2.6492189130473203
31192,8078,8078,17,1.69739981550245
31193,8079,8079,17,58.99435686991118
31194,8080,8080,17,22.81294265758273
31195,8081,8081,17,42.859335206934034
31196,8082,8082,17,7.01011575606218
31197,8083,8083,17,25.65617652064219
31198,8084,8084,17,7.434573218359708
31199,8085,8085,17,0.0058499909999072
31200,8086,8086,17,8.205335915665925
31201,8087,8087,17,31.94726413383884
31202,8088,8088,17,20.47977611751346
31203,8089,8089,17,18.82277438198635
31204,8090,8090,17,8.33413370994243
31205,8091,8091,17,21.51571542605938
31206,8092,8092,17,10.709429928873762
31207,8093,8093,17,22.24137044911928
31208,8094,8094,17,9.233617770816773
31209,8095,8095,17,3.391131563180357
31210,8096,8096,17,0.0562500360001027
31211,8097,8097,17,7.374391531946748
31212,8098,8098,17,12.163258675055015
31213,8099,8099,17,1.124099522999622
31214,8100,8100,17,2.3035500450000463
31215,8101,8101,17,0.0086172809503823
31216,8102,8102,17,4.385632273550594
31217,8103,8103,17,0.3867683486301601
31218,8104,8104,17,2.651206406703398
31219,8105,8105,17,39.38102961578012
31220,8106,8106,17,27.61182037522556
31221,8107,8107,17,93.13522140638962
31222,8108,8108,17,17.680878580116033
31223,8109,8109,17,1.3524042716816962
31224,8110,8110,17,9.771595755318934
31225,8111,8111,17,43.51745473963487
31226,8112,8112,17,4.8309963493792045
31227,8113,8113,17,6.373872987849861
31228,8114,8114,17,9.897676809652202
31229,8115,8115,17,8.01558622310543
31230,8116,8116,17,13.871063538388304
31231,8117,8117,17,1.756799869499147
31232,8118,8118,17,0.365812242682904
31233,8119,8119,17,3.1531873748167603
31234,8120,8120,17,9.706392659522685
31235,8121,8121,17,29.94985712447517
31236,8122,8122,17,14.76990087043528
31237,8123,8123,17,23.463448184562363
31238,8124,8124,17,15.592744908361436
31239,8125,8125,17,7.655154466143809
31240,8126,8126,17,8.619595495899155
31241,8127,8127,17,0.415054832602568
31242,8128,8128,17,2.045816050103217
31243,8129,8129,17,3.4122337473917046
31244,8130,8130,17,18.38464858791789
31245,8131,8131,17,0.7588017270725314
31246,8132,8132,17,25.412924513189434
31247,8133,8133,17,17.32222608980861
31248,8134,8134,17,91.99785665898776
31249,8135,8135,17,12.67439482602772
31250,8136,8136,17,22.578681503805758
31251,8137,8137,17,12.809768586191533
31252,8138,8138,17,12.639393540492028
31253,8139,8139,17,22.196907035506317
31254,8140,8140,17,23.80480237692666
31255,8141,8141,17,48.0543474745694
31256,8142,8142,17,19.133268684215963
31257,8143,8143,17,5.660189040813804
31258,8144,8144,17,52.74604171696982
31259,8145,8145,17,3.984496189161927
31260,8146,8146,17,5.381203096781314
31261,8147,8147,17,4.494236942770899
31262,8148,8148,17,5.094963091784706
31263,8149,8149,17,4.116695292804968
31264,8150,8150,17,9.699654815193728
31265,8151,8151,17,2.4906051006388665
31266,8152,8152,17,5.679126204231184
31267,8153,8153,17,6.284164887984023
31268,8154,8154,17,9.434803919648315
31269,8155,8155,17,58.88765924982504
31270,8156,8156,17,14.310087205716908
31271,8157,8157,17,97.18277550693028
31272,8158,8158,17,2.50812704754569
31273,8159,8159,17,4.213312039033681
31274,8160,8160,17,4.656188676468187
31275,8161,8161,17,77.73910058977494
31276,8162,8162,17,16.627699131225466
31277,8163,8163,17,47.496044184037046
31278,8164,8164,17,3.223906913962996
31279,8165,8165,17,30.91984132414638
31280,8166,8166,17,0.654858630869452
31281,8167,8167,17,7.75945793563956
31282,8168,8168,17,96.74179235236345
31283,8169,8169,17,6.155532759519823
31284,8170,8170,17,1.315817771480246
31285,8171,8171,17,0.0639001125001609
31286,8172,8172,17,0.5549246795042754
31287,8173,8173,17,10.304475167492484
31288,8174,8174,17,19.205133337664986
31289,8175,8175,17,15.2275163878336
31290,8176,8176,17,39.16666292691985
31291,8177,8177,17,52.4173362765805
31292,8178,8178,17,0.0004500044999048
31293,8179,8179,17,25.77366042135891
31294,8180,8180,17,7.373340271642432
31295,8181,8181,17,2.311784966605693
31296,8182,8182,17,7.6008675150012674
31297,8183,8183,17,2.736133320671037
31298,8184,8184,17,20.645813720725627
31299,8185,8185,17,19.35906974980822
31300,8186,8186,17,16.154930542691858
31301,8187,8187,17,1.7135999910035655
31302,8188,8188,17,2.274649476043148
31303,8189,8189,17,1.409500771454662
31304,8190,8190,17,28.523499685468376
31305,8191,8191,17,6.48424977003188
31306,8192,8192,17,12.034526900597657
31307,8193,8193,17,7.0193734774018415
31308,8194,8194,17,17.938260096311986
31309,8195,8195,17,15.102988499693408
31310,8196,8196,17,18.276863374175385
31311,8197,8197,17,13.926037003825002
31312,8198,8198,17,67.28745916019642
31313,8199,8199,17,5.248042014300121
31314,8200,8200,17,40.92730704617518
31315,8201,8201,17,17.565042179826424
31316,8202,8202,17,23.171152180455717
31317,8203,8203,17,13.501148017550502
31318,8204,8204,17,17.44661067831987
31319,8205,8205,17,22.173189645678267
31320,8206,8206,17,1.562805686599657
31321,8207,8207,17,3.8520067185208138
31322,8208,8208,17,23.05218833288422
31323,8209,8209,17,17.900778035499037
31324,8210,8210,17,13.76842229750067
31325,8211,8211,17,23.037264888905675
31326,8212,8212,17,3.927635057096701
31327,8213,8213,17,25.022185188582533
31328,8214,8214,17,21.64461397442755
31329,8215,8215,17,4.29422350865002
31330,8216,8216,17,3.5236261268495395
31331,8217,8217,17,3.241010072433412
31332,8218,8218,17,1.2207401030663196
31333,8219,8219,17,1.5394499909974932
31334,8220,8220,17,13.232504557671549
31335,8221,8221,17,3.305207549037489
31336,8222,8222,17,2.262645970116936
31337,8223,8223,17,4.599191936678907
31338,8224,8224,17,2.1422548587393164
31339,8225,8225,17,8.757645276261895
31340,8226,8226,17,0.0746998560000136
31341,8227,8227,17,12.312306921808927
31342,8228,8228,17,1.3042426101956917
31343,8229,8229,17,11.253916431472229
31344,8230,8230,17,13.024933046523586
31345,8231,8231,17,0.1187999054999649
31346,8232,8232,17,0.3020195617200732
31347,8233,8233,17,3.7353802987799214
31348,8234,8234,17,0.6664497660004423
31349,8235,8235,17,50.9578459668634
31350,8236,8236,17,35.58300313313276
31351,8237,8237,17,0.0165938311757296
31352,8238,8238,17,3.712555808825433
31353,8239,8239,17,0.0625500719998627
31354,8240,8240,17,23.812598678709985
31355,8241,8241,17,0.1481017217939943
31356,8242,8242,17,0.736827660400033
31357,8243,8243,17,8.637573379099331
31358,8244,8244,17,1.5163068034804166
31359,8245,8245,17,3.3418931110197305
31360,8246,8246,17,29.420932762808874
31361,8247,8247,17,30.71976712469703
31362,8248,8248,17,9.046907306997388
31363,8249,8249,17,2.288592202504307
31364,8250,8250,17,84.82772378041916
31365,8251,8251,17,27.874326881059588
31366,8252,8252,17,12.873246502993704
31367,8253,8253,17,50.458174873828376
31368,8254,8254,17,1.7485536300082951
31369,8255,8255,17,1.2720753711663304
31370,8256,8256,17,0.0018000314999036
31371,8257,8257,17,22.661732717379124
31372,8258,8258,17,2.252457007609254
31373,8259,8259,17,10.999239332688768
31374,8260,8260,17,34.415127026341935
31375,8261,8261,17,26.292884473630306
31376,8262,8262,17,18.09376618786597
31377,8263,8263,17,21.1740361533332
31378,8264,8264,17,10.121663954665188
31379,8265,8265,17,32.32565625923079
31380,8266,8266,17,12.820142219774432
31381,8267,8267,17,24.830963685317784
31382,8268,8268,17,26.252136512675307
31383,8269,8269,17,15.47341320232121
31384,8270,8270,17,19.96138733767916
31385,8271,8271,17,1.6100746530468388
31386,8272,8272,17,1.8972254414527352
31387,8273,8273,17,18.5516130593864
31388,8274,8274,17,11.32253735911314
31389,8275,8275,17,13.22239373527813
31390,8276,8276,17,23.454856309720604
31391,8277,8277,17,8.599048206503094
31392,8278,8278,17,6.095701226495266
31393,8279,8279,17,26.048903673267272
31394,8280,8280,17,42.35784648422999
31395,8281,8281,17,0.3838499504995346
31396,8282,8282,17,5.601426717915654
31397,8283,8283,17,2.136773957086446
31398,8284,8284,17,21.04428625917668
31399,8285,8285,17,28.981764352820434
31400,8286,8286,17,24.815327011237056
31401,8287,8287,17,14.837772120271504
31402,8288,8288,17,37.41697862590205
31403,8289,8289,17,28.932371747606023
31404,8290,8290,17,24.710466278945656
31405,8291,8291,17,18.68168305053356
31406,8292,8292,17,12.306517462959173
31407,8293,8293,17,11.355831776539922
31408,8294,8294,17,31.219813469226107
31409,8295,8295,17,47.88973567576463
31410,8296,8296,17,0.1980001980001144
31411,8297,8297,17,51.53699047829118
31412,8298,8298,17,30.273909287725104
31413,8299,8299,17,0.6795004095009305
31414,8300,8300,17,3.729195662265271
31415,8301,8301,17,11.242304000235675
31416,8302,8302,17,16.044779499084562
31417,8303,8303,17,21.89562035240881
31418,8304,8304,17,19.968775021710343
31419,8305,8305,17,8.800625014289416
31420,8306,8306,17,23.651549896699606
31421,8307,8307,17,5.810850305799142
31422,8308,8308,17,3.361149857497141
31423,8309,8309,17,4.235300277503848
31424,8310,8310,17,0.5737495545003191
31425,8311,8311,17,1.295215620324809
31426,8312,8312,17,2.87403460467009
31427,8313,8313,17,42.05949979191522
31428,8314,8314,17,22.403901130584824
31429,8315,8315,17,32.95894933656297
31430,8316,8316,17,30.857800847944148
31431,8317,8317,17,41.7982933672255
31432,8318,8318,17,8.228656929768622
31433,8319,8319,17,0.4775712216618657
31434,8320,8320,17,3.152578778338773
31435,8321,8321,17,24.25820205637336
31436,8322,8322,17,26.45046420168892
31437,8323,8323,17,23.95875568427777
31438,8324,8324,17,11.498127643651708
31439,8325,8325,17,15.919713349087834
31440,8326,8326,17,17.947737055916317
31441,8327,8327,17,3.1778784196130334
31442,8328,8328,17,2.239537725517962
31443,8329,8329,17,5.667433476868301
31444,8330,8330,17,4.289804160452172
31445,8331,8331,17,10.242278968832478
31446,8332,8332,17,3.137166483712707
31447,8333,8333,17,9.6476756400553
31448,8334,8334,17,8.282124391445965
31449,8335,8335,17,11.69335069108486
31450,8336,8336,17,4.059800564418088
31451,8337,8337,17,20.162898760709584
31452,8338,8338,17,5.128444069345265
31453,8339,8339,17,21.771457417442253
31454,8340,8340,17,9.350282729893744
31455,8341,8341,17,16.830717126102538
31456,8342,8342,17,18.363682993672608
31457,8343,8343,17,21.460416754324
31458,8344,8344,17,4.283223618149758
31459,8345,8345,17,1.5793760623521804
31460,8346,8346,17,4.215287723726839
31461,8347,8347,17,1.0713121367718723
31462,8348,8348,17,6.726637967693209
31463,8349,8349,17,40.62056143830431
31464,8350,8350,17,3.515517445417989
31465,8351,8351,17,1.3651825590825697
31466,8352,8352,17,29.44360826662183
31467,8353,8353,17,3.669192259871364
31468,8354,8354,17,10.41100793328386
31469,8355,8355,17,17.989392503220284
31470,8356,8356,17,4.6825186462703945
31471,8357,8357,17,1.1436313762298227
31472,8358,8358,17,6.334146302297622
31473,8359,8359,17,6.954354377205133
31474,8360,8360,17,2.2513494960004987
31475,8361,8361,17,1.684918031370394
31476,8362,8362,17,0.927332103629306
31477,8363,8363,17,0.1719000179999992
31478,8364,8364,17,5.944884861391812
31479,8365,8365,17,5.758265881110542
31480,8366,8366,17,1.8621323447225544
31481,8367,8367,17,3.750267713774912
31482,8368,8368,17,1.0363501574997007
31483,8369,8369,17,5.522911163454011
31484,8370,8370,17,14.402189151540398
31485,8371,8371,17,1.3949994779983312
31486,8372,8372,17,8.20710026121372
31487,8373,8373,17,9.160634907784337
31488,8374,8374,17,3.8731646420028993
31489,8375,8375,17,7.321066066629053
31490,8376,8376,17,2.503195659966619
31491,8377,8377,17,1.616087913410876
31492,8378,8378,17,1.1415907881624894
31493,8379,8379,17,5.733611457503736
31494,8380,8380,17,13.152947988332746
31495,8381,8381,17,2.446315081086099
31496,8382,8382,17,1.883134432916224
31497,8383,8383,17,2.30940017099899
31498,8384,8384,17,50.300400187678
31499,8385,8385,17,15.760491186772004
31500,8386,8386,17,7.640689551031087
31501,8387,8387,17,16.39561960551113
31502,8388,8388,17,16.929298579212265
31503,8389,8389,17,1.2660017717900722
31504,8390,8390,17,22.800335250065583
31505,8391,8391,17,12.603414493448064
31506,8392,8392,17,21.23894952549344
31507,8393,8393,17,15.131400164003182
31508,8394,8394,17,24.42910369999817
31509,8395,8395,17,19.693846444002
31510,8396,8396,17,1.2082500404997467
31511,8397,8397,17,19.194373735764948
31512,8398,8398,17,16.608975778224153
31513,8399,8399,17,6.969850850917443
31514,8400,8400,17,4.146048973581555
31515,8401,8401,17,16.330489367636208
31516,8402,8402,17,37.06336049735762
31517,8403,8403,17,0.7820995994999483
31518,8404,8404,17,36.18326036929914
31519,8405,8405,17,31.499889869211906
31520,8406,8406,17,21.460394142086948
31521,8407,8407,17,27.137805880403683
31522,8408,8408,17,42.83071623936269
31523,8409,8409,17,15.622934260130242
31524,8410,8410,17,21.97612505057004
31525,8411,8411,17,20.284275165430085
31526,8412,8412,17,24.50082813705629
31527,8413,8413,17,30.08867305993864
31528,8414,8414,17,7.643963485805109
31529,8415,8415,17,3.247836028195381
31530,8416,8416,17,0.0036000089999437
31531,8417,8417,17,4.080759122237503
31532,8418,8418,17,2.126091521262832
31533,8419,8419,17,47.27129306425634
31534,8420,8420,17,25.596756130242703
31535,8421,8421,17,20.125232639124288
31536,8422,8422,17,26.926316874871
31537,8423,8423,17,29.23818025180239
31538,8424,8424,17,7.808519869697332
31539,8425,8425,17,31.137654078311108
31540,8426,8426,17,22.919495777689345
31541,8427,8427,17,14.679404165013462
31542,8428,8428,17,20.677996626983965
31543,8429,8429,17,4.647792106859624
31544,8430,8430,17,5.58655771764289
31545,8431,8431,17,1.6200001620012223
31546,8432,8432,17,31.29039170203429
31547,8433,8433,17,12.206609661467152
31548,8434,8434,17,16.0996002063362
31549,8435,8435,17,11.43319834466762
31550,8436,8436,17,17.55173719287461
31551,8437,8437,17,19.10976196562162
31552,8438,8438,17,20.92726852708232
31553,8439,8439,17,7.999181499906674
31554,8440,8440,17,19.413362724832663
31555,8441,8441,17,14.1921874101704
31556,8442,8442,17,0.0035999550001062
31557,8443,8443,17,8.008254453839063
31558,8444,8444,17,13.665897578420822
31559,8445,8445,17,4.190608485094801
31560,8446,8446,17,5.308088807660466
31561,8447,8447,17,45.542874166676505
31562,8448,8448,17,7.693476013328195
31563,8449,8449,17,9.475548827856764
31564,8450,8450,17,10.77580125313911
31565,8451,8451,17,2.930440644149765
31566,8452,8452,17,6.669408829355668
31567,8453,8453,17,13.231490198994171
31568,8454,8454,17,14.128509756000325
31569,8455,8455,17,0.0076499550000876
31570,8456,8456,17,1.98746764552974
31571,8457,8457,17,23.148614811589987
31572,8458,8458,17,1.4301185238744014
31573,8459,8459,17,19.362521475875766
31574,8460,8460,17,18.70259863686304
31575,8461,8461,17,3.6908293652707145
31576,8462,8462,17,12.24803845944929
31577,8463,8463,17,3.0617905764488893
31578,8464,8464,17,4.567255851628647
31579,8465,8465,17,14.239215724475166
31580,8466,8466,17,1.0532501178855749
31581,8467,8467,17,3.7896500081121327
31582,8468,8468,17,26.21917508167457
31583,8469,8469,17,2.6932875850095304
31584,8470,8470,17,6.623489979682962
31585,8471,8471,17,77.17239875312556
31586,8472,8472,17,74.35802470883193
31587,8473,8473,17,29.43537437316621
31588,8474,8474,17,0.4871391666137203
31589,8475,8475,17,2.5161608828856123
31590,8476,8476,17,1.0334597148455231
31591,8477,8477,17,1.5148904291545562
31592,8478,8478,17,27.39633603852646
31593,8479,8479,17,10.28780273476944
31594,8480,8480,17,38.12581271619531
31595,8481,8481,17,9.261647907499087
31596,8482,8482,17,32.95430768889937
31597,8483,8483,17,0.1373416136069744
31598,8484,8484,17,25.229342817115192
31599,8485,8485,17,11.502807074896465
31600,8486,8486,17,6.555221161333692
31601,8487,8487,17,37.69732900966515
31602,8488,8488,17,17.22996719060819
31603,8489,8489,17,21.13073281389641
31604,8490,8490,17,16.511845485175105
31605,8491,8491,17,45.27315511781734
31606,8492,8492,17,29.076539227344867
31607,8493,8493,17,26.510159913158507
31608,8494,8494,17,28.533583054277337
31609,8495,8495,17,7.860165775725322
31610,8496,8496,17,14.222703648126114
31611,8497,8497,17,10.271246428373104
31612,8498,8498,17,31.206363940012924
31613,8499,8499,17,8.430536541507081
31614,8500,8500,17,1.439598866647005
31615,8501,8501,17,1.1924511423523725
31616,8502,8502,17,0.4861476084627807
31617,8503,8503,17,7.98780218003615
31618,8504,8504,17,28.456247032369102
31619,8505,8505,17,26.26060366982827
31620,8506,8506,17,8.118975702785503
31621,8507,8507,17,6.542024405215636
31622,8508,8508,17,11.163647536049336
31623,8509,8509,17,4.987752342451632
31624,8510,8510,17,0.7318080978610814
31625,8511,8511,17,10.834090921137063
31626,8512,8512,17,1.8998087555508016
31627,8513,8513,17,5.185891104949416
31628,8514,8514,17,4.945107706758779
31629,8515,8515,17,9.72714254074073
31630,8516,8516,17,0.1782001215001754
31631,8517,8517,17,32.081644677240995
31632,8518,8518,17,14.816904724260905
31633,8519,8519,17,16.25229090276587
31634,8520,8520,17,43.10765893973289
31635,8521,8521,17,0.4164655894645006
31636,8522,8522,17,13.66853414503482
31637,8523,8523,17,33.89666129985943
31638,8524,8524,17,5.300589969137948
31639,8525,8525,17,4.6190271935139
31640,8526,8526,17,13.292322450983288
31641,8527,8527,17,0.7105499235001802
31642,8528,8528,17,1.546965886677686
31643,8529,8529,17,2.075534482319832
31644,8530,8530,17,5.944016906585873
31645,8531,8531,17,5.068382800917506
31646,8532,8532,17,0.0089999954999536
31647,8533,8533,17,20.32981626205772
31648,8534,8534,17,17.469284376944714
31649,8535,8535,17,23.355216891960684
31650,8536,8536,17,14.180633814542592
31651,8537,8537,17,25.23666244365617
31652,8538,8538,17,3.2973870478482543
31653,8539,8539,17,0.8034808131488561
31654,8540,8540,17,1.988318646849752
31655,8541,8541,17,22.80190028177833
31656,8542,8542,17,9.441096593109414
31657,8543,8543,17,20.34001570772235
31658,8544,8544,17,2.0559879888775927
31659,8545,8545,17,0.0215999864999055
31660,8546,8546,17,0.077849914500013
31661,8547,8547,17,0.9067500089993776
31662,8548,8548,17,6.79764331805665
31663,8549,8549,17,7.413356542443931
31664,8550,8550,17,5.503126586906563
31665,8551,8551,17,0.8324234130927771
31666,8552,8552,17,4.406239757826917
31667,8553,8553,17,15.703359558180797
31668,8554,8554,17,28.559096894204448
31669,8555,8555,17,8.657251845797367
31670,8556,8556,17,9.185669783059566
31671,8557,8557,17,20.23253676942113
31672,8558,8558,17,4.184192660043198
31673,8559,8559,17,8.520368507724703
31674,8560,8560,17,15.606381906292723
31675,8561,8561,17,0.0009000225000903
31676,8562,8562,17,1.235488248432666
31677,8563,8563,17,34.13972481970408
31678,8564,8564,17,3.1487571651789192
31679,8565,8565,17,18.99727981167033
31680,8566,8566,17,11.726291215963627
31681,8567,8567,17,3.013305630978033
31682,8568,8568,17,6.615153130555012
31683,8569,8569,17,34.26430609507674
31684,8570,8570,17,2.770695853422098
31685,8571,8571,17,18.14225525801405
31686,8572,8572,17,10.863064390368669
31687,8573,8573,17,2.1081295416207686
31688,8574,8574,17,0.1415447087581218
31689,8575,8575,17,9.78995543523933
31690,8576,8576,17,7.484225578707129
31691,8577,8577,17,23.01627620275286
31692,8578,8578,17,6.642497939543671
31693,8579,8579,17,9.770283350732296
31694,8580,8580,17,8.555308012221738
31695,8581,8581,17,6.434129046900988
31696,8582,8582,17,12.8103298421393
31697,8583,8583,17,8.6561899629583
31698,8584,8584,17,1.5988602170440034
31699,8585,8585,17,23.694514750195832
31700,8586,8586,17,11.90318544781342
31701,8587,8587,17,19.34589840973545
31702,8588,8588,17,20.17130204926981
31703,8589,8589,17,0.4047320042259544
31704,8590,8590,17,17.38916801827335
31705,8591,8591,17,29.873791581270783
31706,8592,8592,17,11.7300577662294
31707,8593,8593,17,29.14747637923929
31708,8594,8594,17,43.33132356674984
31709,8595,8595,17,1.1839501215000152
31710,8596,8596,17,21.81399225932197
31711,8597,8597,17,42.04595805118171
31712,8598,8598,17,68.64800528355539
31713,8599,8599,17,32.69026431660643
31714,8600,8600,17,10.574030224360811
31715,8601,8601,17,0.757799559000358
31716,8602,8602,17,82.92113629457985
31717,8603,8603,17,51.18291341293347
31718,8604,8604,17,0.013500094499737
31719,8605,8605,17,3.846854959661648
31720,8606,8606,17,55.958145121346185
31721,8607,8607,17,12.95733165762618
31722,8608,8608,17,19.482200043352886
31723,8609,8609,17,1.2560174710179997
31724,8610,8610,17,30.232114031762144
31725,8611,8611,17,2.5688361167423723
31726,8612,8612,17,5.833602849083258
31727,8613,8613,17,9.01565351454857
31728,8614,8614,17,5.577594095364736
31729,8615,8615,17,6.156879866128802
31730,8616,8616,17,49.60042891087701
31731,8617,8617,17,7.689113896508346
31732,8618,8618,17,2.373277209490253
31733,8619,8619,17,3.822245571890336
31734,8620,8620,17,7.254953798107557
31735,8621,8621,17,11.050815282864152
31736,8622,8622,17,14.45383588262838
31737,8623,8623,17,2.23777829093332
31738,8624,8624,17,45.21808837182302
31739,8625,8625,17,4.719384313745191
31740,8626,8626,17,24.51615956658101
31741,8627,8627,17,7.876639726914331
31742,8628,8628,17,20.588061342062147
31743,8629,8629,17,18.66273747893144
31744,8630,8630,17,0.0148499730000197
31745,8631,8631,17,0.0130499550004303
31746,8632,8632,17,7.3226344532519905
31747,8633,8633,17,34.63176515974756
31748,8634,8634,17,30.88401454175848
31749,8635,8635,17,21.92528576876656
31750,8636,8636,17,0.0242999729999005
31751,8637,8637,17,18.54357043319504
31752,8638,8638,17,4.158930034809891
31753,8639,8639,17,26.34854155763908
31754,8640,8640,17,13.534057816871629
31755,8641,8641,17,19.78886267399314
31756,8642,8642,17,13.162837618508146
31757,8643,8643,17,0.0135000269999802
31758,8644,8644,17,4.938923735911686
31759,8645,8645,17,9.158676840087637
31760,8646,8646,17,5.111874363213433
31761,8647,8647,17,5.590474601784334
31762,8648,8648,17,1.2605767689963914
31763,8649,8649,17,2.6688230510067346
31764,8650,8650,17,5.512705501083076
31765,8651,8651,17,4.884094489914223
31766,8652,8652,17,11.649161287823588
31767,8653,8653,17,18.456288163175657
31768,8654,8654,17,37.46445547562474
31769,8655,8655,17,2.2878802695587304
31770,8656,8656,17,21.294076123564302
31771,8657,8657,17,5.122433516710577
31772,8658,8658,17,21.340620063701017
31773,8659,8659,17,18.619380827301203
31774,8660,8660,17,14.851353748013937
31775,8661,8661,17,28.51019686398596
31776,8662,8662,17,11.515551361979366
31777,8663,8663,17,11.890298498517238
31778,8664,8664,17,1.009350292500466
31779,8665,8665,17,1.1515501080003827
31780,8666,8666,17,0.1192499775001071
31781,8667,8667,17,4.575164262577765
31782,8668,8668,17,4.389285480917168
31783,8669,8669,17,11.32794951057896
31784,8670,8670,17,28.52405109692158
31785,8671,8671,17,1.9994815607818888
31786,8672,8672,17,7.27141884421885
31787,8673,8673,17,13.232172791659943
31788,8674,8674,17,18.45232759984079
31789,8675,8675,17,15.988819940143433
31790,8676,8676,17,25.68658000136161
31791,8677,8677,17,2.591085599296421
31792,8678,8678,17,1.2168144907062577
31793,8679,8679,17,19.60622795676186
31794,8680,8680,17,6.596137301951748
31795,8681,8681,17,13.887402124279228
31796,8682,8682,17,6.217481897006955
31797,8683,8683,17,4.633239540663004
31798,8684,8684,17,21.990560382836712
31799,8685,8685,17,10.968802609982252
31800,8686,8686,17,22.42569739901515
31801,8687,8687,17,5.798326534063101
31802,8688,8688,17,4.062073209437679
31803,8689,8689,17,25.308766551751877
31804,8690,8690,17,11.725575392578545
31805,8691,8691,17,23.005108591189803
31806,8692,8692,17,3.150199644107759
31807,8693,8693,17,2.3352118832834363
31808,8694,8694,17,8.823688612108228
31809,8695,8695,17,10.112211304202722
31810,8696,8696,17,22.73923380822587
31811,8697,8697,17,18.010254320578067
31812,8698,8698,17,37.96486072528195
31813,8699,8699,17,0.7913894817216695
31814,8700,8700,17,16.049073480912913
31815,8701,8701,17,11.445927500080344
31816,8702,8702,17,9.498234478061873
31817,8703,8703,17,27.607415287936792
31818,8704,8704,17,5.366461762314111
31819,8705,8705,17,14.987804932605805
31820,8706,8706,17,4.997399400888966
31821,8707,8707,17,1.6825341156868303
31822,8708,8708,17,29.114197683700592
31823,8709,8709,17,37.376003072295845
31824,8710,8710,17,4.176081607006908
31825,8711,8711,17,26.76816913099501
31826,8712,8712,17,3.56309514712026
31827,8713,8713,17,13.168354740379796
31828,8714,8714,17,24.385067883711905
31829,8715,8715,17,21.76783141880059
31830,8716,8716,17,28.840583799971316
31831,8717,8717,17,30.27006637104451
31832,8718,8718,17,18.801434466086462
31833,8719,8719,17,28.18287700956256
31834,8720,8720,17,12.180460495632412
31835,8721,8721,17,8.335676332215938
31836,8722,8722,17,2.174850108001269
31837,8723,8723,17,10.02448976796046
31838,8724,8724,17,22.0803107765354
31839,8725,8725,17,9.219041854394186
31840,8726,8726,17,27.706608163609044
31841,8727,8727,17,6.500961969421193
31842,8728,8728,17,8.208638165560775
31843,8729,8729,17,8.535496720524788
31844,8730,8730,17,13.118953823974282
31845,8731,8731,17,43.789057298725496
31846,8732,8732,17,6.946381481952577
31847,8733,8733,17,30.894111561314197
31848,8734,8734,17,6.455067015039608
31849,8735,8735,17,1.516067120433692
31850,8736,8736,17,7.093406890762642
31851,8737,8737,17,5.892410197754931
31852,8738,8738,17,10.139787031725657
31853,8739,8739,17,9.43497737589562
31854,8740,8740,17,43.58858506137348
31855,8741,8741,17,31.399560690638666
31856,8742,8742,17,14.237188607364804
31857,8743,8743,17,22.22822950654897
31858,8744,8744,17,0.7280695844483301
31859,8745,8745,17,14.804777470853
31860,8746,8746,17,22.907023739666805
31861,8747,8747,17,1.829371234333858
31862,8748,8748,17,13.395872229008678
31863,8749,8749,17,4.656633333417371
31864,8750,8750,17,7.525373158247944
31865,8751,8751,17,3.522375038928203
31866,8752,8752,17,9.387151164842084
31867,8753,8753,17,8.541661537239454
31868,8754,8754,17,16.006363087013334
31869,8755,8755,17,15.20549016087456
31870,8756,8756,17,19.165958750118783
31871,8757,8757,17,19.68509872106656
31872,8758,8758,17,12.877800936934324
31873,8759,8759,17,34.5590858305338
31874,8760,8760,17,1.5115578760439294
31875,8761,8761,17,1.4581451100954212
31876,8762,8762,17,5.924561111313224
31877,8763,8763,17,9.80899612613882
31878,8764,8764,17,48.8939528838616
31879,8765,8765,17,21.628306257368934
31880,8766,8766,17,13.17559379213199
31881,8767,8767,17,2.3776041528718768
31882,8768,8768,17,0.9307958561300635
31883,8769,8769,17,6.37281545215118
31884,8770,8770,17,6.576834079849944
31885,8771,8771,17,0.0297000810002833
31886,8772,8772,17,0.7024502204999328
31887,8773,8773,17,3.296996227002192
31888,8774,8774,17,2.212353610998273
31889,8775,8775,17,6.721514661126762
31890,8776,8776,17,11.237536148867289
31891,8777,8777,17,2.4507906677554847
31892,8778,8778,17,1.1312095392454546
31893,8779,8779,17,37.39674664887774
31894,8780,8780,17,20.673953409597758
31895,8781,8781,17,17.21679054063691
31896,8782,8782,17,21.432993662704707
31897,8783,8783,17,10.397133164990962
31898,8784,8784,17,2.4953667675097315
31899,8785,8785,17,30.985076794871095
31900,8786,8786,17,2.2195242311231413
31901,8787,8787,17,57.8421683125808
31902,8788,8788,17,19.90972986493718
31903,8789,8789,17,3.292575208055378
31904,8790,8790,17,44.44792543095657
31905,8791,8791,17,16.282283411749958
31906,8792,8792,17,18.643566210237434
31907,8793,8793,17,28.598692107019545
31908,8794,8794,17,16.1178079469659
31909,8795,8795,17,6.494238980595618
31910,8796,8796,17,6.574211887903104
31911,8797,8797,17,3.5040803994784357
31912,8798,8798,17,2.363019303524016
31913,8799,8799,17,5.152444020183509
31914,8800,8800,17,21.553139518085345
31915,8801,8801,17,4.030276343937446
31916,8802,8802,17,3.2598402932814463
31917,8803,8803,17,17.10999666487711
31918,8804,8804,17,14.097052975127635
31919,8805,8805,17,2.3220750936067978
31920,8806,8806,17,11.48604499667184
31921,8807,8807,17,2.5336295812283645
31922,8808,8808,17,36.06067688099557
31923,8809,8809,17,8.269723447514664
31924,8810,8810,17,21.942024285357803
31925,8811,8811,17,17.903225863143817
31926,8812,8812,17,11.004182452751516
31927,8813,8813,17,2.089214908688236
31928,8814,8814,17,31.113321256973656
31929,8815,8815,17,25.8206794360346
31930,8816,8816,17,17.922254399464816
31931,8817,8817,17,7.41049549253653
31932,8818,8818,17,22.85848850721853
31933,8819,8819,17,18.626111929298027
31934,8820,8820,17,28.793882424609976
31935,8821,8821,17,9.449817044395678
31936,8822,8822,17,15.084552171811954
31937,8823,8823,17,10.387246599676624
31938,8824,8824,17,8.210793833193987
31939,8825,8825,17,21.08060640080128
31940,8826,8826,17,0.5138546116105691
31941,8827,8827,17,23.614245694395063
31942,8828,8828,17,27.552775228124737
31943,8829,8829,17,22.979974591882492
31944,8830,8830,17,12.135983566664844
31945,8831,8831,17,14.02026613633214
31946,8832,8832,17,1.0404001170003674
31947,8833,8833,17,39.39379160073948
31948,8834,8834,17,25.40530806631054
31949,8835,8835,17,25.57119214271601
31950,8836,8836,17,14.402886696485156
31951,8837,8837,17,9.755890606571574
31952,8838,8838,17,8.636381692722276
31953,8839,8839,17,45.81226207744947
31954,8840,8840,17,4.95538819704356
31955,8841,8841,17,26.41994755291874
31956,8842,8842,17,12.229201623571775
31957,8843,8843,17,18.40937283055809
31958,8844,8844,17,16.309026768956272
31959,8845,8845,17,15.784110758923187
31960,8846,8846,17,47.36978997908727
31961,8847,8847,17,5.473995200409472
31962,8848,8848,17,26.45575503359605
31963,8849,8849,17,3.486984872090157
31964,8850,8850,17,1.3293644889080785
31965,8851,8851,17,2.2602317447676583
31966,8852,8852,17,1.2214184982322975
31967,8853,8853,17,29.25807914213896
31968,8854,8854,17,17.549120938858078
31969,8855,8855,17,27.888938536819666
31970,8856,8856,17,10.548712129179547
31971,8857,8857,17,11.713791023571783
31972,8858,8858,17,11.422959115926814
31973,8859,8859,17,9.771675987300275
31974,8860,8860,17,22.34167353569541
31975,8861,8861,17,5.179471158991337
31976,8862,8862,17,33.54302952050618
31977,8863,8863,17,7.411476051185597
31978,8864,8864,17,20.35172350781607
31979,8865,8865,17,1.0678498380010129
31980,8866,8866,17,4.299888064173892
31981,8867,8867,17,51.77956216983423
31982,8868,8868,17,12.56982304446952
31983,8869,8869,17,11.0578763615174
31984,8870,8870,17,8.410257516309667
31985,8871,8871,17,34.501775238520864
31986,8872,8872,17,42.78236803266372
31987,8873,8873,17,3.2244227461779302
31988,8874,8874,17,3.0791766913239584
31989,8875,8875,17,3.697080044489831
31990,8876,8876,17,3.4070700950117017
31991,8877,8877,17,16.93208959411692
31992,8878,8878,17,2.354010473387396
31993,8879,8879,17,29.697961542339087
31994,8880,8880,17,11.716438516166976
31995,8881,8881,17,29.05495505973342
31996,8882,8882,17,28.18234562877974
31997,8883,8883,17,27.891032887895708
31998,8884,8884,17,8.549516261601664
31999,8885,8885,17,2.173593951881468
32000,8886,8886,17,2.168455674619448
32001,8887,8887,17,1.7865000314997808
32002,8888,8888,17,0.7024500044999235
32003,8889,8889,17,17.591676614792203
32004,8890,8890,17,25.72442339869639
32005,8891,8891,17,3.813111343547642
32006,8892,8892,17,18.08073889495692
32007,8893,8893,17,17.485853674292073
32008,8894,8894,17,3.2783169269340635
32009,8895,8895,17,12.387329772274269
32010,8896,8896,17,7.158510294417381
32011,8897,8897,17,11.72846197791243
32012,8898,8898,17,5.544452012732982
32013,8899,8899,17,16.002874666434472
32014,8900,8900,17,22.591653446890444
32015,8901,8901,17,23.068495850792964
32016,8902,8902,17,23.795594673542038
32017,8903,8903,17,10.25005602431044
32018,8904,8904,17,6.0671022259761695
32019,8905,8905,17,2.5638979765249266
32020,8906,8906,17,3.324721743238643
32021,8907,8907,17,0.9525287202624528
32022,8908,8908,17,0.5539499234999419
32023,8909,8909,17,19.246928348208787
32024,8910,8910,17,2.0372369722951893
32025,8911,8911,17,10.330584697496947
32026,8912,8912,17,16.386469422165206
32027,8913,8913,17,4.526544085556432
32028,8914,8914,17,9.063678053617846
32029,8915,8915,17,4.408258389152344
32030,8916,8916,17,3.5652115580837727
32031,8917,8917,17,5.200044046127371
32032,8918,8918,17,14.837694269780307
32033,8919,8919,17,0.3118496625002622
32034,8920,8920,17,22.63491681711632
32035,8921,8921,17,7.785984046884363
32036,8922,8922,17,0.5993998244988322
32037,8923,8923,17,2.52583020997259
32038,8924,8924,17,0.5733194480263609
32039,8925,8925,17,6.5071211978911165
32040,8926,8926,17,21.75634004352451
32041,8927,8927,17,17.015538691083435
32042,8928,8928,17,4.011505059351474
32043,8929,8929,17,20.82462768056564
32044,8930,8930,17,6.317928913751185
32045,8931,8931,17,5.583937135836132
32046,8932,8932,17,11.841861306934014
32047,8933,8933,17,2.7172180745471453
32048,8934,8934,17,11.659653893802396
32049,8935,8935,17,5.286665986718893
32050,8936,8936,17,4.122797294921934
32051,8937,8937,17,2.7787483060968445
32052,8938,8938,17,25.348470894401125
32053,8939,8939,17,4.323284670075953
32054,8940,8940,17,0.5363999639998227
32055,8941,8941,17,8.836179478434905
32056,8942,8942,17,11.312714555611995
32057,8943,8943,17,5.802605929956753
32058,8944,8944,17,2.2569308963724373
32059,8945,8945,17,1.4015692791264598
32060,8946,8946,17,11.569954906196774
32061,8947,8947,17,0.925644135305284
32062,8948,8948,17,5.081942232525639
32063,8949,8949,17,35.643706413377366
32064,8950,8950,17,23.582952704094208
32065,8951,8951,17,14.55738880061619
32066,8952,8952,17,8.082211143731042
32067,8953,8953,17,1.884949214158654
32068,8954,8954,17,9.024397189655662
32069,8955,8955,17,21.92300204085207
32070,8956,8956,17,13.047060426664292
32071,8957,8957,17,31.016938695824145
32072,8958,8958,17,2.3722450817097127
32073,8959,8959,17,2.860805638292089
32074,8960,8960,17,6.185641918897431
32075,8961,8961,17,5.721357581599407
32076,8962,8962,17,12.70351227682311
32077,8963,8963,17,2.6927886771782115
32078,8964,8964,17,18.03798705611128
32079,8965,8965,17,19.32641308339064
32080,8966,8966,17,22.79603257721424
32081,8967,8967,17,12.07536689178513
32082,8968,8968,17,21.938699361586355
32083,8969,8969,17,9.505534508464628
32084,8970,8970,17,15.848066174960964
32085,8971,8971,17,16.581131122052543
32086,8972,8972,17,7.053323681741491
32087,8973,8973,17,13.27939400213096
32088,8974,8974,17,32.36725186015336
32089,8975,8975,17,28.933437114202853
32090,8976,8976,17,23.49021232330758
32091,8977,8977,17,22.537201477155804
32092,8978,8978,17,14.59634787934798
32093,8979,8979,17,8.004009534089386
32094,8980,8980,17,17.309687688253515
32095,8981,8981,17,5.721453074658378
32096,8982,8982,17,2.67040745060727
32097,8983,8983,17,4.05079198239243
32098,8984,8984,17,19.905358930446027
32099,8985,8985,17,14.061089994052075
32100,8986,8986,17,2.326984680260721
32101,8987,8987,17,12.98330251885381
32102,8988,8988,17,13.526163412893167
32103,8989,8989,17,0.2583000719997659
32104,8990,8990,17,9.0565211255219
32105,8991,8991,17,7.835840438761029
32106,8992,8992,17,2.7554505248063634
32107,8993,8993,17,5.492271653707683
32108,8994,8994,17,10.745166630702723
32109,8995,8995,17,0.2904426799708605
32110,8996,8996,17,18.064670392578385
32111,8997,8997,17,13.624587840918524
32112,8998,8998,17,0.0170999415000826
32113,8999,8999,17,8.349561595179916
32114,9000,9000,17,53.791838359809645
32115,9001,9001,17,3.1801438412488103
32116,9002,9002,17,2.1865561902498603
32117,9003,9003,17,10.83826852323942
32118,9004,9004,17,2.6079511013841423
32119,9005,9005,17,1.2858804293774366
32120,9006,9006,17,4.24138144010815
32121,9007,9007,17,2.086518307891771
32122,9008,9008,17,0.0763225825394783
32123,9009,9009,17,18.818410025224416
32124,9010,9010,17,6.190067639736706
32125,9011,9011,17,25.740878221168867
32126,9012,9012,17,4.455239356197573
32127,9013,9013,17,5.287219585839488
32128,9014,9014,17,3.685561891789712
32129,9015,9015,17,1.5619328893200168
32130,9016,9016,17,3.434417488678165
32131,9017,9017,17,0.4020851129425298
32132,9018,9018,17,2.3847653550575374
32133,9019,9019,17,15.491671458162784
32134,9020,9020,17,12.38367508212432
32135,9021,9021,17,10.631907737846964
32136,9022,9022,17,3.6478460593698014
32137,9023,9023,17,4.368792902000397
32138,9024,9024,17,6.325907530001516
32139,9025,9025,17,15.261860013549503
32140,9026,9026,17,12.25203960395193
32141,9027,9027,17,4.0945282686369415
32142,9028,9028,17,5.274021092363953
32143,9029,9029,17,14.888307903733908
32144,9030,9030,17,2.3804408902622574
32145,9031,9031,17,2.048400409499884
32146,9032,9032,17,0.1336499460001364
32147,9033,9033,17,2.730215759599155
32148,9034,9034,17,1.376480861836372
32149,9035,9035,17,14.096562045371591
32150,9036,9036,17,5.303816270173188
32151,9037,9037,17,12.51317566601691
32152,9038,9038,17,23.005183798315585
32153,9039,9039,17,22.896615571687637
32154,9040,9040,17,63.95418924646973
32155,9041,9041,17,41.17391145100471
32156,9042,9042,17,10.796139249077834
32157,9043,9043,17,26.660959967917435
32158,9044,9044,17,14.077784498635635
32159,9045,9045,17,17.23771622585922
32160,9046,9046,17,16.757540856425223
32161,9047,9047,17,4.999959247079283
32162,9048,9048,17,4.552869337242946
32163,9049,9049,17,6.644480572760672
32164,9050,9050,17,5.003526765507131
32165,9051,9051,17,7.901573265992506
32166,9052,9052,17,10.51254585434875
32167,9053,9053,17,16.668354739657335
32168,9054,9054,17,2.3205005637738108
32169,9055,9055,17,2.70644960722664
32170,9056,9056,17,4.509919978341065
32171,9057,9057,17,4.548579954159558
32172,9058,9058,17,0.4306501619998887
32173,9059,9059,17,12.407791347551644
32174,9060,9060,17,12.906508845952898
32175,9061,9061,17,0.8114776944481135
32176,9062,9062,17,2.557222472055912
32177,9063,9063,17,27.10625614112937
32178,9064,9064,17,9.829294245883592
32179,9065,9065,17,2.991703446712881
32180,9066,9066,17,4.010746836788077
32181,9067,9067,17,14.975254214004844
32182,9068,9068,17,15.60224531349343
32183,9069,9069,17,28.43531509368701
32184,9070,9070,17,29.334784051317506
32185,9071,9071,17,23.062409811464
32186,9072,9072,17,15.860791633035529
32187,9073,9073,17,0.9022499639998972
32188,9074,9074,17,14.324009973813094
32189,9075,9075,17,13.186740179184277
32190,9076,9076,17,0.1574999819998145
32191,9077,9077,17,35.35709450554657
32192,9078,9078,17,37.53930602544644
32193,9079,9079,17,1.066499797498539
32194,9080,9080,17,20.75749220116304
32195,9081,9081,17,22.25035655234219
32196,9082,9082,17,25.887833629865376
32197,9083,9083,17,15.179616590637089
32198,9084,9084,17,40.70947210653436
32199,9085,9085,17,21.243377731461187
32200,9086,9086,17,25.136960454918864
32201,9087,9087,17,10.032339144582222
32202,9088,9088,17,41.95423475754771
32203,9089,9089,17,13.798515300948694
32204,9090,9090,17,6.459396887478843
32205,9091,9091,17,7.374502658022687
32206,9092,9092,17,17.6514293539716
32207,9093,9093,17,24.488370857524924
32208,9094,9094,17,19.286120599841944
32209,9095,9095,17,29.043879346150337
32210,9096,9096,17,17.714287267663003
32211,9097,9097,17,26.9716128358404
32212,9098,9098,17,67.5590770717237
32213,9099,9099,17,12.12422305876733
32214,9100,9100,17,28.929559481727807
32215,9101,9101,17,11.9025397622926
32216,9102,9102,17,11.176377797163603
32217,9103,9103,17,8.225822162335135
32218,9104,9104,17,18.070349897785604
32219,9105,9105,17,54.78915068272109
32220,9106,9106,17,24.971671088885664
32221,9107,9107,17,7.242029923610836
32222,9108,9108,17,20.97687906002241
32223,9109,9109,17,42.10457192548397
32224,9110,9110,17,0.3307499999999516
32225,9111,9111,17,2.123100360000387
32226,9112,9112,17,47.46269445728412
32227,9113,9113,17,7.693805322224508
32228,9114,9114,17,17.08529220743978
32229,9115,9115,17,11.202157869057178
32230,9116,9116,17,25.148724866951348
32231,9117,9117,17,13.836125331037977
32232,9118,9118,17,24.36563152404894
32233,9119,9119,17,6.713617647951275
32234,9120,9120,17,63.30554792310812
32235,9121,9121,17,15.723900771894648
32236,9122,9122,17,24.13700122842093
32237,9123,9123,17,26.48799877157037
32238,9124,9124,17,18.8081580707954
32239,9125,9125,17,21.0393416412032
32240,9126,9126,17,12.74609060104645
32241,9127,9127,17,19.62960968246035
32242,9128,9128,17,84.20381557035999
32243,9129,9129,17,7.483233381130785
32244,9130,9130,17,0.0004500044999122
32245,9131,9131,17,9.528237714521907
32246,9132,9132,17,26.68956377049414
32247,9133,9133,17,0.2716286043850667
32248,9134,9134,17,42.5499200681116
32249,9135,9135,17,6.983775451461181
32250,9136,9136,17,20.675024319035813
32251,9137,9137,17,4.870229634974576
32252,9138,9138,17,37.03826957302167
32253,9139,9139,17,12.850691385601282
32254,9140,9140,17,16.62925953239255
32255,9141,9141,17,5.964562409225583
32256,9142,9142,17,24.132337104770883
32257,9143,9143,17,0.0337501484999954
32258,9144,9144,17,2.068941754172608
32259,9145,9145,17,11.51836054982716
32260,9146,9146,17,29.59359241393234
32261,9147,9147,17,10.201706384569912
32262,9148,9148,17,35.05616559907599
32263,9149,9149,17,6.012634891434759
32264,9150,9150,17,9.45075528245677
32265,9151,9151,17,6.179094524043379
32266,9152,9152,17,5.5756551985083815
32267,9153,9153,17,5.466444846491024
32268,9154,9154,17,6.659440744592548
32269,9155,9155,17,28.940059700908257
32270,9156,9156,17,9.35817371417606
32271,9157,9157,17,75.3502749628152
32272,9158,9158,17,10.68615608345282
32273,9159,9159,17,1.0336447175476735
32274,9160,9160,17,2.258422011688709
32275,9161,9161,17,2.313578064811854
32276,9162,9162,17,2.8043312743395417
32277,9163,9163,17,0.0896187886598259
32278,9164,9164,17,28.740040670593263
32279,9165,9165,17,24.551333294115587
32280,9166,9166,17,65.3128772548013
32281,9167,9167,17,1.857936715389222
32282,9168,9168,17,5.673263226113558
32283,9169,9169,17,2.114560944424152
32284,9170,9170,17,2.4583948629486354
32285,9171,9171,17,1.9763448991247865
32286,9172,9172,17,19.389714911367744
32287,9173,9173,17,22.656485187637724
32288,9174,9174,17,17.56049464653933
32289,9175,9175,17,17.682155348962077
32290,9176,9176,17,0.1944000539996028
32291,9177,9177,17,5.101058941860825
32292,9178,9178,17,44.8404719419288
32293,9179,9179,17,10.082619174712006
32294,9180,9180,17,1.636400136850752
32295,9181,9181,17,1.7987888108746708
32296,9182,9182,17,5.975211020770001
32297,9183,9183,17,14.607467998934164
32298,9184,9184,17,22.647131366562437
32299,9185,9185,17,18.617490086221604
32300,9186,9186,17,17.919360593276412
32301,9187,9187,17,8.636824368539035
32302,9188,9188,17,5.319486838251818
32303,9189,9189,17,7.122646050824423
32304,9190,9190,17,9.551642949372038
32305,9191,9191,17,20.875077480311155
32306,9192,9192,17,18.596672564678222
32307,9193,9193,17,1.8702228115200308
32308,9194,9194,17,29.388169378803536
32309,9195,9195,17,4.222756828668805
32310,9196,9196,17,56.1334391404827
32311,9197,9197,17,30.72788298839925
32312,9198,9198,17,30.53017766408641
32313,9199,9199,17,2.319498067856282
32314,9200,9200,17,3.5066515091438144
32315,9201,9201,17,0.0396000720001757
32316,9202,9202,17,1.743563748566687
32317,9203,9203,17,1.3578361884337775
32318,9204,9204,17,0.3782143429737091
32319,9205,9205,17,2.9562855085267423
32320,9206,9206,17,9.481649845774866
32321,9207,9207,17,6.237750869722484
32322,9208,9208,17,2.303095972758733
32323,9209,9209,17,4.620153815740075
32324,9210,9210,17,0.0746999370000362
32325,9211,9211,17,9.521380482640607
32326,9212,9212,17,7.802719310364999
32327,9213,9213,17,3.0865130976409314
32328,9214,9214,17,0.6795366413609385
32329,9215,9215,17,34.407950598726025
32330,9216,9216,17,77.64879872178044
32331,9217,9217,17,8.225173069433596
32332,9218,9218,17,4.476976633562505
32333,9219,9219,17,0.7690504005004167
32334,9220,9220,17,0.7069499549995437
32335,9221,9221,17,7.953435849025607
32336,9222,9222,17,25.44455765519617
32337,9223,9223,17,8.866006018789147
32338,9224,9224,17,7.235187504618108
32339,9225,9225,17,6.755311838381455
32340,9226,9226,17,0.7883823577514887
32341,9227,9227,17,3.091067826747656
32342,9228,9228,17,0.8878496984993219
32343,9229,9229,17,1.874490131057419
32344,9230,9230,17,1.8185773438575563
32345,9231,9231,17,1.5435828895854988
32346,9232,9232,17,2.71024863387382
32347,9233,9233,17,14.992301244627772
32348,9234,9234,17,3.2693159831725804
32349,9235,9235,17,6.972881319135517
32350,9236,9236,17,3.105702472693177
32351,9237,9237,17,3.9300299696157577
32352,9238,9238,17,10.514969598380738
32353,9239,9239,17,0.8208002564993389
32354,9240,9240,17,0.3393000720003247
32355,9241,9241,17,18.28344815655756
32357,9242,9242,17,12.48341418864402
32382,9243,9243,17,26.01702263369935
32383,9244,9244,17,225.38222910333627
32384,9245,9245,17,5.717745889616534
32385,9246,9246,17,10.5880032373875
32386,9247,9247,17,308.6256278689476
32387,9248,9248,17,2.406508535835788
32388,9249,9249,17,180.59932815656524
32389,9250,9250,17,23.627491012555225
32390,9251,9251,17,3.152747391657932
32391,9252,9252,17,13.507159913152467
32392,9253,9253,17,8.491990136348964
32393,9254,9254,17,11.140388242577576
32394,9255,9255,17,7.048612085927986
32395,9256,9256,17,33.47517960091155
32396,9257,9257,17,4.321362375850033
32397,9258,9258,17,10.731847953716247
32398,9259,9259,17,7.331910460989373
32399,9260,9260,17,3.707888632256031
32400,9261,9261,17,6.771869301176761
32401,9262,9262,17,27.42263306537914
32402,9263,9263,17,16.65380765120319
32403,9264,9264,17,0.1255497975000441
32404,9265,9265,17,26.86299870964821
32405,9266,9266,17,74.9573921053954
32406,9267,9267,17,13.159673725938514
32407,9268,9268,17,11.732284959528348
32408,9269,9269,17,1.0716254157649838
32409,9270,9270,17,56.86812377873409
32410,9271,9271,17,20.780478904793828
32411,9272,9272,17,6.805421108709723
32412,9273,9273,17,1.02645007199952
32413,9274,9274,17,1.1713501709995269
32414,9275,9275,17,18.38962720467963
32415,9276,9276,17,18.49597254781368
32416,9277,9277,17,4.298315469659455
32417,9278,9278,17,12.93308477334094
32418,9279,9279,17,59.45691967843224
32419,9280,9280,17,2.725732555325964
32420,9281,9281,17,18.754040241019197
32421,9282,9282,17,2.699856080741052
32422,9283,9283,17,41.88662104202768
32423,9284,9284,17,32.91282983546581
32424,9285,9285,17,12.797272939490425
32425,9286,9286,17,20.37222683101746
32426,9287,9287,17,2.7210130495481493
32427,9288,9288,17,1.837937895450592
32428,9289,9289,17,0.6280513523170799
32429,9290,9290,17,4.164448688180828
32430,9291,9291,17,4.569710769048143
32431,9292,9292,17,15.70747891210227
32432,9293,9293,17,4.293710098350313
32433,9294,9294,17,1.0211725015832782
32434,9295,9295,17,32.47940952792959
32435,9296,9296,17,9.307918847993507
32436,9297,9297,17,1.2617979302611202
32437,9298,9298,17,1.7707521957401189
32438,9299,9299,17,10.106694045689869
32439,9300,9300,17,21.82755641331908
32440,9301,9301,17,20.352020211014807
32441,9302,9302,17,19.86312895198596
32442,9303,9303,17,7.595807055435598
32443,9304,9304,17,23.58874312905997
32444,9305,9305,17,7.423474162243527
32445,9306,9306,17,14.134675000764544
32446,9307,9307,17,20.08027587377694
32447,9308,9308,17,18.420374612216385
32448,9309,9309,17,4.54471285238181
32449,9310,9310,17,4.725736648121536
32450,9311,9311,17,14.248082242123605
32451,9312,9312,17,7.127986511496585
32452,9313,9313,17,7.825968996307217
32453,9314,9314,17,14.054212205056576
32454,9315,9315,17,29.501504989082136
32455,9316,9316,17,9.213345883927792
32456,9317,9317,17,27.13431688280641
32457,9318,9318,17,19.019034570701866
32458,9319,9319,17,0.9189913733935356
32459,9320,9320,17,89.98039769376483
32460,9321,9321,17,40.7431617833383
32461,9322,9322,17,2.2985205959133803
32462,9323,9323,17,1.6506785715874135
32463,9324,9324,17,15.810502624490388
32464,9325,9325,17,86.31489108861814
32465,9326,9326,17,35.930105494880664
32466,9327,9327,17,31.72476965353823
32467,9328,9328,17,210.60172553900625
32468,9329,9329,17,34.15071195622462
32469,9330,9330,17,44.316100547632935
32470,9331,9331,17,7.869143001067495
32471,9332,9332,17,7.873166990732878
32472,9333,9333,17,4.877132748269334
32473,9334,9334,17,5.1620202604433
32474,9335,9335,17,6.429078916061247
32475,9336,9336,17,15.975556325363218
32476,9337,9337,17,14.023694453149062
32477,9338,9338,17,1.609450338748414
32478,9339,9339,17,5.002400169749689
32479,9340,9340,17,1.3289746345369946
32480,9341,9341,17,5.538438489214763
32481,9342,9342,17,24.235686786253588
32482,9343,9343,17,6.99457055358462
32483,9344,9344,17,25.85988506007461
32484,9345,9345,17,7.409743864336223
32485,9346,9346,17,23.13003786126268
32486,9347,9347,17,4.19171163024047
32487,9348,9348,17,1.5358501574989258
32488,9349,9349,17,5.141796516884267
32489,9350,9350,17,2.688474561935006
32490,9351,9351,17,6.454978970690185
32491,9352,9352,17,2.667950621401504
32492,9353,9353,17,2.5389993651011733
32493,9354,9354,17,0.630993488169618
32494,9355,9355,17,7.152699246881232
32495,9356,9356,17,5.111057233450161
32496,9357,9357,17,2.0270870944068133
32497,9358,9358,17,6.9904624285929
32498,9359,9359,17,2.2401002609999776
32499,9360,9360,17,3.395488668076202
32500,9361,9361,17,3.7923612824256776
32501,9362,9362,17,19.422498575907472
32502,9363,9363,17,48.37088154531956
32503,9364,9364,17,114.42016948734764
32504,9365,9365,17,0.8973000359997452
32505,9366,9366,17,28.86151148237923
32506,9367,9367,17,45.386237374620656
32507,9368,9368,17,1.758069590128906
32508,9369,9369,17,10.744466223538412
32509,9370,9370,17,37.39596040050338
32510,9371,9371,17,33.01895387132035
32511,9372,9372,17,1.8824982777166068
32512,9373,9373,17,108.70201091167038
32513,9374,9374,17,3.282591080623359
32514,9375,9375,17,16.922477864616603
32515,9376,9376,17,6.987822598876219
32516,9377,9377,17,5.817281728890002
32517,9378,9378,17,2.265617938111544
32518,9379,9379,17,44.1405306986727
32519,9380,9380,17,113.43004311297736
32520,9381,9381,17,241.4288995342712
32521,9382,9382,17,4.111665332184898
32522,9383,9383,17,150.34341046237716
32523,9384,9384,17,41.01262207681297
32524,9385,9385,17,0.1578775676982402
32525,9386,9386,17,0.0018000180000439
32526,9387,9387,17,35.413759711748035
32527,9388,9388,17,88.22239094074732
32528,9389,9389,17,43.14918322599701
32529,9390,9390,17,148.3217663194937
32530,9391,9391,17,43.06252956275973
32531,9392,9392,17,166.3387995474712
32532,9393,9393,17,16.88297051180959
32533,9394,9394,17,6.5714079203155045
32534,9395,9395,17,3.5108428806826733
32535,9396,9396,17,28.13674321564488
32536,9397,9397,17,42.024749946737984
32537,9398,9398,17,9.052906828641012
32538,9399,9399,17,51.61832357082447
32539,9400,9400,17,35.243825461665
32540,9401,9401,17,14.932334502642751
32541,9402,9402,17,59.91031617236758
32542,9403,9403,17,46.80574662335895
32543,9404,9404,17,60.62680246764471
32544,9405,9405,17,18.263704943685948
32545,9406,9406,17,12.077096131813056
32546,9407,9407,17,0.0756000540000125
32547,9408,9408,17,37.14819853910738
32548,9409,9409,17,1.98515291952488
32549,9410,9410,17,4.064907244472138
32550,9411,9411,17,16.50144176942758
32551,9412,9412,17,1.418849770500362
32552,9413,9413,17,27.78079566222024
32553,9414,9414,17,30.568905026291574
32554,9415,9415,17,5.15939227387669
32555,9416,9416,17,39.42795799162361
32556,9417,9417,17,22.839885266753697
32557,9418,9418,17,16.040660000967947
32558,9419,9419,17,8.488797070983901
32559,9420,9420,17,8.882007197803636
32560,9421,9421,17,32.11191394863284
32561,9422,9422,17,4.901758665748399
32562,9423,9423,17,2.985078368789911
32563,9424,9424,17,3.989198323831776
32564,9425,9425,17,64.96103804236989
32565,9426,9426,17,4.141614442522393
32566,9427,9427,17,3.1647521227725504
32567,9428,9428,17,15.28684585132786
32568,9429,9429,17,5.595249274246518
32569,9430,9430,17,20.91161680055159
32570,9431,9431,17,3.238410889881305
32571,9432,9432,17,5.190472688823943
32572,9433,9433,17,5.66342300548207
32573,9434,9434,17,7.548126342006305
32574,9435,9435,17,0.7191000360001921
32575,9436,9436,17,9.455618858613848
32576,9437,9437,17,6.689165687949043
32577,9438,9438,17,30.477754359177005
32578,9439,9439,17,23.01226120675952
32579,9440,9440,17,42.54384140038764
32580,9441,9441,17,1.6668567726191617
32581,9442,9442,17,19.018524578163237
32582,9443,9443,17,15.728676227333697
32583,9444,9444,17,43.04515846578776
32584,9445,9445,17,33.05479233521517
32585,9446,9446,17,1.3161088358514903
32586,9447,9447,17,25.54331432750756
32587,9448,9448,17,6.065158553944618
32588,9449,9449,17,24.582269088184468
32589,9450,9450,17,17.778566999036716
32590,9451,9451,17,21.52674757861565
32591,9452,9452,17,27.34151218762923
32592,9453,9453,17,16.26567343270699
32593,9454,9454,17,29.44843016698754
32594,9455,9455,17,29.91984479123524
32595,9456,9456,17,16.79426087104304
32596,9457,9457,17,31.29566450372646
32597,9458,9458,17,50.32335648308953
32598,9459,9459,17,18.99222438940101
32599,9460,9460,17,3.560118979010336
32600,9461,9461,17,30.21117014162158
32601,9462,9462,17,1.713467022739511
32602,9463,9463,17,12.839561832132532
32603,9464,9464,17,19.477068526216637
32604,9465,9465,17,5.363381748272427
32605,9466,9466,17,1.771591404515315
32606,9467,9467,17,11.802834433706243
32607,9468,9468,17,18.69597391877886
32608,9469,9469,17,20.6536764934448
32609,9470,9470,17,24.803522980050023
32610,9471,9471,17,13.78376359720368
32611,9472,9472,17,32.363736609796135
32612,9473,9473,17,26.45967164479941
32613,9474,9474,17,45.65822895820613
32614,9475,9475,17,19.224011628291308
32615,9476,9476,17,19.77253836270838
32616,9477,9477,17,34.112582130094154
32617,9478,9478,17,9.28811858092388
32618,9479,9479,17,20.52727031223881
32619,9480,9480,17,23.97053059676178
32620,9481,9481,17,15.5560798107673
32621,9482,9482,17,6.7558205582356825
32622,9483,9483,17,1.1795040536343753
32623,9484,9484,17,1.4745963648644689
32624,9485,9485,17,5.188849841391087
32625,9486,9486,17,2.974150316108432
32626,9487,9487,17,14.074690467074335
32627,9488,9488,17,44.27320909642518
32628,9489,9489,17,15.252897884447112
32629,9490,9490,17,22.49580176455814
32630,9491,9491,17,46.13561981340408
32631,9492,9492,17,11.407229394566476
32632,9493,9493,17,25.770793141015822
32633,9494,9494,17,27.26170798399794
32634,9495,9495,17,0.4297008503342047
32635,9496,9496,17,2.6847498381651667
32636,9497,9497,17,0.0504000990000963
32637,9498,9498,17,38.54154716684847
32638,9499,9499,17,63.418102909659495
32639,9500,9500,17,54.02029834879953
32640,9501,9501,17,17.227302420707566
32641,9502,9502,17,2.311055738147333
32642,9503,9503,17,3.5123942168520204
32643,9504,9504,17,4.731920204579204
32644,9505,9505,17,18.988930335424424
32645,9506,9506,17,8.6509787888145
32646,9507,9507,17,0.7040709096845389
32647,9508,9508,17,17.862273367931248
32648,9509,9509,17,4.410926830063581
32649,9510,9510,17,17.89618537047829
32650,9511,9511,17,28.48486486352512
32651,9512,9512,17,55.14601382018731
32652,9513,9513,17,4.406987169815242
32653,9514,9514,17,6.615190342826564
32654,9515,9515,17,29.90500849616732
32655,9516,9516,17,9.82325683291796
32656,9517,9517,17,21.847293419081048
32657,9518,9518,17,32.015915037917374
32658,9519,9519,17,24.79253472356977
32659,9520,9520,17,5.585770201825075
32660,9521,9521,17,1.241629897174417
32661,9522,9522,17,63.06212889000644
32662,9523,9523,17,6.290745760688317
32663,9524,9524,17,79.92586254842374
32664,9525,9525,17,1.521211311368737
32665,9526,9526,17,45.95265369356948
32666,9527,9527,17,7.196762119484099
32667,9528,9528,17,13.196698467237049
32668,9529,9529,17,6.722185782674051
32669,9530,9530,17,35.18312890122449
32670,9531,9531,17,1.945912626689434
32671,9532,9532,17,7.075809786088007
32672,9533,9533,17,20.07091759866424
32673,9534,9534,17,29.49073252732825
32674,9535,9535,17,0.0391248481514751
32675,9536,9536,17,16.566205011026074
32676,9537,9537,17,21.546570028329707
32677,9538,9538,17,11.149223479779824
32678,9539,9539,17,12.175767274901837
32679,9540,9540,17,6.476708723329367
32680,9541,9541,17,38.969354991458346
32681,9542,9542,17,8.534758185389936
32682,9543,9543,17,53.02048845214772
32683,9544,9544,17,3.9909135578612087
32684,9545,9545,17,6.594159997701992
32685,9546,9546,17,3.673626484937312
32686,9547,9547,17,31.97677841336581
32687,9548,9548,17,1.5387718341340182
32688,9549,9549,17,47.68695049722689
32689,9550,9550,17,4.553740646193489
32690,9551,9551,17,115.48219321978172
32691,9552,9552,17,3.879214579292762
32692,9553,9553,17,72.8431911209495
32693,9554,9554,17,27.640908739503235
32694,9555,9555,17,48.376107992619815
32695,9556,9556,17,4.88522798592026
32696,9557,9557,17,15.62755043234242
32697,9558,9558,17,51.21376987730298
32698,9559,9559,17,2.379693167333432
32699,9560,9560,17,23.62100886876805
32700,9561,9561,17,6.3635862497371525
32701,9562,9562,17,8.801201630235882
32702,9563,9563,17,10.401903377248846
32703,9564,9564,17,2.630887053649962
32704,9565,9565,17,4.174219326044905
32705,9566,9566,17,12.908182899957538
32706,9567,9567,17,39.08596067988566
32707,9568,9568,17,1.3216680896359607
32708,9569,9569,17,4.834514657272201
32709,9570,9570,17,8.99351659158582
32710,9571,9571,17,22.626944370947168
32711,9572,9572,17,14.7706767016086
32712,9573,9573,17,3.385428693442464
32713,9574,9574,17,8.403174566506445
32714,9575,9575,17,1.121075865497008
32715,9576,9576,17,47.30005451564957
32716,9577,9577,17,16.098629367373324
32717,9578,9578,17,33.16231574795705
32718,9579,9579,17,1.4228276758530438
32719,9580,9580,17,1.2087726661463118
32720,9581,9581,17,3.981038441553235
32721,9582,9582,17,0.6026620084474384
32722,9583,9583,17,21.91018490293558
32723,9584,9584,17,4.279508818140983
32724,9585,9585,17,12.55978654498762
32725,9586,9586,17,9.598970377441509
32726,9587,9587,17,9.64787673083958
32727,9588,9588,17,10.165624061159969
32728,9589,9589,17,7.799119728681951
32729,9590,9590,17,9.79273046031718
32730,9591,9591,17,16.898834000700415
32731,9592,9592,17,33.34014796896838
32732,9593,9593,17,6.272017530835588
32733,9594,9594,17,0.1660495949999764
32734,9595,9595,17,9.661953319966791
32735,9596,9596,17,38.81294654951655
32736,9597,9597,17,9.345640555053397
32737,9598,9598,17,1.3379130176656218
32738,9599,9599,17,24.250295923987924
32739,9600,9600,17,19.298800710275724
32740,9601,9601,17,9.33497040155968
32741,9602,9602,17,15.34280341710452
32742,9603,9603,17,6.859855330663216
32743,9604,9604,17,11.033271053169075
32744,9605,9605,17,5.321474766464054
32745,9606,9606,17,1.0361249410378075
32746,9607,9607,17,12.667819138342708
32747,9608,9608,17,5.549831012561486
32748,9609,9609,17,14.49743646404183
32749,9610,9610,17,8.924763160061069
32750,9611,9611,17,2.209122450418338
32751,9612,9612,17,4.570127450581062
32752,9613,9613,17,5.128013947209134
32753,9614,9614,17,5.247185611790821
32754,9615,9615,17,2.637743335957229
32755,9616,9616,17,7.682556848537125
32756,9617,9617,17,3.928954785711944
32757,9618,9618,17,4.820844840787694
32758,9619,9619,17,2.596089417960048
32759,9620,9620,17,10.920110109537218
32760,9621,9621,17,18.81854108377379
32761,9622,9622,17,5.782509672222584
32762,9623,9623,17,16.42252067282608
32763,9624,9624,17,8.886110520691544
32764,9625,9625,17,6.348768381544202
32765,9626,9626,17,9.136450501437205
32766,9627,9627,17,20.205367163992687
32767,9628,9628,17,23.301533407506987
32768,9629,9629,17,17.4886324580956
32769,9630,9630,17,13.664867375412724
32770,9631,9631,17,34.1110495990113
32771,9632,9632,17,6.2323514674792
32772,9633,9633,17,26.38345405281751
32773,9634,9634,17,9.953146473682624
32774,9635,9635,17,0.71100042749995
32775,9636,9636,17,56.01660528789395
32776,9637,9637,17,2.1520431577696737
32777,9638,9638,17,5.103939644636639
32778,9639,9639,17,8.812462278672053
32779,9640,9640,17,6.556532422507644
32780,9641,9641,17,5.709116857495993
32781,9642,9642,17,4.525016649079382
32782,9643,9643,17,8.942583566917717
32783,9644,9644,17,23.96412624806723
32784,9645,9645,17,46.95295836352091
32785,9646,9646,17,2.9468147674122847
32786,9647,9647,17,1.7819625725599528
32787,9648,9648,17,1.2600379044390115
32788,9649,9649,17,30.707269154780803
32789,9650,9650,17,20.914932123226457
32790,9651,9651,17,21.756952267000617
32791,9652,9652,17,24.613747579970795
32792,9653,9653,17,14.514711035716193
32793,9654,9654,17,13.802438487279666
32794,9655,9655,17,0.8702999684996903
32795,9656,9656,17,3.3846767240160704
32796,9657,9657,17,4.129873644987427
32797,9658,9658,17,4.469947250662588
32798,9659,9659,17,12.44040174889378
32799,9660,9660,17,6.227629877259583
32800,9661,9661,17,20.14302071817844
32801,9662,9662,17,20.52132717415904
32802,9663,9663,17,2.55768734073448
32803,9664,9664,17,3.9700846866683617
32804,9665,9665,17,21.90730090644804
32805,9666,9666,17,3.6507534440466474
32806,9667,9667,17,5.401895606448502
32807,9668,9668,17,2.6756226798648126
32808,9669,9669,17,3.5682759436517
32809,9670,9670,17,3.653240872283885
32810,9671,9671,17,32.22196065719367
32811,9672,9672,17,7.746266320302009
32812,9673,9673,17,27.72318240619767
32813,9674,9674,17,4.578607606983758
32814,9675,9675,17,32.725943284018136
32815,9676,9676,17,11.7044122410952
32816,9677,9677,17,3.956155811187098
32817,9678,9678,17,4.103491460438223
32818,9679,9679,17,17.390640554794295
32819,9680,9680,17,17.565873000914156
32820,9681,9681,17,34.43567641408451
32821,9682,9682,17,8.01708323875422
32822,9683,9683,17,18.24041763874024
32823,9684,9684,17,1.1991267110856547
32824,9685,9685,17,5.396973032415858
32825,9686,9686,17,5.81836015149565
32826,9687,9687,17,7.8823392365010045
32827,9688,9688,17,5.017913021076516
32828,9689,9689,17,8.637868070046485
32829,9690,9690,17,3.600368670377422
32830,9691,9691,17,1.6460984895398616
32831,9692,9692,17,4.578650231733095
32832,9693,9693,17,1.286650954734817
32833,9694,9694,17,1.1483998469997685
32834,9695,9695,17,25.65357147996629
32835,9696,9696,17,14.13272798454325
32836,9697,9697,17,4.083658892174855
32837,9698,9698,17,11.468531686850936
32838,9699,9699,17,4.771159965472129
32839,9700,9700,17,0.3878998830004036
32840,9701,9701,17,3.0377063148550056
32841,9702,9702,17,20.38344409014136
32842,9703,9703,17,16.53325469108814
32843,9704,9704,17,15.308745331420372
32844,9705,9705,17,21.990360016567585
32845,9706,9706,17,1.3577392405728177
32846,9707,9707,17,12.258151282854914
32847,9708,9708,17,4.797131516621143
32848,9709,9709,17,16.263768573384215
32849,9710,9710,17,54.11427960613236
32850,9711,9711,17,31.67552216238907
32851,9712,9712,17,8.322640630232035
32852,9713,9713,17,10.738009045765336
32853,9714,9714,17,0.8343607580518126
32854,9715,9715,17,2.6616891159474823
32855,9716,9716,17,20.62417547771226
32856,9717,9717,17,30.26209547023727
32857,9718,9718,17,33.07022918706387
32858,9719,9719,17,1.743893500569469
32859,9720,9720,17,45.08374228831583
32860,9721,9721,17,6.2431140851228175
32861,9722,9722,17,14.823498832683397
32862,9723,9723,17,11.563850151728271
32863,9724,9724,17,3.933651110090392
32864,9725,9725,17,21.35219564042452
32865,9726,9726,17,3.791862428082025
32866,9727,9727,17,41.14005926815751
32867,9728,9728,17,11.29903216380573
32868,9729,9729,17,3.907033621593654
32869,9730,9730,17,2.260215626906503
32870,9731,9731,17,55.60096721602075
32871,9732,9732,17,22.315181564477022
32872,9733,9733,17,12.69830044642073
32873,9734,9734,17,28.22425021508861
32874,9735,9735,17,25.17261846279183
32875,9736,9736,17,6.368781375208861
32876,9737,9737,17,45.82271587611259
32877,9738,9738,17,19.822832845878647
32878,9739,9739,17,10.756950402234352
32879,9740,9740,17,14.042099606776206
32880,9741,9741,17,36.16674914957785
32881,9742,9742,17,1.7327002114213408
32882,9743,9743,17,7.844377372643791
32883,9744,9744,17,5.619173018862037
32884,9745,9745,17,2.584187622275237
32885,9746,9746,17,3.6883623417252136
32886,9747,9747,17,35.009353348429826
32887,9748,9748,17,12.22354648054859
32888,9749,9749,17,20.652548196857587
32889,9750,9750,17,46.18460251864754
32890,9751,9751,17,30.00515127239284
32891,9752,9752,17,3.0171991730986605
32892,9753,9753,17,21.090017334465443
32893,9754,9754,17,14.87173250803167
32894,9755,9755,17,32.75731062113068
32895,9756,9756,17,26.102239077363468
32896,9757,9757,17,69.33007910266463
32897,9758,9758,17,7.7976715408288095
32898,9759,9759,17,15.653569031084665
32899,9760,9760,17,9.406931540421947
32900,9761,9761,17,9.7225101284941
32901,9762,9762,17,18.09874090200133
32902,9763,9763,17,7.270426315489319
32903,9764,9764,17,7.823024040012158
32904,9765,9765,17,1.8381692621772587
32905,9766,9766,17,2.160980499322917
32906,9767,9767,17,24.69885487088772
32907,9768,9768,17,25.79227407673372
32908,9769,9769,17,10.118022384360753
32909,9770,9770,17,3.492491203744866
32910,9771,9771,17,44.92795860725234
32911,9772,9772,17,3.8178539811623535
32912,9773,9773,17,16.923996401344436
32913,9774,9774,17,15.221110885291488
32914,9775,9775,17,23.320039830214466
32915,9776,9776,17,28.77688571419988
32916,9777,9777,17,29.170963993297537
32917,9778,9778,17,30.821453301754325
32918,9779,9779,17,42.39984522673433
32919,9780,9780,17,20.427574281929942
32920,9781,9781,17,8.106927401072054
32921,9782,9782,17,3.6616838665838567
32922,9783,9783,17,18.02246696141091
32923,9784,9784,17,0.0211500494998395
32924,9785,9785,17,4.015727599961922
32925,9786,9786,17,9.738072386529424
32926,9787,9787,17,16.65222856255311
32927,9788,9788,17,12.065389296219523
32928,9789,9789,17,13.93653201522851
32929,9790,9790,17,2.5936290263718558
32930,9791,9791,17,1.950426755066225
32931,9792,9792,17,5.00156186118564
32932,9793,9793,17,10.9437821458829
32933,9794,9794,17,24.09499265547274
32934,9795,9795,17,38.22002748961694
32935,9796,9796,17,14.675931425441409
32936,9797,9797,17,2.1766497480002345
32937,9798,9798,17,8.26593918280411
32938,9799,9799,17,6.008483033608712
32939,9800,9800,17,6.322527608081173
32940,9801,9801,17,1.8090077697457672
32941,9802,9802,17,9.38014697561696
32942,9803,9803,17,41.31549592064589
32943,9804,9804,17,38.60478757762416
32944,9805,9805,17,39.92606092387794
32945,9806,9806,17,31.72793345249629
32946,9807,9807,17,34.63904924892536
32947,9808,9808,17,5.313011988465857
32948,9809,9809,17,3.3876544956091235
32949,9810,9810,17,25.5833970205366
32950,9811,9811,17,12.965402650968134
32951,9812,9812,17,13.839908160179151
32952,9813,9813,17,20.687997592549884
32953,9814,9814,17,3.7376383294021824
32954,9815,9815,17,10.371723769887293
32955,9816,9816,17,63.89198167546423
32956,9817,9817,17,5.828974084618494
32957,9818,9818,17,24.367071361632885
32958,9819,9819,17,4.183054621251418
32959,9820,9820,17,7.055058335015178
32960,9821,9821,17,10.09819243116996
32961,9822,9822,17,10.755227398534744
32962,9823,9823,17,8.634671902802863
32963,9824,9824,17,20.357547733408094
32964,9825,9825,17,16.546052914607387
32965,9826,9826,17,15.400220697090043
32966,9827,9827,17,2.2028211340301223
32967,9828,9828,17,17.158598235102826
32968,9829,9829,17,1.588910100280376
32969,9830,9830,17,9.368255024508548
32970,9831,9831,17,2.6994678622166544
32971,9832,9832,17,16.339426482036384
32972,9833,9833,17,6.167700847246338
32973,9834,9834,17,11.437336335116475
32974,9835,9835,17,16.91828606131859
32975,9836,9836,17,9.49243404737802
32976,9837,9837,17,14.616542687690933
32977,9838,9838,17,22.721928633234025
32978,9839,9839,17,3.630606752789833
32979,9840,9840,17,12.892263926165446
32980,9841,9841,17,1.6552504223064706
32981,9842,9842,17,7.244257061248392
32982,9843,9843,17,13.36670236698684
32983,9844,9844,17,4.295266949219987
32984,9845,9845,17,8.6084229970448
32985,9846,9846,17,2.1742888777047686
32986,9847,9847,17,14.398491295743195
32987,9848,9848,17,27.68291979954333
32988,9849,9849,17,23.713548132078216
32989,9850,9850,17,10.501751633917074
32990,9851,9851,17,4.828757782500751
32991,9852,9852,17,5.044427474510668
32992,9853,9853,17,3.4724644819872825
32993,9854,9854,17,8.610207725096702
32994,9855,9855,17,8.898109342236474
32995,9856,9856,17,14.357229384956412
32996,9857,9857,17,1.4668536377159958
32997,9858,9858,17,4.660990215005703
32998,9859,9859,17,17.580521186620118
32999,9860,9860,17,42.34379564905439
33000,9861,9861,17,4.762841261807193
33001,9862,9862,17,16.02777275762476
33002,9863,9863,17,10.767476868874946
33003,9864,9864,17,17.531177077895794
33004,9865,9865,17,2.558623453102872
33005,9866,9866,17,2.750456187055826
33006,9867,9867,17,12.626044460942358
33007,9868,9868,17,24.448388183779567
33008,9869,9869,17,17.926761883717344
33009,9870,9870,17,10.197452195346296
33010,9871,9871,17,37.15244710265444
33011,9872,9872,17,57.97672314040485
33012,9873,9873,17,13.336077695864336
33013,9874,9874,17,7.130299312225608
33014,9875,9875,17,18.07606501855069
33015,9876,9876,17,20.43088477445844
33016,9877,9877,17,25.701793088876094
33017,9878,9878,17,5.877856375619575
33018,9879,9879,17,16.467712926515265
33019,9880,9880,17,9.507186920489753
33020,9881,9881,17,9.287357746881735
33021,9882,9882,17,2.1254970412917733
33022,9883,9883,17,10.1502444378206
33023,9884,9884,17,2.787597232446082
33024,9885,9885,17,17.809150224113917
33025,9886,9886,17,2.104066370301295
33026,9887,9887,17,4.85265757294733
33027,9888,9888,17,4.218384134560287
33028,9889,9889,17,2.190545077625841
33029,9890,9890,17,3.733888192639679
33030,9891,9891,17,0.00876175785923
33031,9892,9892,17,0.0404260845816507
33032,9893,9893,17,9.105993850398798
33033,9894,9894,17,3.8338302135194353
33034,9895,9895,17,16.409155533783643
33035,9896,9896,17,9.896943534716666
33036,9897,9897,17,20.03868044755751
33037,9898,9898,17,0.1766693814425058
33038,9899,9899,17,41.27442101718633
33039,9900,9900,17,57.84705399285377
33040,9901,9901,17,9.567925025955685
33041,9902,9902,17,20.94692555744368
33042,9903,9903,17,2.1637238485521246
33043,9904,9904,17,13.722424674491643
33044,9905,9905,17,6.101424709009804
33045,9906,9906,17,14.019938563936076
33046,9907,9907,17,5.148254224265337
33047,9908,9908,17,2.928156775302071
33048,9909,9909,17,11.689141925337934
33049,9910,9910,17,3.062308547153935
33050,9911,9911,17,18.209388137360158
33051,9912,9912,17,6.05551080963922
33052,9913,9913,17,33.89209835963059
33053,9914,9914,17,7.714902139875986
33054,9915,9915,17,15.38702939286422
33055,9916,9916,17,6.275070728642464
33056,9917,9917,17,38.06280351117498
33057,9918,9918,17,15.052047073821017
33058,9919,9919,17,3.538792500742644
33059,9920,9920,17,1.513807791757256
33060,9921,9921,17,2.693198460439444
33061,9922,9922,17,15.653811415309608
33062,9923,9923,17,4.935990808249317
33063,9924,9924,17,1.9016061022676305
33064,9925,9925,17,15.72182045550421
33065,9926,9926,17,9.660073685235204
33066,9927,9927,17,12.649385234927388
33067,9928,9928,17,18.193614355578077
33068,9929,9929,17,1.3195314934204667
33069,9930,9930,17,10.776827380201846
33070,9931,9931,17,5.5246048453208205
33071,9932,9932,17,21.95968647005057
33072,9933,9933,17,1.7523004725000486
33073,9934,9934,17,11.176193393545736
33074,9935,9935,17,13.032854356943462
33075,9936,9936,17,7.37246251959455
33076,9937,9937,17,4.298727644523487
33077,9938,9938,17,17.86951206749043
33078,9939,9939,17,17.95318719450131
33079,9940,9940,17,34.95391492099747
33080,9941,9941,17,9.00253461100632
33081,9942,9942,17,7.756443692201972
33082,9943,9943,17,16.47245667679301
33083,9944,9944,17,21.80011577101053
33084,9945,9945,17,12.612178225228838
33085,9946,9946,17,9.577906224241984
33086,9947,9947,17,25.114489392938435
33087,9948,9948,17,12.05911080956415
33088,9949,9949,17,2.679644370064467
33089,9950,9950,17,3.895889907137668
33090,9951,9951,17,15.321522115274012
33091,9952,9952,17,6.555542554533951
33092,9953,9953,17,4.10839428659074
33093,9954,9954,17,10.67181862485812
33094,9955,9955,17,4.449187084059024
33095,9956,9956,17,24.307479493895592
33096,9957,9957,17,39.849469651117865
33097,9958,9958,17,4.94823511949867
33098,9959,9959,17,10.5038662575036
33099,9960,9960,17,3.446344948976912
33100,9961,9961,17,9.219868498510218
33101,9962,9962,17,2.652236161011409
33102,9963,9963,17,44.1365614110554
33103,9964,9964,17,21.403701931486964
33104,9965,9965,17,29.04928667545348
33105,9966,9966,17,1.5737090931541249
33106,9967,9967,17,61.02141102424431
33107,9968,9968,17,28.89830780604589
33108,9969,9969,17,9.24937481287071
33109,9970,9970,17,20.552902588889115
33110,9971,9971,17,34.7331673141952
33111,9972,9972,17,2.363933000795671
33112,9973,9973,17,6.246766474867702
33113,9974,9974,17,12.999287547070802
33114,9975,9975,17,13.659331722634274
33115,9976,9976,17,7.369837003764305
33116,9977,9977,17,2.507314600326121
33117,9978,9978,17,4.64035315009532
33118,9979,9979,17,6.966970032604039
33119,9980,9980,17,4.82348005739617
33120,9981,9981,17,0.0738000764999985
33121,9982,9982,17,18.56787576795949
33122,9983,9983,17,16.413774533533395
33123,9984,9984,17,37.44093582972103
33124,9985,9985,17,8.234981789380656
33125,9986,9986,17,12.442654788075652
33126,9987,9987,17,47.347876513782026
33127,9988,9988,17,13.06368771514608
33128,9989,9989,17,6.964955516868398
33129,9990,9990,17,1.7254605891487054
33130,9991,9991,17,4.383452798372179
33131,9992,9992,17,9.073143096973276
33132,9993,9993,17,19.88610517834301
33133,9994,9994,17,13.316563140909317
33134,9995,9995,17,9.9721318607382
33135,9996,9996,17,4.129397133849323
33136,9997,9997,17,3.2244986234843545
33137,9998,9998,17,2.1353139956102893
33138,9999,9999,17,14.636639909563817
33139,10000,10000,17,31.19125621015453
33140,10001,10001,17,6.558979280782392
33141,10002,10002,17,3.184185626485117
33142,10003,10003,17,13.856678801579266
33143,10004,10004,17,9.059499686556508
33144,10005,10005,17,7.791483955864958
33145,10006,10006,17,16.072329518520178
33146,10007,10007,17,4.311258768514395
33147,10008,10008,17,3.6364150414502623
33148,10009,10009,17,6.293268915426455
33149,10010,10010,17,2.863144725683153
33150,10011,10011,17,9.4552230687775
33151,10012,10012,17,8.85607793224446
33152,10013,10013,17,7.73567209210626
33153,10014,10014,17,24.05422740638545
33154,10015,10015,17,7.782120695809603
33155,10016,10016,17,3.091515347553874
33156,10017,10017,17,1.8381731517700552
33157,10018,10018,17,3.260940530365461
33158,10019,10019,17,0.0148032642214
33159,10020,10020,17,27.08460111401433
33160,10021,10021,17,39.93459428743744
33161,10022,10022,17,133.07681763756906
33162,10023,10023,17,2.315383120753782
33163,10024,10024,17,13.93345974238862
33164,10025,10025,17,23.249927583474243
33165,10026,10026,17,32.540686971083296
33166,10027,10027,17,44.97777615303061
33167,10028,10028,17,13.676536055713653
33168,10029,10029,17,17.060263242287277
33169,10030,10030,17,13.84499240078208
33170,10031,10031,17,6.578972015162911
33171,10032,10032,17,11.347399374584304
33172,10033,10033,17,21.29308701947272
33173,10034,10034,17,8.63096182150792
33174,10035,10035,17,3.916633003671389
33175,10036,10036,17,10.505334968632328
33176,10037,10037,17,1.4356208091829796
33177,10038,10038,17,18.761570952651724
33178,10039,10039,17,2.0240045681813954
33179,10040,10040,17,98.68045046468718
33180,10041,10041,17,9.348273069482838
33181,10042,10042,17,8.559630800736144
33182,10043,10043,17,5.485547105996981
33183,10044,10044,17,7.098815925876855
33184,10045,10045,17,13.80705431339414
33185,10046,10046,17,10.55468941551774
33186,10047,10047,17,15.203956024950733
33187,10048,10048,17,1.906905329038855
33188,10049,10049,17,2.3491354422127904
33189,10050,10050,17,7.167941688589957
33190,10051,10051,17,4.949972387694269
33191,10052,10052,17,0.1191683172930479
33192,10053,10053,17,2.491731034706961
33193,10054,10054,17,13.179661495853573
33194,10055,10055,17,53.1348926932396
33195,10056,10056,17,57.37222953336376
33196,10057,10057,17,8.370189597959454
33197,10058,10058,17,1.903723758298414
33198,10059,10059,17,1.9078029257959837
33199,10060,10060,17,19.3479358077392
33200,10061,10061,17,8.543247655557234
33201,10062,10062,17,8.377016406201884
33202,10063,10063,17,13.037740288741082
33203,10064,10064,17,7.099488181772027
33204,10065,10065,17,3.781457404587146
33205,10066,10066,17,4.81876484040248
33206,10067,10067,17,23.950236535091985
33207,10068,10068,17,3.1946630779061094
33208,10069,10069,17,114.48341623252988
33209,10070,10070,17,101.67228466297156
33210,10071,10071,17,16.756672347323267
33211,10072,10072,17,35.54907763918049
33212,10073,10073,17,47.18270451695785
33213,10074,10074,17,2.9726962345000727
33214,10075,10075,17,16.36573416015642
33215,10076,10076,17,2.259318248449788
33216,10077,10077,17,30.21529236911413
33217,10078,10078,17,2.106359012983555
33218,10079,10079,17,11.532867143805593
33219,10080,10080,17,2.4603819780948943
33220,10081,10081,17,0.5316317081062794
33221,10082,10082,17,10.78452565911767
33222,10083,10083,17,4.554442403274292
33223,10084,10084,17,3.788633605421365
33224,10085,10085,17,19.76837555020904
33225,10086,10086,17,4.585784744981077
33226,10087,10087,17,25.94293977108517
33227,10088,10088,17,5.210765212297976
33228,10089,10089,17,19.522821581018388
33229,10090,10090,17,19.311743957312405
33230,10091,10091,17,1.353816497340858
33231,10092,10092,17,1.4645172893307767
33232,10093,10093,17,52.21899195267181
33233,10094,10094,17,6.013736631804915
33234,10095,10095,17,3.4562100231328605
33235,10096,10096,17,2.6232623328924296
33236,10097,10097,17,8.05829379404986
33237,10098,10098,17,3.2294999819101746
33238,10099,10099,17,36.6889903068949
33239,10100,10100,17,1.4318670106524642
33240,10101,10101,17,12.39556766969764
33241,10102,10102,17,8.326446099345295
33242,10103,10103,17,1.3591461000902654
33243,10104,10104,17,12.165190774374866
33244,10105,10105,17,6.930774092455428
33245,10106,10106,17,7.482132903933823
33246,10107,10107,17,6.751449952686489
33247,10108,10108,17,4.963992704425812
33248,10109,10109,17,7.6370700587147775
33249,10110,10110,17,2.4819658565773106
33250,10111,10111,17,7.872202669338904
33251,10112,10112,17,2.1701109203542286
33252,10113,10113,17,8.857562464287907
33253,10114,10114,17,12.690279844996006
33254,10115,10115,17,102.34030684018909
33255,10116,10116,17,1.8114548964250088
33256,10117,10117,17,3.2410762768377728
33257,10118,10118,17,53.9758858643841
33258,10119,10119,17,1.532133686851335
33259,10120,10120,17,13.355643272704452
33260,10121,10121,17,36.57459020255689
33261,10122,10122,17,4.583217744249942
33262,10123,10123,17,4.2500630157687365
33263,10124,10124,17,2.401796297423689
33264,10125,10125,17,2.828468760255724
33265,10126,10126,17,3.2762715665486613
33266,10127,10127,17,21.05651869139087
33267,10128,10128,17,11.64952274653445
33268,10129,10129,17,15.637908148064788
33269,10130,10130,17,22.104456100337394
33270,10131,10131,17,130.90690280784827
33271,10132,10132,17,5.330590826343615
33272,10133,10133,17,4.069016855224714
33273,10134,10134,17,1.9082375206227375
33274,10135,10135,17,20.725937314376026
33275,10136,10136,17,14.039358372778247
33276,10137,10137,17,0.2110499639998972
33277,10138,10138,17,5.706986962667924
33278,10139,10139,17,39.012211826820526
33279,10140,10140,17,7.161863741402425
33280,10141,10141,17,26.03948993062753
33281,10142,10142,17,3.4290963099779157
33282,10143,10143,17,10.063497329682708
33283,10144,10144,17,6.235052386816092
33284,10145,10145,17,16.83561253650382
33285,10146,10146,17,11.510787845998898
33286,10147,10147,17,18.47540169832285
33287,10148,10148,17,13.637792287064702
33288,10149,10149,17,111.67202438174064
33289,10150,10150,17,8.5621081090645
33290,10151,10151,17,2.0764743338145046
33291,10152,10152,17,2.4208004901868403
33292,10153,10153,17,0.2580496763138957
33293,10154,10154,17,9.811512703685656
33294,10155,10155,17,26.33518708480054
33295,10156,10156,17,5.521358095059871
33296,10157,10157,17,0.6616416619444713
33297,10158,10158,17,5.065672065384478
33298,10159,10159,17,27.4700643451695
33299,10160,10160,17,6.37531361645834
33300,10161,10161,17,7.952808784058079
33301,10162,10162,17,7.39266139697572
33302,10163,10163,17,1.838464154856503
33303,10164,10164,17,3.136265286117688
33304,10165,10165,17,3.42662584038242
33305,10166,10166,17,19.3556346469406
33306,10167,10167,17,8.896839323691118
33307,10168,10168,17,18.699974332421363
33308,10169,10169,17,4.383619416060496
33309,10170,10170,17,6.436531652200416
33310,10171,10171,17,6.177025022314485
33311,10172,10172,17,12.44107113282822
33312,10173,10173,17,11.454131863801152
33313,10174,10174,17,28.20894776835724
33314,10175,10175,17,14.43840711310923
33315,10176,10176,17,18.484341121748205
33316,10177,10177,17,3.9399098295564055
33317,10178,10178,17,7.743591134590767
33318,10179,10179,17,5.6544129697110055
33319,10180,10180,17,3.368537606285304
33320,10181,10181,17,5.189163188053287
33321,10182,10182,17,1.6697920534923885
33322,10183,10183,17,7.694044852951378
33323,10184,10184,17,16.219593147982657
33324,10185,10185,17,1.8118692223847528
33325,10186,10186,17,10.687987598134876
33326,10187,10187,17,2.1976085800846814
33327,10188,10188,17,12.96186184258433
33328,10189,10189,17,24.457630157838757
33329,10190,10190,17,4.332217091469526
33330,10191,10191,17,11.895479517180096
33331,10192,10192,17,22.015103148348004
33332,10193,10193,17,8.529321775924206
33333,10194,10194,17,7.372210117116032
33334,10195,10195,17,18.772514104283864
33335,10196,10196,17,15.616154434666583
33336,10197,10197,17,0.506436792676136
33337,10198,10198,17,33.69360410804848
33338,10199,10199,17,43.91048846763044
33339,10200,10200,17,13.403271279673785
33340,10201,10201,17,34.66914263954699
33341,10202,10202,17,3.5340793370393517
33342,10203,10203,17,26.451578284709857
33343,10204,10204,17,3.418949819707845
33344,10205,10205,17,2.0872509042102267
33345,10206,10206,17,1.351548012063861
33346,10207,10207,17,55.49496915344184
33347,10208,10208,17,2.463919886584723
33348,10209,10209,17,1.2580624036903525
33349,10210,10210,17,37.732366816687225
33350,10211,10211,17,6.123831086354269
33351,10212,10212,17,15.26227596537748
33352,10213,10213,17,2.943275951574266
33353,10214,10214,17,6.062300885286093
33354,10215,10215,17,34.49407833729007
33355,10216,10216,17,84.56630288874298
33356,10217,10217,17,23.874567299197604
33357,10218,10218,17,17.11695628585309
33358,10219,10219,17,7.8687659801782255
33359,10220,10220,17,1.6506775539698004
33360,10221,10221,17,17.355486412119717
33361,10222,10222,17,14.548613623886585
33362,10223,10223,17,11.772516062886536
33363,10224,10224,17,11.10930180868218
33364,10225,10225,17,14.817832960940782
33365,10226,10226,17,17.473341225145013
33366,10227,10227,17,31.407795128618652
33367,10228,10228,17,99.55594026213966
33368,10229,10229,17,4.808764733963477
33369,10230,10230,17,37.58520790768039
33370,10231,10231,17,7.816743064482633
33371,10232,10232,17,4.89319732435265
33372,10233,10233,17,5.283107794269442
33373,10234,10234,17,1.409151830399209
33374,10235,10235,17,4.013147886463284
33375,10236,10236,17,2.1795611306881755
33376,10237,10237,17,24.10849096035604
33377,10238,10238,17,0.1995516679337322
33378,10239,10239,17,27.617200019584
33379,10240,10240,17,13.537860407836916
33380,10241,10241,17,10.843804199316471
33381,10242,10242,17,11.42303500134947
33382,10243,10243,17,15.816224504867344
33383,10244,10244,17,35.48782387514639
33384,10245,10245,17,7.156051915276408
33385,10246,10246,17,11.82866660276373
33386,10247,10247,17,5.579950006391361
33387,10248,10248,17,5.399481066061534
33388,10249,10249,17,12.607247374350464
33389,10250,10250,17,20.609850319032223
33390,10251,10251,17,5.334403287612409
33391,10252,10252,17,5.094880136642531
33392,10253,10253,17,47.12466944972571
33393,10254,10254,17,6.167500436132312
33394,10255,10255,17,20.16287930799061
33395,10256,10256,17,10.75302624557346
33396,10257,10257,17,6.022343834436767
33397,10258,10258,17,5.469498000502821
33398,10259,10259,17,6.812167218788125
33399,10260,10260,17,11.137276070756403
33400,10261,10261,17,14.281423074249645
33401,10262,10262,17,16.090908079627095
33402,10263,10263,17,54.05675999554923
33403,10264,10264,17,2.873162088364188
33404,10265,10265,17,7.70394298052001
33405,10266,10266,17,3.0278769504483605
33406,10267,10267,17,9.662279599115935
33407,10268,10268,17,14.4028207248891
33408,10269,10269,17,7.435556214097202
33409,10270,10270,17,1.818462349117888
33410,10271,10271,17,1.519431157782495
33411,10272,10272,17,21.139047573924277
33412,10273,10273,17,3.2043453756062985
33413,10274,10274,17,11.966440495195732
33414,10275,10275,17,3.6047160872815818
33415,10276,10276,17,11.1865150403727
33416,10277,10277,17,1.5025571453293618
33417,10278,10278,17,7.069077499293342
33418,10279,10279,17,15.008941344643102
33419,10280,10280,17,22.63085957784501
33420,10281,10281,17,12.113296138746389
33421,10282,10282,17,38.45302192897031
33422,10283,10283,17,17.01609615233738
33423,10284,10284,17,7.803591181069883
33424,10285,10285,17,10.985194391905084
33425,10286,10286,17,21.57258249627304
33426,10287,10287,17,8.060817283239768
33427,10288,10288,17,0.0256498380002751
33428,10289,10289,17,1.8823498289993108
33429,10290,10290,17,1.6183058162879198
33430,10291,10291,17,6.034844534713082
33431,10292,10292,17,40.66527691819668
33432,10293,10293,17,6.746722825304658
33433,10294,10294,17,2.211863474721432
33434,10295,10295,17,21.82211876375307
33435,10296,10296,17,4.266518198036299
33436,10297,10297,17,2.675944098254204
33437,10298,10298,17,1.8570594593243004
33438,10299,10299,17,5.849846077924894
33439,10300,10300,17,4.339851281977921
33440,10301,10301,17,3.4658484750245213
33441,10302,10302,17,0.2416499865001738
33442,10303,10303,17,46.32623176662838
33443,10304,10304,17,17.283518467378617
33444,10305,10305,17,36.71481668723512
33445,10306,10306,17,1.8201537729093376
33446,10307,10307,17,15.91909939664766
33447,10308,10308,17,7.423016141676864
33448,10309,10309,17,6.751063308535434
33449,10310,10310,17,43.94958416610798
33450,10311,10311,17,12.161307704017643
33451,10312,10312,17,10.553787814349688
33452,10313,10313,17,2.0492999055006504
33453,10314,10314,17,40.13345089243314
33454,10315,10315,17,31.001217198466527
33455,10316,10316,17,137.74019028438497
33456,10317,10317,17,22.30489891001041
33457,10318,10318,17,6.926667092716329
33458,10319,10319,17,21.79736582197481
33459,10320,10320,17,50.353232225694576
33460,10321,10321,17,147.5459975741142
33461,10322,10322,17,8.650453294110886
33462,10323,10323,17,3.451550418086407
33463,10324,10324,17,4.98727917882973
33464,10325,10325,17,8.029992113319905
33465,10326,10326,17,10.355328583261567
33466,10327,10327,17,12.930612496261094
33467,10328,10328,17,6.001262866855353
33468,10329,10329,17,15.337288136641488
33469,10330,10330,17,22.71453435452178
33470,10331,10331,17,12.005215649962324
33471,10332,10332,17,0.0499647552329897
33472,10333,10333,17,21.752409247407765
33473,10334,10334,17,18.479825817353376
33474,10335,10335,17,1.3162171034121029
33475,10336,10336,17,5.198828125254482
33476,10337,10337,17,5.022813195866772
33477,10338,10338,17,16.783791507956106
33478,10339,10339,17,2.803798322698236
33479,10340,10340,17,2.417551821306359
33480,10341,10341,17,21.781366345354694
33481,10342,10342,17,1.351667238865763
33482,10343,10343,17,33.81131598376909
33483,10344,10344,17,10.532328596461534
33484,10345,10345,17,23.832571951555074
33485,10346,10346,17,1.447000023489491
33486,10347,10347,17,6.470090783642464
33487,10348,10348,17,19.09170990034944
33488,10349,10349,17,26.913929991290928
33489,10350,10350,17,27.497369167172508
33490,10351,10351,17,6.750449168571621
33491,10352,10352,17,16.155573525207437
33492,10353,10353,17,1.4965781837184131
33493,10354,10354,17,2.166750431999609
33494,10355,10355,17,2.614040812535152
33495,10356,10356,17,1.849150301867977
33496,10357,10357,17,1.7382594075969455
33497,10358,10358,17,15.6413289123701
33498,10359,10359,17,1.8398751906404924
33499,10360,10360,17,2.9580193684984875
33500,10361,10361,17,2.156176478984654
33501,10362,10362,17,4.163526349676102
33502,10363,10363,17,15.981624235316158
33503,10364,10364,17,2.259899968498368
33504,10365,10365,17,55.704840410065714
33505,10366,10366,17,19.44290251079344
33506,10367,10367,17,81.45231284112452
33507,10368,10368,17,107.29569413454264
33508,10369,10369,17,33.7455932130101
33509,10370,10370,17,5.007287678308785e-05
33510,10371,10371,17,24.255556524244525
33511,10372,10372,17,10.118377439615667
33512,10373,10373,17,14.196948024122372
33513,10374,10374,17,0.5913000675003082
33514,10375,10375,17,26.29783650194943
33515,10376,10376,17,32.762863885049605
33516,10377,10377,17,12.99112212904866
33517,10378,10378,17,25.89832824895677
33518,10379,10379,17,0.5793509132329225
33519,10380,10380,17,3.741549455772248
33520,10381,10381,17,7.55847069676286
33521,10382,10382,17,0.9667790602365024
33522,10383,10383,17,0.8401496535002961
33523,10384,10384,17,15.983223193701232
33524,10385,10385,17,6.530276612802623
33525,10386,10386,17,38.349120404239805
33526,10387,10387,17,5.14558485731375
33527,10388,10388,17,6.121223075358212
33528,10389,10389,17,30.01247009388036
33529,10390,10390,17,45.75351301917335
33530,10391,10391,17,18.663537120339612
33531,10392,10392,17,1.099139001352504
33532,10393,10393,17,4.794511291148635
33533,10394,10394,17,16.79384241863388
33534,10395,10395,17,11.655661553657351
33535,10396,10396,17,8.782020065466806
33536,10397,10397,17,8.491552273566933
33537,10398,10398,17,26.93579059424147
33538,10399,10399,17,48.2859487656785
33539,10400,10400,17,14.827946123660244
33540,10401,10401,17,22.156839604686795
33541,10402,10402,17,16.090832274048104
33542,10403,10403,17,25.56170722286345
33543,10404,10404,17,0.5984655608423427
33544,10405,10405,17,1.4551400283804163
33545,10406,10406,17,4.62979448728244
33546,10407,10407,17,33.039739234980765
33547,10408,10408,17,11.545360279024123
33548,10409,10409,17,25.53056777666669
33549,10410,10410,17,6.544082358331382
33550,10411,10411,17,22.20935385455999
33551,10412,10412,17,6.241913700160965
33552,10413,10413,17,5.144894255817495
33553,10414,10414,17,38.52398673595005
33554,10415,10415,17,59.090046980152586
33555,10416,10416,17,0.9306159679776504
33556,10417,10417,17,22.866708804375182
33557,10418,10418,17,1.075991524127098
33558,10419,10419,17,11.577878947582022
33559,10420,10420,17,2.454738475254413
33560,10421,10421,17,1.7492750999275093
33561,10422,10422,17,8.139559406078309
33562,10423,10423,17,5.3681481521547845
33563,10424,10424,17,2.1104992215006315
33564,10425,10425,17,2.063824297118485
33565,10426,10426,17,3.270025783880606
33566,10427,10427,17,9.897501731875897
33567,10428,10428,17,6.761047575122986
33568,10429,10429,17,7.464839755555644
33569,10430,10430,17,3.501211094945773
33570,10431,10431,17,55.62897508772787
33571,10432,10432,17,11.830525479266004
33572,10433,10433,17,27.14746984584057
33573,10434,10434,17,10.981390028615207
33574,10435,10435,17,5.807194094997317
33575,10436,10436,17,8.010055486504053
33576,10437,10437,17,35.50765730682904
33577,10438,10438,17,20.54749167165836
33578,10439,10439,17,0.018290754276067
33579,10440,10440,17,4.603356932404935
33580,10441,10441,17,19.3788305348062
33581,10442,10442,17,42.6539701810222
33582,10443,10443,17,33.13214539016196
33583,10444,10444,17,5.576614854398459
33584,10445,10445,17,14.817390335947255
33585,10446,10446,17,4.048117014245887
33586,10447,10447,17,3.282777679582201
33587,10448,10448,17,1.820022238434993
33588,10449,10449,17,2.774983202734124
33589,10450,10450,17,3.8190194247136673
33590,10451,10451,17,13.222079020776444
33591,10452,10452,17,15.38216587227242
33592,10453,10453,17,2.6501857272403555
33593,10454,10454,17,24.4208272220965
33594,10455,10455,17,22.853474478905603
33595,10456,10456,17,1.9980454856889995
33596,10457,10457,17,3.174253965311085
33597,10458,10458,17,9.25279939903447
33598,10459,10459,17,3.3656504389634057
33599,10460,10460,17,4.072274756294512
33600,10461,10461,17,1.9172248612048104
33601,10462,10462,17,10.08069996594566
33602,10463,10463,17,5.265872789555833
33603,10464,10464,17,1.0257592324319669
33604,10465,10465,17,2.953807304122627
33605,10466,10466,17,5.401133490442071
33606,10467,10467,17,12.362657744062602
33607,10468,10468,17,3.3122194023490845
33608,10469,10469,17,5.238473621154911
33609,10470,10470,17,13.094948818429913
33610,10471,10471,17,15.299472116570964
33611,10472,10472,17,9.503628337935924
33612,10473,10473,17,18.691215202048756
33613,10474,10474,17,31.513850517492276
33614,10475,10475,17,39.89232745544744
33615,10476,10476,17,30.90805683401984
33616,10477,10477,17,1.736484468116105
33617,10478,10478,17,12.969885846013758
33618,10479,10479,17,14.822218206887484
33619,10480,10480,17,28.80671202348724
33620,10481,10481,17,5.341616481745898
33621,10482,10482,17,4.06045955031202
33622,10483,10483,17,5.44976444555193
33623,10484,10484,17,5.50840893738932
33624,10485,10485,17,2.9767262596660853
33625,10486,10486,17,13.840107384837635
33626,10487,10487,17,17.85077129813514
33627,10488,10488,17,10.925044454363825
33628,10489,10489,17,8.81672908963592
33629,10490,10490,17,1.9985705233644544
33630,10491,10491,17,2.1819555541057585
33631,10492,10492,17,32.29940103092867
33632,10493,10493,17,12.004994688465253
33633,10494,10494,17,5.318344221459307
33634,10495,10495,17,11.022322775301037
33635,10496,10496,17,15.745232535245318
33636,10497,10497,17,4.811299163553801
33637,10498,10498,17,2.391400759945125
33638,10499,10499,17,0.7440170324445963
33639,10500,10500,17,3.5089313056521565
33640,10501,10501,17,8.013602975904686
33641,10502,10502,17,1.873012028080255
33642,10503,10503,17,4.175560994829267
33643,10504,10504,17,8.397776572088047
33644,10505,10505,17,7.13048568046835
33645,10506,10506,17,32.29906049848318
33646,10507,10507,17,39.517239279344366
33647,10508,10508,17,6.849764352677271
33648,10509,10509,17,0.7248388846067786
33649,10510,10510,17,14.581010881395152
33650,10511,10511,17,3.214553335922957
33651,10512,10512,17,2.171046965577543
33652,10513,10513,17,2.202357633146934
33653,10514,10514,17,40.096952673065886
33654,10515,10515,17,11.82829292419085
33655,10516,10516,17,8.96149517210329
33656,10517,10517,17,26.381096788388263
33657,10518,10518,17,14.852425845230009
33658,10519,10519,17,6.499778122379504
33659,10520,10520,17,45.79186752772127
33660,10521,10521,17,1.9262971122045067
33661,10522,10522,17,14.37491601537773
33662,10523,10523,17,24.56206951121247
33663,10524,10524,17,3.4048378572454583
33664,10525,10525,17,30.98089135096991
33665,10526,10526,17,26.924070112268367
33666,10527,10527,17,12.9590596588334
33667,10528,10528,17,4.899976520859644
33668,10529,10529,17,8.921269709977553
33669,10530,10530,17,7.675116793490927
33670,10531,10531,17,4.406127388836041
33671,10532,10532,17,1.0964532712142765
33672,10533,10533,17,1.7232464947856962
33673,10534,10534,17,1.4733294180283547
33674,10535,10535,17,2.154570505469258
33675,10536,10536,17,4.3601206031381485
33676,10537,10537,17,3.913129117855057
33677,10538,10538,17,2.4875543774194213
33678,10539,10539,17,3.087234330131471
33679,10540,10540,17,22.987610887456476
33680,10541,10541,17,2.0709000134986786
33681,10542,10542,17,1.5944701887799502
33682,10543,10543,17,2.376948687743776
33683,10544,10544,17,0.0152999235000088
33684,10545,10545,17,15.266148520086649
33685,10546,10546,17,28.989025206365763
33686,10547,10547,17,9.58779174281652
33687,10548,10548,17,29.23555167187904
33688,10549,10549,17,13.243506816666605
33689,10550,10550,17,5.898071894712538
33690,10551,10551,17,6.660071198620265
33691,10552,10552,17,1.3045401487576738
33692,10553,10553,17,4.930344979521614
33693,10554,10554,17,60.24853369543119
33694,10555,10555,17,5.896168547989026
33695,10556,10556,17,31.219986402676493
33696,10557,10557,17,36.82375512430901
33697,10558,10558,17,2.809710938951671
33698,10559,10559,17,0.0514768023037085
33699,10560,10560,17,27.6282091456992
33700,10561,10561,17,3.7397853187859504
33701,10562,10562,17,8.846435879350752
33702,10563,10563,17,6.372791173808068
33703,10564,10564,17,4.806341054696016
33704,10565,10565,17,14.85024230980807
33705,10566,10566,17,0.2643199188290536
33706,10567,10567,17,6.3448300766693935
33707,10568,10568,17,2.415430715673029
33708,10569,10569,17,1.236769639827326
33709,10570,10570,17,22.1861668447578
33710,10571,10571,17,25.85591063682276
33711,10572,10572,17,20.63554406666736
33712,10573,10573,17,8.260229099746386
33713,10574,10574,17,4.184205163257584
33714,10575,10575,17,1.7715449807427972
33715,10576,10576,17,2.8872604348466395
33716,10577,10577,17,1.4511902896562368
33717,10578,10578,17,7.084151081760421
33718,10579,10579,17,16.69564775272608
33719,10580,10580,17,2.5842084399932994
33720,10581,10581,17,4.28774201000659
33721,10582,10582,17,0.040499905499693
33722,10583,10583,17,22.53856391293895
33723,10584,10584,17,13.196836136560432
33724,10585,10585,17,5.40781105751127
33725,10586,10586,17,11.147239131488703
33726,10587,10587,17,7.398713285681933
33727,10588,10588,17,21.50186103708646
33728,10589,10589,17,7.425091649673402
33729,10590,10590,17,29.66176312237856
33730,10591,10591,17,32.82296366259711
33731,10592,10592,17,12.232387232909634
33732,10593,10593,17,24.337641138822303
33733,10594,10594,17,6.514494940940788
33734,10595,10595,17,6.400116298719886
33735,10596,10596,17,7.865648940016203
33736,10597,10597,17,19.57261713076
33737,10598,10598,17,17.945232473236455
33738,10599,10599,17,18.57486599962348
33739,10600,10600,17,2.728740147195537
33740,10601,10601,17,3.327824916594401
33741,10602,10602,17,21.562868005074424
33742,10603,10603,17,1.5869750875997095
33743,10604,10604,17,14.17604010018143
33744,10605,10605,17,25.13523417771415
33745,10606,10606,17,31.172772853376305
33746,10607,10607,17,3.0191268136276315
33747,10608,10608,17,37.96813583963805
33748,10609,10609,17,5.000563318856807
33749,10610,10610,17,13.672820573608051
33750,10611,10611,17,14.375214465351478
33751,10612,10612,17,7.390816189531991
33752,10613,10613,17,4.713807779486671
33753,10614,10614,17,6.654964818761371
33754,10615,10615,17,35.14637710025168
33755,10616,10616,17,3.48627940585018
33756,10617,10617,17,7.860921084647954
33757,10618,10618,17,5.810546493773624
33758,10619,10619,17,9.34598706209921
33759,10620,10620,17,1.99895914423614
33760,10621,10621,17,18.80490793888807
33761,10622,10622,17,10.47129344892156
33762,10623,10623,17,21.719230135115694
33763,10624,10624,17,12.787426213464236
33764,10625,10625,17,19.635832176057725
33765,10626,10626,17,1.660504172549395
33766,10627,10627,17,5.9318585741263385
33767,10628,10628,17,6.874155347255409
33768,10629,10629,17,2.3663636988712846
33769,10630,10630,17,9.631536413625382
33770,10631,10631,17,18.751036752655803
33771,10632,10632,17,23.817163584852324
33772,10633,10633,17,4.27765875009954
33773,10634,10634,17,43.97089011139651
33774,10635,10635,17,21.92457079001765
33775,10636,10636,17,16.27493421524374
33776,10637,10637,17,6.44139524224709
33777,10638,10638,17,17.92033987120111
33778,10639,10639,17,6.340960133295975
33779,10640,10640,17,4.048668263628267
33780,10641,10641,17,48.54400176254448
33781,10642,10642,17,3.572923032720257
33782,10643,10643,17,6.137806855587432
33783,10644,10644,17,22.43022351923731
33784,10645,10645,17,26.349928994512705
33785,10646,10646,17,30.65176217525729
33786,10647,10647,17,9.250036516979188
33787,10648,10648,17,0.939149847000748
33788,10649,10649,17,0.9283111760257372
33789,10650,10650,17,4.598901190628268
33790,10651,10651,17,10.23673705284958
33791,10652,10652,17,10.692406289432332
33792,10653,10653,17,37.22838249759902
33793,10654,10654,17,29.544289132214168
33794,10655,10655,17,28.498672008737945
33795,10656,10656,17,22.482527048031688
33796,10657,10657,17,14.664924784788072
33797,10658,10658,17,2.304047861169409
33798,10659,10659,17,15.084249941370755
33799,10660,10660,17,16.737499973136394
33800,10661,10661,17,50.64725595071399
33801,10662,10662,17,14.682140328252263
33802,10663,10663,17,5.689693999980934
33803,10664,10664,17,16.00146008105459
33804,10665,10665,17,5.259726049480468
33805,10666,10666,17,17.21159350691274
33806,10667,10667,17,13.894978918103364
33807,10668,10668,17,0.7960501844991743
33808,10669,10669,17,9.592691506234685
33809,10670,10670,17,6.242358286764145
33810,10671,10671,17,0.00171570655936
33811,10672,10672,17,13.523379404425947
33812,10673,10673,17,82.24201123447074
33813,10674,10674,17,3.6247882736021113
33814,10675,10675,17,3.213798846239932
33815,10676,10676,17,4.549775878612642
33816,10677,10677,17,3.484989707014788
33817,10678,10678,17,3.316191709551592
33818,10679,10679,17,8.00370046028377
33819,10680,10680,17,11.016899341714964
33820,10681,10681,17,7.782791227500327
33821,10682,10682,17,15.303067505628237
33822,10683,10683,17,3.1135921174083028
33823,10684,10684,17,5.163173493953004
33824,10685,10685,17,30.943158844329226
33825,10686,10686,17,2.2350175267086736
33826,10687,10687,17,0.349293553268075
33827,10688,10688,17,15.249431478998265
33828,10689,10689,17,257.7911744388967
33829,10690,10690,17,1.5740880381634257
33830,10691,10691,17,115.33676314754048
33831,10692,10692,17,0.7258499279999882
33832,10693,10693,17,0.0178765467851459
33833,10694,10694,17,19.19349433592263
33834,10695,10695,17,5.645274248917088
33835,10696,10696,17,8.974803981883571
33836,10697,10697,17,0.1418823822537958
33837,10698,10698,17,13.351768667301506
33838,10699,10699,17,90.48479584743136
33839,10700,10700,17,5.090038646960761
33840,10701,10701,17,19.838220475123787
33841,10702,10702,17,9.797429218877909
33842,10703,10703,17,0.5224503104992733
33843,10704,10704,17,10.350710175603387
33844,10705,10705,17,4.486515404017441
33845,10706,10706,17,11.47804533651652
33846,10707,10707,17,2.7716252559919954
33847,10708,10708,17,25.035502095356645
33848,10709,10709,17,4.330994527909368
33849,10710,10710,17,35.18935559808846
33850,10711,10711,17,18.03056700008184
33851,10712,10712,17,3.106681645796264
33852,10713,10713,17,3.9724135219227215
33853,10714,10714,17,3.3510374812001587
33854,10715,10715,17,51.039083763788696
33855,10716,10716,17,3.757865619715098
33856,10717,10717,17,0.7022922863439619
33857,10718,10718,17,1.873246975905408
33858,10719,10719,17,2.486511327249721
33859,10720,10720,17,6.7412098224549295
33860,10721,10721,17,6.7153456277367525
33861,10722,10722,17,11.149895103308529
33862,10723,10723,17,2.8527828430993707
33863,10724,10724,17,16.66176894865522
33864,10725,10725,17,14.477998230753528
33865,10726,10726,17,1.6125040552042051
33866,10727,10727,17,3.206096044553779
33867,10728,10728,17,3.2264994862444403
33868,10729,10729,17,22.52284979330209
33869,10730,10730,17,4.330899486695923
33870,10731,10731,17,2.660444296524048
33871,10732,10732,17,8.267595017750729
33872,10733,10733,17,2.185860672218903
33873,10734,10734,17,2.196339838949261
33874,10735,10735,17,39.77876039955555
33875,10736,10736,17,22.389181820529465
33876,10737,10737,17,54.74732336656059
33877,10738,10738,17,27.38826557354844
33878,10739,10739,17,3.937134142955527
33879,10740,10740,17,41.92856082740971
33880,10741,10741,17,5.656931629444517
33881,10742,10742,17,39.590417970520704
33882,10743,10743,17,1.3476439186941758
33883,10744,10744,17,35.11925093141985
33884,10745,10745,17,2.1991637986454964
33885,10746,10746,17,2.0897860933554173
33886,10747,10747,17,6.924849013013125
33887,10748,10748,17,1.6613322770490646
33888,10749,10749,17,2.250405348526649
33889,10750,10750,17,13.3500133209161
33890,10751,10751,17,1.8439053803972492
33891,10752,10752,17,2.162894160601206
33892,10753,10753,17,2.860864676297634
33893,10754,10754,17,2.9909347792040637
33894,10755,10755,17,4.987885639934018
33895,10756,10756,17,11.033539114766212
33896,10757,10757,17,6.40525478017011
33897,10758,10758,17,2.29362169813052
33898,10759,10759,17,107.44765969672493
33899,10760,10760,17,3.778048020057108
33900,10761,10761,17,28.11634246322069
33901,10762,10762,17,10.101076845700897
33902,10763,10763,17,44.709412986484494
33903,10764,10764,17,7.745810734826614
33904,10765,10765,17,3.917498160653204
33905,10766,10766,17,1.6778027123467625
33906,10767,10767,17,21.744138752487697
33907,10768,10768,17,8.067840580280578
33908,10769,10769,17,25.28333355797734
33909,10770,10770,17,24.801736474766464
33910,10771,10771,17,44.78945737091095
33911,10772,10772,17,98.00421222684278
33912,10773,10773,17,6.441600066093822
33913,10774,10774,17,17.196177992859173
33914,10775,10775,17,4.276967486299498
33915,10776,10776,17,3.544374778707436
33916,10777,10777,17,20.832675425011303
33917,10778,10778,17,35.751034707298
33918,10779,10779,17,10.474307262359858
33919,10780,10780,17,15.246079041406416
33920,10781,10781,17,3.9924481761703454
33921,10782,10782,17,5.372765160066265
33922,10783,10783,17,0.7708500945004075
33923,10784,10784,17,0.3903567140790522
33924,10785,10785,17,7.496174924944006
33925,10786,10786,17,3.7752397855783606
33926,10787,10787,17,16.050128228900387
33927,10788,10788,17,5.964474899677314
33928,10789,10789,17,0.769325208319962
33929,10790,10790,17,16.392538852910043
33930,10791,10791,17,3.1775265218957065
33931,10792,10792,17,5.5381338781908
33932,10793,10793,17,7.861816307900743
33933,10794,10794,17,8.40670428625548
33934,10795,10795,17,63.59838044084376
33935,10796,10796,17,3.09742492117474
33936,10797,10797,17,27.94042538932392
33937,10798,10798,17,11.845532452086138
33938,10799,10799,17,11.46038115305467
33939,10800,10800,17,6.282708809977218
33940,10801,10801,17,37.030699249487625
33941,10802,10802,17,3.713213286169604
33942,10803,10803,17,1.648115926754279
33943,10804,10804,17,6.540585189300924
33944,10805,10805,17,4.305331795656592
33945,10806,10806,17,5.412130391458295
33946,10807,10807,17,15.60965058314526
33947,10808,10808,17,3.6787125319974328
33948,10809,10809,17,1.4894892249363365
33949,10810,10810,17,21.38630775831729
33950,10811,10811,17,1.4890580481513285
33951,10812,10812,17,6.857544282268822
33952,10813,10813,17,3.601738997763187
33953,10814,10814,17,37.982065004827
33954,10815,10815,17,49.08888561616956
33955,10816,10816,17,22.75881494469002
33956,10817,10817,17,94.98998402030544
33957,10818,10818,17,0.7274548281499781
33958,10819,10819,17,24.494634367030443
33959,10820,10820,17,10.137111911814046
33960,10821,10821,17,5.385488536810063
33961,10822,10822,17,16.905037752118613
33962,10823,10823,17,7.049788541418872
33963,10824,10824,17,7.704585948146313
33964,10825,10825,17,33.510526655198305
33965,10826,10826,17,8.872736475265016
33966,10827,10827,17,19.589740308115477
33967,10828,10828,17,29.40624578293446
33968,10829,10829,17,7.23524757939782
33969,10830,10830,17,18.448504914535736
33970,10831,10831,17,8.436087230105043
33971,10832,10832,17,29.526360104976582
33972,10833,10833,17,5.987941207423121
33973,10834,10834,17,1.3654468937700857
33974,10835,10835,17,1.7897132038053274
33975,10836,10836,17,3.513831083283678
33976,10837,10837,17,1.2846084778004438
33977,10838,10838,17,7.399259660415584
33978,10839,10839,17,3.704328664969101
33979,10840,10840,17,54.55495406177033
33980,10841,10841,17,3.8037764943588
33981,10842,10842,17,19.20259929699261
33982,10843,10843,17,35.13089184192741
33983,10844,10844,17,1.9046237882330752
33984,10845,10845,17,8.358975680765573
33985,10846,10846,17,67.80677184178842
33986,10847,10847,17,18.20882118399413
33987,10848,10848,17,33.43190971435054
33988,10849,10849,17,4.57159797535838
33989,10850,10850,17,33.12081623713093
33990,10851,10851,17,63.83033343437444
33991,10852,10852,17,65.48623012752859
33992,10853,10853,17,32.44456947646265
33993,10854,10854,17,2.336927269909322
33994,10855,10855,17,1.1708227075892612
33995,10856,10856,17,26.853620238414205
33996,10857,10857,17,53.23872998658987
33997,10858,10858,17,34.24608363199576
33998,10859,10859,17,0.5200160800039316
33999,10860,10860,17,37.01700833998425
34000,10861,10861,17,43.70947241408939
34001,10862,10862,17,24.297435277622004
34002,10863,10863,17,13.025482496821528
34003,10864,10864,17,2.3617759017220363
34004,10865,10865,17,27.369971672748303
34005,10866,10866,17,28.45074649856005
34006,10867,10867,17,10.937506466963928
34007,10868,10868,17,30.846439773590276
34008,10869,10869,17,3.877423174605655
34009,10870,10870,17,2.6135092598113547
34010,10871,10871,17,11.047978507486972
34011,10872,10872,17,23.924293043318883
34012,10873,10873,17,13.32760601167874
34013,10874,10874,17,33.92221338664835
34014,10875,10875,17,34.46968722986253
34015,10876,10876,17,20.28282389841424
34016,10877,10877,17,15.249626592087052
34017,10878,10878,17,2.701799030036152
34018,10879,10879,17,51.63030144244081
34019,10880,10880,17,7.182992311803635
34020,10881,10881,17,3.843063775335141
34021,10882,10882,17,32.82768848273679
34022,10883,10883,17,2.1083549441176204
34023,10884,10884,17,7.557720213758468
34024,10885,10885,17,4.565234468195416
34025,10886,10886,17,15.329601056558698
34026,10887,10887,17,1.282644589981368
34027,10888,10888,17,24.63466270548776
34028,10889,10889,17,1.4273401142433324
34029,10890,10890,17,36.24229692827555
34030,10891,10891,17,24.83513930440338
34031,10892,10892,17,9.32481148759596
34032,10893,10893,17,7.898885900080875
34033,10894,10894,17,20.289564198914967
34034,10895,10895,17,5.212600104354888
34035,10896,10896,17,14.333150062144
34036,10897,10897,17,38.686315194825966
34037,10898,10898,17,3.892685129179504
34038,10899,10899,17,2.8294100081533493
34039,10900,10900,17,4.95468984334863
34040,10901,10901,17,6.372821428966224
34041,10902,10902,17,2.988528818533778
34042,10903,10903,17,20.7281715828706
34043,10904,10904,17,19.662027953626097
34044,10905,10905,17,4.830991284162551
34045,10906,10906,17,11.24795827483622
34046,10907,10907,17,11.073660512122023
34047,10908,10908,17,57.13556752764748
34048,10909,10909,17,1.4656215912287207
34049,10910,10910,17,20.18627968564537
34050,10911,10911,17,4.297074673096255
34051,10912,10912,17,24.41814602375436
34052,10913,10913,17,24.96515151473187
34053,10914,10914,17,10.211798795752127
34054,10915,10915,17,48.030820514815545
34055,10916,10916,17,13.02877947822614
34056,10917,10917,17,6.707168057414047
34057,10918,10918,17,1.9796318955634025
34058,10919,10919,17,13.000723457029164
34059,10920,10920,17,2.970226884971704
34060,10921,10921,17,17.84727611528757
34061,10922,10922,17,4.956474217710935
34062,10923,10923,17,3.225528542388588
34063,10924,10924,17,2.9144581304553
34064,10925,10925,17,51.5905351086785
34065,10926,10926,17,3.3083775704709533
34066,10927,10927,17,2.7970753061144946
34067,10928,10928,17,6.540874423886209
34068,10929,10929,17,1.5744406517480016
34069,10930,10930,17,1.726246858711727
34070,10931,10931,17,2.0439572728664595
34071,10932,10932,17,5.130091817382267
34072,10933,10933,17,1.253163606288135
34073,10934,10934,17,7.69754070505479
34074,10935,10935,17,4.471143114423934
34075,10936,10936,17,7.761366788014308
34076,10937,10937,17,27.74993875925388
34077,10938,10938,17,18.541463625890295
34078,10939,10939,17,2.271579278252838
34079,10940,10940,17,1.7740183321104432
34080,10941,10941,17,26.986924181021767
34081,10942,10942,17,7.513017713171277
34082,10943,10943,17,1.2692078853107662
34083,10944,10944,17,1.117351213495612
34084,10945,10945,17,2.0359230036579965
34085,10946,10946,17,7.671475422844498
34086,10947,10947,17,8.49389850259149
34087,10948,10948,17,3.08270612388119
34088,10949,10949,17,3.0754045654035806
34089,10950,10950,17,3.742190529122824
34090,10951,10951,17,4.616267756792486
34091,10952,10952,17,15.113437487683164
34092,10953,10953,17,3.5517131954964847
34093,10954,10954,17,2.6741310650286656
34094,10955,10955,17,5.528914328614771
34095,10956,10956,17,1.4112695940966644
34096,10957,10957,17,9.41862111855647
34097,10958,10958,17,3.423195246726645
34098,10959,10959,17,15.21883208917955
34099,10960,10960,17,20.1723176363356
34100,10961,10961,17,1.9434456806773468
34101,10962,10962,17,6.746801304581344
34102,10963,10963,17,25.258653248731022
34103,10964,10964,17,12.700320408155758
34104,10965,10965,17,6.899850965647988
34105,10966,10966,17,5.119552217520021
34106,10967,10967,17,2.4976611133817808
34107,10968,10968,17,1.7599150477967018
34108,10969,10969,17,25.98620871092705
34109,10970,10970,17,25.57441761658503
34110,10971,10971,17,2.3318237174811576
34111,10972,10972,17,18.31629790143477
34112,10973,10973,17,1.4950276614117175
34113,10974,10974,17,5.611362517193012
34114,10975,10975,17,2.365274332364768
34115,10976,10976,17,6.121787808094591
34116,10977,10977,17,11.683877990506105
34117,10978,10978,17,1.3706702545301588
34118,10979,10979,17,14.633661878004066
34119,10980,10980,17,29.97838967447286
34120,10981,10981,17,11.398872120649152
34121,10982,10982,17,12.947893173138665
34122,10983,10983,17,1.60023450370994
34123,10984,10984,17,15.34179546875529
34124,10985,10985,17,4.841153469241664
34125,10986,10986,17,9.275995253213791
34126,10987,10987,17,3.824405718785606
34127,10988,10988,17,23.30311202536349
34128,10989,10989,17,3.200261144559289
34129,10990,10990,17,4.34072841587472
34130,10991,10991,17,5.21162303340812
34131,10992,10992,17,6.528675299804937
34132,10993,10993,17,2.7888572658706754
34133,10994,10994,17,9.340949003606871
34134,10995,10995,17,3.291871282112498
34135,10996,10996,17,11.162971615911902
34136,10997,10997,17,11.36104479681468
34137,10998,10998,17,24.51385535168836
34138,10999,10999,17,3.9318616789146272
34139,11000,11000,17,7.363137898089357
34140,11001,11001,17,6.11077944835791
34141,11002,11002,17,1.687720466143608
34142,11003,11003,17,18.63778101499766
34143,11004,11004,17,49.33651803101444
34144,11005,11005,17,13.343816461655855
34145,11006,11006,17,10.03773357434275
34146,11007,11007,17,12.51396156132924
34147,11008,11008,17,4.21163929366425
34148,11009,11009,17,1.429891003936153
34149,11010,11010,17,3.935458744063973
34150,11011,11011,17,7.077953196363181
34151,11012,11012,17,0.2790966371393837
34152,11013,11013,17,56.20104294777398
34153,11014,11014,17,10.954596520688291
34154,11015,11015,17,3.120409429027528
34155,11016,11016,17,11.419253273812004
34156,11017,11017,17,15.91865009671098
34157,11018,11018,17,14.077846579962053
34158,11019,11019,17,36.33150444069933
34159,11020,11020,17,15.091346099278494
34160,11021,11021,17,42.41981064654
34161,11022,11022,17,42.729640685465135
34162,11023,11023,17,11.426107529655106
34163,11024,11024,17,19.302108288393125
34164,11025,11025,17,3.8944982182883545
34165,11026,11026,17,1.4902358196607512
34166,11027,11027,17,8.962265146393836
34167,11028,11028,17,18.281185398112967
34168,11029,11029,17,0.9462649729828388
34169,11030,11030,17,9.563934707522332
34170,11031,11031,17,12.20956329505238
34171,11032,11032,17,38.16737637784208
34172,11033,11033,17,42.51519150757007
34173,11034,11034,17,45.54200591724154
34174,11035,11035,17,25.30245422112439
34175,11036,11036,17,9.485846689067015
34176,11037,11037,17,1.3386936155017617
34177,11038,11038,17,2.294156505997896
34178,11039,11039,17,27.166707251141336
34179,11040,11040,17,8.672613271319923
34180,11041,11041,17,10.044964870760664
34181,11042,11042,17,2.641465079280948
34182,11043,11043,17,37.94450033691187
34183,11044,11044,17,13.687903542848982
34184,11045,11045,17,4.5833956657420245
34185,11046,11046,17,2.814403353341371
34186,11047,11047,17,1.3353156684975884
34187,11048,11048,17,12.2599811311564
34188,11049,11049,17,19.058926539656163
34189,11050,11050,17,10.630273730339482
34190,11051,11051,17,19.08153983193316
34191,11052,11052,17,19.12661111756772
34192,11053,11053,17,45.04245972645059
34193,11054,11054,17,2.668790498541836
34194,11055,11055,17,9.20017986621249
34195,11056,11056,17,3.828290510522856
34196,11057,11057,17,4.503209100513901
34197,11058,11058,17,1.9155201492486875
34198,11059,11059,17,12.07933405161707
34199,11060,11060,17,1.2551831267667115
34200,11061,11061,17,8.292031669612145
34201,11062,11062,17,30.25173068565434
34202,11063,11063,17,21.082920376345545
34203,11064,11064,17,10.26153718388614
34204,11065,11065,17,3.1423651170293967
34205,11066,11066,17,3.465917486352954
34206,11067,11067,17,17.36303049171647
34207,11068,11068,17,1.742175355206579
34208,11069,11069,17,3.583575306291692
34209,11070,11070,17,2.840884021629274
34210,11071,11071,17,0.411265856870383
34211,11072,11072,17,6.388439866272315
34212,11073,11073,17,5.537368637830868
34213,11074,11074,17,13.182145452293724
34214,11075,11075,17,3.4476960346008334
34215,11076,11076,17,34.147620006048484
34216,11077,11077,17,4.31861379695822
34217,11078,11078,17,5.751577117886061
34218,11079,11079,17,16.569988687607104
34219,11080,11080,17,5.838730548775167
34220,11081,11081,17,9.745765983784556
34221,11082,11082,17,12.526553345939517
34222,11083,11083,17,57.79704411085856
34223,11084,11084,17,8.974582668000807
34224,11085,11085,17,9.620998714773402
34225,11086,11086,17,29.0221249383963
34226,11087,11087,17,15.765192063488096
34227,11088,11088,17,2.7531085270020013
34228,11089,11089,17,2.9893928837071067
34229,11090,11090,17,9.800156444805902
34230,11091,11091,17,3.737441953810528
34231,11092,11092,17,5.045208257694229
34232,11093,11093,17,0.4018501845001951
34233,11094,11094,17,17.039196705618412
34234,11095,11095,17,34.283457741138044
34235,11096,11096,17,20.33669614723459
34236,11097,11097,17,2.034776954749778
34237,11098,11098,17,3.7548197981355935
34238,11099,11099,17,3.741403409112571
34239,11100,11100,17,46.24690394441317
34240,11101,11101,17,1.7557073887524008
34241,11102,11102,17,3.305874463191964
34242,11103,11103,17,15.598413105655393
34243,11104,11104,17,0.0323998650001883
34244,11105,11105,17,45.85807625325365
34245,11106,11106,17,2.0094732307489047
34246,11107,11107,17,14.122345455050402
34247,11108,11108,17,15.749104936472405
34248,11109,11109,17,45.21537415798533
34249,11110,11110,17,7.702826296516962
34250,11111,11111,17,11.594147541000687
34251,11112,11112,17,14.196372046206914
34252,11113,11113,17,16.76736095328115
34253,11114,11114,17,12.506189556716382
34254,11115,11115,17,18.060064692161085
34255,11116,11116,17,18.20858412883277
34256,11117,11117,17,32.32325245445323
34257,11118,11118,17,16.743846614046166
34258,11119,11119,17,11.293322614415985
34259,11120,11120,17,14.744855096486804
34260,11121,11121,17,69.05912301104271
34261,11122,11122,17,57.91176762496051
34262,11123,11123,17,22.45966614717153
34263,11124,11124,17,20.245784725838355
34264,11125,11125,17,15.018057098558932
34265,11126,11126,17,18.444371596563936
34266,11127,11127,17,46.263435501275154
34267,11128,11128,17,15.860902909224096
34268,11129,11129,17,7.714666406472463
34269,11130,11130,17,4.612633571029775
34270,11131,11131,17,37.22862119945203
34271,11132,11132,17,7.046877770050728
34272,11133,11133,17,11.1822884499622
34273,11134,11134,17,25.67931150129662
34274,11135,11135,17,36.50618571475408
34275,11136,11136,17,11.002114613758922
34276,11137,11137,17,14.712660382614269
34277,11138,11138,17,22.464089000878516
34278,11139,11139,17,3.267732558911145
34279,11140,11140,17,9.415557333612895
34280,11141,11141,17,4.165523291177133
34281,11142,11142,17,1.5702539979820975
34282,11143,11143,17,4.085882390813235
34283,11144,11144,17,0.603458655694127
34284,11145,11145,17,35.02241649837079
34285,11146,11146,17,20.512523887436732
34286,11147,11147,17,6.813166189667702
34287,11148,11148,17,5.335082763012736
34288,11149,11149,17,5.3880515762427335
34289,11150,11150,17,3.264950123577584
34290,11151,11151,17,9.664918352109686
34291,11152,11152,17,29.637181562385877
34292,11153,11153,17,0.3784186222432851
34293,11154,11154,17,2.502481404757619
34294,11155,11155,17,1.6411507649994197
34295,11156,11156,17,11.505971218105897
34296,11157,11157,17,48.02227760739195
34297,11158,11158,17,11.243404958016155
34298,11159,11159,17,8.994606287244313
34299,11160,11160,17,2.2088092335191964
34300,11161,11161,17,6.3468791387267975
34301,11162,11162,17,8.11796413818361
34302,11163,11163,17,9.755135542320192
34303,11164,11164,17,3.0366992022810875
34304,11165,11165,17,25.173350910230656
34305,11166,11166,17,0.3276741746510193
34306,11167,11167,17,20.942476954849592
34307,11168,11168,17,2.4336402635795475
34308,11169,11169,17,3.327479827218789
34309,11170,11170,17,1.71033903011173
34310,11171,11171,17,2.439790307594085
34311,11172,11172,17,0.4344191476780027
34312,11173,11173,17,8.22448067682442
34313,11174,11174,17,54.40414386771855
34314,11175,11175,17,16.3959130669684
34315,11176,11176,17,61.989093839311714
34316,11177,11177,17,0.1359675205995887
34317,11178,11178,17,26.05962919590967
34318,11179,11179,17,6.9509525814922775
34319,11180,11180,17,5.825243889207542
34320,11181,11181,17,8.982066273213864
34321,11182,11182,17,11.43610889729637
34322,11183,11183,17,2.418880391281498
34323,11184,11184,17,1.0633611943861572
34324,11185,11185,17,14.81398923761165
34325,11186,11186,17,0.4041057024847269
34326,11187,11187,17,9.440116150800971
34327,11188,11188,17,11.398027323216391
34328,11189,11189,17,0.3464998334996402
34329,11190,11190,17,1.228049496000301
34330,11191,11191,17,35.91130156302655
34331,11192,11192,17,5.146248558478895
34332,11193,11193,17,1.927196757655904
34333,11194,11194,17,5.553603300845363
34334,11195,11195,17,26.74414124612546
34335,11196,11196,17,0.9673096448722632
34336,11197,11197,17,56.09202975540205
34337,11198,11198,17,58.50631987558862
34338,11199,11199,17,14.980187308932871
34339,11200,11200,17,36.093312577798464
34340,11201,11201,17,10.273650752273
34341,11202,11202,17,1.8147106764655483
34342,11203,11203,17,2.9260396025342645
34343,11204,11204,17,56.81526863230866
34344,11205,11205,17,74.2157314217051
34345,11206,11206,17,13.786728903877972
34346,11207,11207,17,5.199671244615525
34347,11208,11208,17,29.202258834497872
34348,11209,11209,17,6.819341134017043
34349,11210,11210,17,9.685459685368864
34350,11211,11211,17,3.706091012131468
34351,11212,11212,17,3.605035950194627
34352,11213,11213,17,6.189213347802937
34353,11214,11214,17,7.77076583354941
34354,11215,11215,17,6.672734413955714
34355,11216,11216,17,11.153652311160348
34356,11217,11217,17,4.433544871892881
34357,11218,11218,17,4.540385150332056
34358,11219,11219,17,1.5727668476134309
34359,11220,11220,17,14.573194862334892
34360,11221,11221,17,16.143557046945872
34361,11222,11222,17,3.841448113217275
34362,11223,11223,17,19.8797797202906
34363,11224,11224,17,14.34047082420996
34364,11225,11225,17,4.450482903009235
34365,11226,11226,17,1.9958281195431649
34366,11227,11227,17,3.072088378947532
34367,11228,11228,17,5.369610295576424
34368,11229,11229,17,4.081739947416239
34369,11230,11230,17,12.26444450019148
34370,11231,11231,17,1.8478839231456703
34371,11232,11232,17,6.307771239167653
34372,11233,11233,17,2.5244527825147256
34373,11234,11234,17,10.141205868510497
34374,11235,11235,17,2.187041159970914
34375,11236,11236,17,17.996399360989898
34376,11237,11237,17,9.835453171015889
34377,11238,11238,17,3.406246027981758
34378,11239,11239,17,8.442112456844091
34379,11240,11240,17,15.308888033652355
34380,11241,11241,17,10.680788598502204
34381,11242,11242,17,10.77116187851019
34382,11243,11243,17,10.155152687753104
34383,11244,11244,17,14.85222584145451
34384,11245,11245,17,15.22082115580652
34385,11246,11246,17,3.5494751665934623
34386,11247,11247,17,1.3705044253259435
34387,11248,11248,17,1.601419998580515
34388,11249,11249,17,14.490821615086936
34389,11250,11250,17,37.87612815992312
34390,11251,11251,17,2.38466331263829
34391,11252,11252,17,1.286891803706158
34392,11253,11253,17,3.752010756157279
34393,11254,11254,17,4.4767644823810215
34394,11255,11255,17,3.770019424616851
34395,11256,11256,17,1.906873448571801
34396,11257,11257,17,2.038288179164132
34397,11258,11258,17,1.410873588243112
34398,11259,11259,17,4.4337153600193
34399,11260,11260,17,25.268632118272244
34400,11261,11261,17,2.409122123834185
34401,11262,11262,17,12.388445982885658
34402,11263,11263,17,10.503252772840158
34403,11264,11264,17,20.91259860415383
34404,11265,11265,17,3.383768989294471
34405,11266,11266,17,7.378030653487187
34406,11267,11267,17,8.972585676150427
34407,11268,11268,17,51.63569991941274
34408,11269,11269,17,2.5122639876441286
34409,11270,11270,17,9.0747362370736
34410,11271,11271,17,5.005764356929064
34411,11272,11272,17,8.216115543688506
34412,11273,11273,17,14.09848436630813
34413,11274,11274,17,10.68058201956162
34414,11275,11275,17,24.1291680884327
34415,11276,11276,17,21.454442773569955
34416,11277,11277,17,0.0398073974310904
34417,11278,11278,17,12.45370900650494
34418,11279,11279,17,20.578989720000543
34419,11280,11280,17,15.67674773094894
34420,11281,11281,17,19.81610233656439
34421,11282,11282,17,6.939558010051787
34422,11283,11283,17,44.30374173347205
34423,11284,11284,17,4.270743817894735
34424,11285,11285,17,3.528616770054668
34425,11286,11286,17,1.6843885480507612
34426,11287,11287,17,16.242369443444577
34427,11288,11288,17,2.582360169925332
34428,11289,11289,17,60.78522141711124
34429,11290,11290,17,49.32748508607197
34430,11291,11291,17,25.194854674912943
34431,11292,11292,17,43.38273156318755
34432,11293,11293,17,3.8010298728199454
34433,11294,11294,17,0.0715298455937244
34434,11295,11295,17,26.10200441979845
34435,11296,11296,17,1.9357150010891624
34436,11297,11297,17,93.719281456514
34437,11298,11298,17,26.58281897098154
34438,11299,11299,17,8.51417807180372
34439,11300,11300,17,12.494521550196108
34440,11301,11301,17,17.37079173092091
34441,11302,11302,17,3.645108233070057
34442,11303,11303,17,8.41727811481304
34443,11304,11304,17,26.301122281179964
34444,11305,11305,17,19.84773419510715
34445,11306,11306,17,65.71844268750942
34446,11307,11307,17,9.843724777909594
34447,11308,11308,17,4.590404250102505
34448,11309,11309,17,11.300896105397404
34449,11310,11310,17,20.35938532200755
34450,11311,11311,17,10.768914056998655
34451,11312,11312,17,9.712561684378937
34452,11313,11313,17,10.362387915148766
34453,11314,11314,17,16.19038396386731
34454,11315,11315,17,15.590865626627885
34455,11316,11316,17,10.433327194820142
34456,11317,11317,17,40.80756215283212
34457,11318,11318,17,17.809809986335082
34458,11319,11319,17,16.467183887883415
34459,11320,11320,17,14.615873020984113
34460,11321,11321,17,5.108193527619033
34461,11322,11322,17,14.762144677690298
34462,11323,11323,17,6.528705173809886
34463,11324,11324,17,22.40835218171384
34464,11325,11325,17,7.172398232293085
34465,11326,11326,17,12.899756257012225
34466,11327,11327,17,16.4622692275742
34467,11328,11328,17,15.81122249941193
34468,11329,11329,17,3.729599797730327
34469,11330,11330,17,24.862228176359952
34470,11331,11331,17,15.95637131940616
34471,11332,11332,17,1.1573116827991965
34472,11333,11333,17,5.065288875201106
34473,11334,11334,17,2.836868792082414
34474,11335,11335,17,29.340682988971373
34475,11336,11336,17,1.3973978184350748
34476,11337,11337,17,4.758079923244074
34477,11338,11338,17,72.65935228976706
34478,11339,11339,17,6.618308110693438
34479,11340,11340,17,6.19420982481724
34480,11341,11341,17,16.63690152127467
34481,11342,11342,17,13.958958654232346
34482,11343,11343,17,5.375749486315206
34483,11344,11344,17,9.957100347189076
34484,11345,11345,17,19.98472381031829
34485,11346,11346,17,17.876475478679087
34486,11347,11347,17,11.892208116117397
34487,11348,11348,17,17.699027186302555
34488,11349,11349,17,7.766864828074991
34489,11350,11350,17,22.51449787365411
34490,11351,11351,17,20.423515524216945
34491,11352,11352,17,11.290230137361736
34492,11353,11353,17,24.473981817269824
34493,11354,11354,17,18.23371768524626
34494,11355,11355,17,19.30465560391187
34495,11356,11356,17,9.729362378552644
34496,11357,11357,17,4.038093199253828
34497,11358,11358,17,5.32469508819346
34498,11359,11359,17,15.198970649451852
34499,11360,11360,17,5.121678815040378
34500,11361,11361,17,0.0562501575000286
34501,11362,11362,17,15.751504090274244
34502,11363,11363,17,23.965045891753864
34503,11364,11364,17,27.700286552822128
34504,11365,11365,17,3.55896560717645
34505,11366,11366,17,24.826015383558243
34506,11367,11367,17,20.384585241912305
34507,11368,11368,17,12.297435279480757
34508,11369,11369,17,14.732265139029094
34509,11370,11370,17,40.21283060144744
34510,11371,11371,17,24.48974160528409
34511,11372,11372,17,4.56963760407789
34512,11373,11373,17,1.8781907831901836
34513,11374,11374,17,23.228397970264464
34514,11375,11375,17,11.658300841731608
34515,11376,11376,17,1.5107353271991015
34516,11377,11377,17,3.288326664070793
34517,11378,11378,17,1.3730437314890864
34518,11379,11379,17,3.3373651047821045
34519,11380,11380,17,3.310579325459108
34520,11381,11381,17,13.66273487990015
34521,11382,11382,17,23.40166458159588
34522,11383,11383,17,13.246496209021338
34523,11384,11384,17,18.77257842872311
34524,11385,11385,17,8.316488880308977
34525,11386,11386,17,5.9026118441993
34526,11387,11387,17,5.76289539490236
34527,11388,11388,17,1.2652044025980178
34528,11389,11389,17,27.954337619637347
34529,11390,11390,17,6.238462704357557
34530,11391,11391,17,5.861862576615334
34531,11392,11392,17,5.364439057441382
34532,11393,11393,17,2.426579772497032
34533,11394,11394,17,2.263318063949839
34534,11395,11395,17,9.585487509202958
34535,11396,11396,17,24.816735820275618
34536,11397,11397,17,40.1841326579593
34537,11398,11398,17,43.89619102514827
34538,11399,11399,17,11.35640274441016
34539,11400,11400,17,19.65097531739545
34540,11401,11401,17,15.504823607103466
34541,11402,11402,17,34.40856550097579
34542,11403,11403,17,6.185603009924473
34543,11404,11404,17,11.165635727197
34544,11405,11405,17,1.96164590590368
34545,11406,11406,17,11.02744259173554
34546,11407,11407,17,20.44414265502156
34547,11408,11408,17,21.046902579656347
34548,11409,11409,17,2.335520037364714
34549,11410,11410,17,74.56415041271893
34550,11411,11411,17,24.90280695982995
34551,11412,11412,17,15.415133815687682
34552,11413,11413,17,26.404339293466776
34553,11414,11414,17,2.986113136528685
34554,11415,11415,17,64.40060578092186
34555,11416,11416,17,7.0438500305896765
34556,11417,11417,17,3.650699832270712
34557,11418,11418,17,4.31295070772998
34558,11419,11419,17,4.964554799517207
34559,11420,11420,17,13.52427357659228
34560,11421,11421,17,38.08378073053844
34561,11422,11422,17,3.646392103856351
34562,11423,11423,17,42.806980977636215
34563,11424,11424,17,5.79388659546532
34564,11425,11425,17,5.576893798226219
34565,11426,11426,17,3.667038075175817
34566,11427,11427,17,20.87181680650604
34567,11428,11428,17,14.178103914925698
34568,11429,11429,17,2.190419660527816
34569,11430,11430,17,20.08536443170786
34570,11431,11431,17,31.98026548476589
34571,11432,11432,17,17.120747023108148
34572,11433,11433,17,0.8945530938901454
34573,11434,11434,17,22.63544908387415
34574,11435,11435,17,16.225652185144313
34575,11436,11436,17,0.3703707154655755
34576,11437,11437,17,3.2450997246123365
34577,11438,11438,17,2.509929496921941
34578,11439,11439,17,87.26051116383148
34579,11440,11440,17,10.10849016010091
34580,11441,11441,17,3.2604649476694614
34581,11442,11442,17,5.269483210910067
34582,11443,11443,17,39.71407851260677
34583,11444,11444,17,6.0013432411500816
34584,11445,11445,17,12.330017542787967
34585,11446,11446,17,15.521744577564313
34586,11447,11447,17,25.73265129256636
34587,11448,11448,17,6.297538234130431
34588,11449,11449,17,19.768924837949395
34589,11450,11450,17,11.61917367403698
34590,11451,11451,17,5.507249938516847
34591,11452,11452,17,6.141795500432044
34592,11453,11453,17,13.826787980139564
34593,11454,11454,17,2.109766105436833
34594,11455,11455,17,13.4464182173338
34595,11456,11456,17,14.527831737670152
34596,11457,11457,17,10.417163397333963
34597,11458,11458,17,5.614086346165903
34598,11459,11459,17,21.89892514386901
34599,11460,11460,17,20.59731418623509
34600,11461,11461,17,1.4307334289756193
34601,11462,11462,17,16.57594411549828
34602,11463,11463,17,5.16535818391506
34603,11464,11464,17,6.993167963076442
34604,11465,11465,17,5.4568887483375965
34605,11466,11466,17,1.917111262075044
34606,11467,11467,17,2.2202821345150374
34607,11468,11468,17,13.684817902192073
34608,11469,11469,17,24.818533150801496
34609,11470,11470,17,20.953971961019537
34610,11471,11471,17,30.23802871398193
34611,11472,11472,17,4.393090278675735
34612,11473,11473,17,6.315109896825924
34613,11474,11474,17,1.048783583013594
34614,11475,11475,17,29.420716578974943
34615,11476,11476,17,3.8429108764448463
34616,11477,11477,17,0.5342386690548062
34617,11478,11478,17,2.232899878499404
34618,11479,11479,17,1.5493448519461703
34619,11480,11480,17,48.31725628958464
34620,11481,11481,17,29.24214452609123
34621,11482,11482,17,74.53925545724317
34622,11483,11483,17,0.5053499909995794
34623,11484,11484,17,6.572754367652536
34624,11485,11485,17,13.170721676197632
34625,11486,11486,17,2.569773879650792
34626,11487,11487,17,6.462938207360074
34627,11488,11488,17,5.02435671221494
34628,11489,11489,17,7.170759787328482
34629,11490,11490,17,1.5302948925980973
34630,11491,11491,17,28.629851920144745
34631,11492,11492,17,2.580073841774337
34632,11493,11493,17,2.8887221591304213
34633,11494,11494,17,6.133614962099582
34634,11495,11495,17,11.89888849835424
34635,11496,11496,17,0.155100500044506
34636,11497,11497,17,5.1683997069523935
34637,11498,11498,17,0.5138999144997001
34638,11499,11499,17,9.650709038999867
34641,11500,11500,17,3.397304251766108
34645,11501,11501,17,19.26237364774781
34646,11502,11502,17,14.09768681372086
34647,11503,11503,17,12.960874245256305
34648,11504,11504,17,5.486665554295849
34649,11505,11505,17,2.76426512478894
34650,11506,11506,17,1.4994849427168369
34651,11507,11507,17,17.03971090801593
34652,11508,11508,17,22.209739654476493
34653,11509,11509,17,2.489411362006709
34654,11510,11510,17,0.9251884399982206
34655,11511,11511,17,21.695780525021046
34656,11512,11512,17,18.65616957398037
34657,11513,11513,17,19.15523634498489
34658,11514,11514,17,24.77421475750643
34659,11515,11515,17,2.8394794371157883
34660,11516,11516,17,3.995570274884172
34661,11517,11517,17,5.857422827561558
34662,11518,11518,17,7.287526542440408
34663,11519,11519,17,4.65440453144113
34664,11520,11520,17,16.259795347062013
34665,11521,11521,17,4.061287102030903
34666,11522,11522,17,0.6191632444696463
34667,11523,11523,17,4.4611355036671085
34668,11524,11524,17,2.614213510836251
34669,11525,11525,17,2.7615707695930003
34670,11526,11526,17,7.7936288749054
34671,11527,11527,17,63.58327778987567
34672,11528,11528,17,12.108072237127743
34673,11529,11529,17,7.798414544522509
34674,11530,11530,17,24.280735117989597
34675,11531,11531,17,11.71140221003878
34676,11532,11532,17,0.0997488654622743
34677,11533,11533,17,10.12708197557638
34678,11534,11534,17,4.310024911608741
34679,11535,11535,17,10.673344093817756
34680,11536,11536,17,1.0363078691475986
34681,11537,11537,17,2.1037919643500333
34682,11538,11538,17,5.800810039417982
34683,11539,11539,17,14.128339272076108
34684,11540,11540,17,1.435950031502515
34685,11541,11541,17,2.3044771445961
34686,11542,11542,17,12.95817310740805
34687,11543,11543,17,4.76504987848977
34688,11544,11544,17,12.936157623770193
34689,11545,11545,17,15.609141845228203
34690,11546,11546,17,13.983686755032956
34691,11547,11547,17,19.044963402469584
34692,11548,11548,17,46.8193510900183
34693,11549,11549,17,3.127949791975781
34694,11550,11550,17,7.442455885965765
34695,11551,11551,17,6.05304386653813
34696,11552,11552,17,1.5376502205022275
34697,11553,11553,17,39.75849203447914
34698,11554,11554,17,14.08490830302284
34699,11555,11555,17,22.243816378630196
34700,11556,11556,17,13.85428373385814
34701,11557,11557,17,15.02875402602476
34702,11558,11558,17,1.210395906491585
34703,11559,11559,17,5.718926314962298
34704,11560,11560,17,0.412324175539216
34705,11561,11561,17,0.4887001394980922
34706,11562,11562,17,3.3847176066957787
34707,11563,11563,17,3.123182015303198
34708,11564,11564,17,2.421101300487995
34709,11565,11565,17,5.536688983283869
34710,11566,11566,17,5.274265004217403
34711,11567,11567,17,1.7331445770197342
34712,11568,11568,17,1.3380027142865585
34713,11569,11569,17,1.9406970787136004
34714,11570,11570,17,2.204839591055706
34715,11571,11571,17,4.963410710445419
34716,11572,11572,17,4.590159377819508
34717,11573,11573,17,2.7299897086870244
34718,11574,11574,17,7.782941588935917
34719,11575,11575,17,9.514609063568765
34720,11576,11576,17,3.3464290392294527
34721,11577,11577,17,5.054170681763675
34722,11578,11578,17,2.077286916201655
34723,11579,11579,17,9.93051337628721
34724,11580,11580,17,4.25866089951127
34725,11581,11581,17,1.9130891229943483
34726,11582,11582,17,0.242096018675819
34727,11583,11583,17,5.408554948827123
34728,11584,11584,17,36.17821664403683
34729,11585,11585,17,2.4351351619616635
34730,11586,11586,17,77.1331797685269
34731,11587,11587,17,17.927317394974068
34732,11588,11588,17,2.1298507110006213
34733,11589,11589,17,4.720586522780747
34734,11590,11590,17,6.112263765217751
34735,11591,11591,17,1.4606998515007756
34736,11592,11592,17,4.927317636767376
34737,11593,11593,17,7.239331890729695
34738,11594,11594,17,0.922949595001787
34739,11595,11595,17,2.078085922164947
34740,11596,11596,17,2.6743646808346826
34741,11597,11597,17,0.73485006749852
34742,11598,11598,17,3.782686245335549
34743,11599,11599,17,0.8878634441646636
34744,11600,11600,17,2.181150193498221
34745,11601,11601,17,2.7169416645057947
34746,11602,11602,17,1.637708281492576
34747,11603,11603,17,1.645650260999631
34748,11604,11604,17,1.3832996535013091
34749,11605,11605,17,18.379873829496848
34750,11606,11606,17,3.590352250508189
34751,11607,11607,17,25.012473703984263
34752,11608,11608,17,2.217477653698087
34753,11609,11609,17,5.814122364313886
34754,11610,11610,17,44.11742819417936
34755,11611,11611,17,18.23457090582659
34756,11612,11612,17,1.165049968500644
34757,11613,11613,17,0.9751500899992884
34758,11614,11614,17,0.1939497704991921
34759,11615,11615,17,18.901423692899584
34760,11616,11616,17,16.545077099097817
34761,11617,11617,17,0.8239500045012236
34762,11618,11618,17,11.054291050431011
34763,11619,11619,17,12.416807919073465
34764,11620,11620,17,2.542480419598222
34765,11621,11621,17,0.8892200033974973
34766,11622,11622,17,2.5738486754665075
34767,11623,11623,17,4.478551216533747
34768,11624,11624,17,33.79156283145249
34769,11625,11625,17,14.128937222531778
34770,11626,11626,17,8.41964366297862
34771,11627,11627,17,38.42535701201942
34772,11628,11628,17,2.0907778962390275
34773,11629,11629,17,1.4129218337575735
34774,11630,11630,17,2.3310723993166267
34775,11631,11631,17,9.94672774468174
34776,11632,11632,17,2.8420932225410342
34777,11633,11633,17,1.1930571014611069
34778,11634,11634,17,1.0028761341909769
34779,11635,11635,17,11.427473636305312
34780,11636,11636,17,23.65920261259648
34781,11637,11637,17,21.31030943623071
34782,11638,11638,17,14.85707599395125
34783,11639,11639,17,2.573674402045963
34784,11640,11640,17,1.7118002114953994
34785,11641,11641,17,1.4083375840366037
34786,11642,11642,17,3.8098623844699095
34787,11643,11643,17,2.1384000134974865
34788,11644,11644,17,11.896004980803951
34789,11645,11645,17,6.854144915700041
34810,11646,11646,17,30.563957283125475
34811,11647,11647,17,21.856993265873395
34812,11648,11648,17,1.0395000495010465
34813,11649,11649,17,19.03471035982496
34814,11650,11650,17,13.100689401675172
34815,11651,11651,17,2.4102003240032643
34827,11652,11652,17,3.5660191404226125
34828,11653,11653,17,5.443431539074538
34846,11654,11654,17,6.392497182734579
34847,11655,11655,17,25.41170272276248
34848,11656,11656,17,1.9044454986648636
34849,11657,11657,17,34.32415488832932
34850,11658,11658,17,1.9692000405013856
34851,11659,11659,17,30.976058362847297
34852,11660,11660,17,55.35599122765716
34853,11661,11661,17,10.873955099330068
34854,11662,11662,17,4.782443784677289
34855,11663,11663,17,1.8301503060005084
34856,11664,11664,17,11.058483777142346
34857,11665,11665,17,31.955665858355307
34858,11666,11666,17,16.33247631373739
34859,11667,11667,17,38.10402409575553
34860,11668,11668,17,42.20699005597797
34861,11669,11669,17,8.1637605515185
34862,11670,11670,17,4.233869465374492
34863,11671,11671,17,3.5380804356336406
34864,11672,11672,17,38.20655207601476
34865,11673,11673,17,1.712497820482103
34866,11674,11674,17,0.3113999280011877
34867,11675,11675,17,2.5302036698126944
34868,11676,11676,17,10.79519659568135
34869,11677,11677,17,0.57054358109257
34870,11678,11678,17,19.00301908072433
34871,11679,11679,17,10.73618821116802
34872,11680,11680,17,15.956474895728052
34873,11681,11681,17,1.0260754147732445
34874,11682,11682,17,26.09605261001212
34875,11683,11683,17,32.42059764199425
34876,11684,11684,17,1.88009987400046
34877,11685,11685,17,4.654446918099191
34878,11686,11686,17,3.5486030233995014
34879,11687,11687,17,17.799343174863786
34880,11688,11688,17,21.230507473133265
34881,11689,11689,17,0.3068997750006318
34882,11690,11690,17,15.994560358671755
34883,11691,11691,17,0.4515897088267398
34884,11692,11692,17,1.0246624348911644
34885,11693,11693,17,1.6942375516071413
34886,11694,11694,17,18.230048059048027
34887,11695,11695,17,25.579703209939357
34888,11696,11696,17,5.110705232602939
34889,11697,11697,17,0.4544443354010135
34890,11698,11698,17,102.5508564764822
34891,11699,11699,17,31.86684080551482
34892,11700,11700,17,0.169200247500062
34893,11701,11701,17,25.867289236715912
34894,11702,11702,17,69.09228814851566
34895,11703,11703,17,1.062322916276008
34896,11704,11704,17,12.281111026379827
34897,11705,11705,17,26.55838865862141
34898,11706,11706,17,9.441202367466586
34899,11707,11707,17,20.761764571286264
34900,11708,11708,17,2.728033029746903
34901,11709,11709,17,13.46051710960959
34902,11710,11710,17,25.02348350238797
34903,11711,11711,17,0.8023502925007939
34904,11712,11712,17,1.3990500719947816
34905,11713,11713,17,1.3113014063825903
34906,11714,11714,17,1.2419985036227554
34907,11715,11715,17,4.016454391896775
34908,11716,11716,17,9.242441837933091
34909,11717,11717,17,32.42645370266842
34910,11718,11718,17,9.282996625421047
34911,11719,11719,17,10.60610324858238
34912,11720,11720,17,7.627606818693757
34913,11721,11721,17,5.834142915809632
34914,11722,11722,17,34.113865656282094
34915,11723,11723,17,83.19348545071071
34916,11724,11724,17,34.7232426927495
34917,11725,11725,17,6.412607410742528
34918,11726,11726,17,18.91208563435871
34919,11727,11727,17,174.64793146773374
34920,11728,11728,17,45.246540778202906
34921,11729,11729,17,55.41223465843415
34922,11730,11730,17,167.52361787879727
34923,11731,11731,17,64.1793385745541
34924,11732,11732,17,18.172968318262978
34925,11733,11733,17,21.47473171774823
34926,11734,11734,17,0.1957501215007901
34927,11735,11735,17,18.358524058569078
34928,11736,11736,17,5.08242565343231
34929,11737,11737,17,5.258147017017633
34930,11738,11738,17,1.5562022764821426
34931,11739,11739,17,2.734467145523377
34932,11740,11740,17,2.7510326429747045
34933,11741,11741,17,25.513504136392477
34934,11742,11742,17,11.92462965831404
34935,11743,11743,17,68.69002882129374
34936,11744,11744,17,13.486787793515164
34937,11745,11745,17,1.6488001440066993
34938,11746,11746,17,1.3693500899950155
34939,11747,11747,17,3.769382620090157
34940,11748,11748,17,9.33866814041376
34941,11749,11749,17,40.38140553687085
34942,11750,11750,17,8.320744085131219
34943,11751,11751,17,1.0529928239145707
34944,11752,11752,17,4.50810689258945
34945,11753,11753,17,29.5051646613252
34946,11754,11754,17,66.71000700129532
34947,11755,11755,17,3.8539815253322014
34948,11756,11756,17,6.344597617549409
34949,11757,11757,17,16.34386389417313
34950,11758,11758,17,22.738186654844156
34951,11759,11759,17,8.430843184782296
34952,11760,11760,17,5.21270712571889
34953,11761,11761,17,0.2803498380007259
34954,11762,11762,17,2.1415229695500733
34955,11763,11763,17,24.6854026502164
34956,11764,11764,17,2.0431294747072464
34957,11765,11765,17,21.710395099024566
34958,11766,11766,17,1.462500283495784
34959,11767,11767,17,0.7155000270001068
34960,11768,11768,17,2.512932603373274
34961,11769,11769,17,1.5141173291259409
34962,11770,11770,17,13.374965253800877
34963,11771,11771,17,15.063685524697124
34964,11772,11772,17,2.8064543177185355
34965,11773,11773,17,4.726094854281754
34966,11774,11774,17,0.4550718944380581
34967,11775,11775,17,8.53862815955583
34968,11776,11776,17,0.8225999100020825
34969,11777,11777,17,1.5246260738768875
34970,11778,11778,17,2.474973939619094
34971,11779,11779,17,36.7264547562457
34972,11780,11780,17,17.876096022250387
34973,11781,11781,17,2.431350116999194
34974,11782,11782,17,26.520386263489574
34975,11783,11783,17,10.756289170419256
34976,11784,11784,17,10.909271578088935
34977,11785,11785,17,11.125854153495045
34978,11786,11786,17,0.4275002970010936
34979,11787,11787,17,66.70237136674935
34980,11788,11788,17,66.84862963225513
34981,11789,11789,17,4.572861216179162
34982,11790,11790,17,18.224588639823143
34983,11791,11791,17,26.610617153880536
34984,11792,11792,17,2.191272727028433
34985,11793,11793,17,3.85443111671564
34986,11794,11794,17,2.659678939369503
34987,11795,11795,17,0.8417763769653984
34988,11796,11796,17,1.986522727352187
34989,11797,11797,17,1.5187008776906394
34990,11798,11798,17,0.9319503599980176
34991,11799,11799,17,2.1246340284180643
34992,11800,11800,17,0.7765160210839086
34993,11801,11801,17,0.4522499145016074
34994,11802,11802,17,17.500291889575845
34995,11803,11803,17,16.511157592921453
34996,11804,11804,17,3.1575596709478795
34997,11805,11805,17,42.69609146754981
34998,11806,11806,17,5.84210795479852
34999,11807,11807,17,2.2592419282030614
35000,11808,11808,17,4.347646437523514
35001,11809,11809,17,21.220453657432408
35002,11810,11810,17,31.329450674358373
35003,11811,11811,17,0.9804486934275926
35004,11812,11812,17,1.691651450758703
35005,11813,11813,17,44.51226652012829
35006,11814,11814,17,74.3655837858715
35007,11815,11815,17,37.351765095505804
35008,11816,11816,17,12.464585376997576
35009,11817,11817,17,2.5035073351458608
35010,11818,11818,17,0.0605924308553263
35011,11819,11819,17,24.65866423126036
35012,11820,11820,17,11.213085602241016
35013,11821,11821,17,4.808668306467995
35014,11822,11822,17,4.553132242535892
35015,11823,11823,17,21.821365120408416
35016,11824,11824,17,10.71948425858936
35017,11825,11825,17,1.7488463932226337
35018,11826,11826,17,5.2518034537732
35019,11827,11827,17,32.40089472798182
35020,11828,11828,17,1.7527924875897392
35021,11829,11829,17,26.15396293743717
35022,11830,11830,17,1.842947654292356
35023,11831,11831,17,16.368101828200853
35024,11832,11832,17,3.542396943231672
35025,11833,11833,17,0.889203263767397
35026,11834,11834,17,3.417053486788288
35027,11835,11835,17,4.633446477214429
35028,11836,11836,17,0.2802066188250594
35029,11837,11837,17,4.636943637676135
35030,11838,11838,17,8.02936313377586
35031,11839,11839,17,10.301836668231145
35032,11840,11840,17,0.1588499369996488
35033,11841,11841,17,3.0842390665119104
35034,11842,11842,17,1.6655111854873608
35035,11843,11843,17,8.770555137104541
35036,11844,11844,17,11.25100711185597
35037,11845,11845,17,1.716137530539777
35038,11846,11846,17,2.366808689314336
35039,11847,11847,17,0.4627910676880119
35040,11848,11848,17,1.2255303259417638
35041,11849,11849,17,12.646508706917793
35042,11850,11850,17,7.33110726098892
35043,11851,11851,17,3.81629327901082
35044,11852,11852,17,23.62528309048012
35045,11853,11853,17,5.265615951016646
35046,11854,11854,17,8.18408456957752
35047,11855,11855,17,4.131966330424872
35048,11856,11856,17,1.635300941732578
35049,11857,11857,17,1.9237495802638236
35050,11858,11858,17,1.3259390272013098
35051,11859,11859,17,2.645465403531611
35052,11860,11860,17,0.4608000539996698
35053,11861,11861,17,8.210701212232246
35054,11862,11862,17,11.929049012772664
35055,11863,11863,17,1.811439105999414
35056,11864,11864,17,3.1079614564986198
35057,11865,11865,17,4.098770031063378
35058,11866,11866,17,7.003180684440702
35059,11867,11867,17,1.8170996579980736
35060,11868,11868,17,4.635311241938062
35061,11869,11869,17,16.37608789406226
35068,11870,11870,17,3.906042866152689
35069,11871,11871,17,4.855006647844165
35070,11872,11872,17,1.069199766002208
35071,11873,11873,17,5.773152281905592
35072,11874,11874,17,17.313100579897657
35073,11875,11875,17,4.917696944716447
35074,11876,11876,17,14.146276821383417
35075,11877,11877,17,2.047423394613266
35106,11878,11878,17,17.6444727207959
35107,11879,11879,17,5.989077558195498
35108,11880,11880,17,5.136277376488328
35109,11881,11881,17,15.978172488514826
35110,11882,11882,17,0.4666500135016143
35194,11883,11883,17,7.519465534206882
35195,11884,11884,17,2.382334735789899
35196,11885,11885,17,25.07761001783143
35197,11886,11886,17,11.201840085664026
35203,11887,11887,17,1.4408996939974723
35204,11888,11888,17,45.89781327441603
35205,11889,11889,17,31.090436176564246
35206,11890,11890,17,3.909207958838344
35207,11891,11891,17,1.1883920951639413
35208,11892,11892,17,5.808031322509587
35209,11893,11893,17,7.496633792099749
35210,11894,11894,17,34.92312477691545
35211,11895,11895,17,75.82367636609226
35212,11896,11896,17,57.82524755115098
35213,11897,11897,17,34.25915218785302
35214,11898,11898,17,58.80578566497884
35215,11899,11899,17,15.24351562202837
35216,11900,11900,17,2.9130883037029207
35217,11901,11901,17,0.3899113812981993
35218,11902,11902,17,43.68727756445084
35219,11903,11903,17,41.65207392504439
35220,11904,11904,17,57.33439648117477
35221,11905,11905,17,15.131803316333617
35222,11906,11906,17,11.10791984925649
35223,11907,11907,17,3.344280425238408
35224,11908,11908,17,2.283385067192912
35225,11909,11909,17,3.326314419804573
35226,11910,11910,17,4.140558536308944
35227,11911,11911,17,2.526191486190908
35228,11912,11912,17,8.997804263856343
35229,11913,11913,17,7.781346249136656
35230,11914,11914,17,7.627975424640298
35231,11915,11915,17,1.7291897319891048
35232,11916,11916,17,1.6930351583737433
35233,11917,11917,17,5.296923088959515
35234,11918,11918,17,2.38817734754096
35235,11919,11919,17,2.0691765257922654
35236,11920,11920,17,0.7685231007076474
35237,11921,11921,17,8.83991791192466
35238,11922,11922,17,8.670032362579942
35239,11923,11923,17,5.832940709188908
35240,11924,11924,17,3.517609065808043
35241,11925,11925,17,2.512302341546297
35242,11926,11926,17,5.668697608951047
35243,11927,11927,17,10.468615776411168
35244,11928,11928,17,13.129834673588196
35245,11929,11929,17,28.650210390602187
35246,11930,11930,17,31.97109004139253
35247,11931,11931,17,3.913772888302967
35248,11932,11932,17,5.940777318694721
35249,11933,11933,17,8.732477581741364
35250,11934,11934,17,2.4662224272601323
35251,11935,11935,17,19.814092266773464
35252,11936,11936,17,14.501107346224083
35253,11937,11937,17,74.73184264396822
35254,11938,11938,17,36.99325806253162
35255,11939,11939,17,9.962038704051956
35256,11940,11940,17,17.010059977449554
35257,11941,11941,17,6.492652196318146
35258,11942,11942,17,17.25564833917561
35259,11943,11943,17,7.027262834657424
35260,11944,11944,17,2.797136818843456
35261,11945,11945,17,7.567310317729086
35262,11946,11946,17,22.357695593821795
35263,11947,11947,17,9.067765827344566
35264,11948,11948,17,3.5907276986133447
35265,11949,11949,17,1.1696820135742128
35266,11950,11950,17,40.37836842742833
35267,11951,11951,17,1.4071501485027076
35268,11952,11952,17,24.1338004489787
35269,11953,11953,17,18.03884894802595
35270,11954,11954,17,11.431172609205984
35271,11955,11955,17,4.407884254251878
35272,11956,11956,17,14.433138427222945
35273,11957,11957,17,6.05676720168956
35274,11958,11958,17,0.4009499505009055
35275,11959,11959,17,0.5287499189993441
35276,11960,11960,17,2.28966033104527
35277,11961,11961,17,15.328526243258016
35278,11962,11962,17,1.4735130116977064
35279,11963,11963,17,1.7453558287828117
35280,11964,11964,17,2.661494508714653
35281,11965,11965,17,17.049376234753883
35282,11966,11966,17,3.9528928263822607
35283,11967,11967,17,16.43323072287688
35284,11968,11968,17,2.384550090002179
35285,11969,11969,17,5.452266687677127
35286,11970,11970,17,0.999833042318822
35287,11971,11971,17,4.573347494581163
35288,11972,11972,17,4.5864027214112975
35289,11973,11973,17,32.88988291518584
35290,11974,11974,17,5.551817233301423
35291,11975,11975,17,22.40205581450163
35292,11976,11976,17,2.3704444285001456
35293,11977,11977,17,1.1976750674975143
35294,11978,11978,17,2.4819471237811075
35295,11979,11979,17,13.178049165303484
35296,11980,11980,17,12.083853373412133
35297,11981,11981,17,8.853765848054445
35298,11982,11982,17,2.5359186553046538
35299,11983,11983,17,3.2255213016349678
35300,11984,11984,17,6.393493569497528
35301,11985,11985,17,21.454737561614767
35302,11986,11986,17,11.236980115691376
35303,11987,11987,17,9.460555229327364
35304,11988,11988,17,11.315376944858514
35305,11989,11989,17,4.844680687227398
35306,11990,11990,17,11.728091666463117
35307,11991,11991,17,6.608322930752423
35308,11992,11992,17,5.863704468061703
35309,11993,11993,17,1.4788020121020078
35310,11994,11994,17,2.2818477943993583
35311,11995,11995,17,10.845099765654952
35312,11996,11996,17,1.9875380984593425
35313,11997,11997,17,2.29375036648199
35314,11998,11998,17,8.21421172889441
35315,11999,11999,17,0.9627581090606524
35316,12000,12000,17,3.393692205945231
35317,12001,12001,17,9.72277334032923
35318,12002,12002,17,4.924644273072688
35319,12003,12003,17,7.922782202103772
35320,12004,12004,17,1.6546499235013128
35321,12005,12005,17,0.3291886106619835
35322,12006,12006,17,16.35456103833931
35323,12007,12007,17,13.53050440498808
35324,12008,12008,17,17.45424515851731
35325,12009,12009,17,11.256314013064664
35326,12010,12010,17,12.368685950939762
35327,12011,12011,17,8.844660851930394
35328,12012,12012,17,33.09488957107817
35329,12013,12013,17,0.5769000989969969
35330,12014,12014,17,1.0462499505015612
35331,12015,12015,17,7.189866190296352
35332,12016,12016,17,79.98458412468983
35333,12017,12017,17,1.2145504679996295
35334,12018,12018,17,13.379973953029625
35335,12019,12019,17,17.593526001975633
35336,12020,12020,17,27.157867847427998
35337,12021,12021,17,106.48718112658835
35338,12022,12022,17,19.691364838891683
35339,12023,12023,17,8.230235089110144
35340,12024,12024,17,1.1812498109956682
35341,12025,12025,17,4.972220299000295
35342,12026,12026,17,3.141729953000434
35343,12027,12027,17,2.833620409900859
35344,12028,12028,17,5.019780130098268
35345,12029,12029,17,2.257111470329076
35346,12030,12030,17,9.894688192166708
35347,12031,12031,17,1.639493884480834
35348,12032,12032,17,0.1030283333961665
35349,12033,12033,17,4.712871545102101
35350,12034,12034,17,0.4218827731441557
35351,12035,12035,17,31.730617330354853
35352,12036,12036,17,16.758301343649322
35353,12037,12037,17,12.376949034349982
35354,12038,12038,17,9.809802030860409
35355,12039,12039,17,9.573947820641145
35356,12040,12040,17,11.776244031468991
35357,12041,12041,17,13.780605608533062
35358,12042,12042,17,15.459782906403758
35359,12043,12043,17,6.560066612103913
35360,12044,12044,17,2.791864200696208
35361,12045,12045,17,3.469885353800021
35362,12046,12046,17,16.83996200072582
35363,12047,12047,17,41.11598784178094
35364,12048,12048,17,2.287699681681931
35365,12049,12049,17,2.080000592816061
35366,12050,12050,17,11.7833508312397
35367,12051,12051,17,11.764248466760332
35368,12052,12052,17,17.283656548806928
35369,12053,12053,17,36.06294467520401
35370,12054,12054,17,1.124549450998336
35371,12055,12055,17,15.941825593581408
35372,12056,12056,17,17.98052477991436
35373,12057,12057,17,38.610082766959785
35374,12058,12058,17,7.297567134044276
35375,12059,12059,17,3.115496483006865
35376,12060,12060,17,0.8652039354929405
35377,12061,12061,17,1.2645000270013809
35378,12062,12062,17,5.820992580522939
35379,12063,12063,17,21.842757261779845
35380,12064,12064,17,2.2914004005019666
35381,12065,12065,17,0.63224989199996
35382,12066,12066,17,22.191485376555384
35383,12067,12067,17,13.739664380443708
35384,12068,12068,17,22.163324048713054
35385,12069,12069,17,34.14022696828859
35386,12070,12070,17,0.9846001934978068
35387,12071,12071,17,24.873080690324947
35388,12072,12072,17,5.441311019710839
35389,12073,12073,17,3.044558753457886
35390,12074,12074,17,15.5629619923755
35391,12075,12075,17,1.4650845853360273
35392,12076,12076,17,27.55559639277225
35393,12077,12077,17,6.35320547704156
35394,12078,12078,17,3.8771563501369206
35395,12079,12079,17,4.563158403832715
35396,12080,12080,17,2.192416818933755
35397,12081,12081,17,3.954918971600553
35398,12082,12082,17,9.74485157497898
35399,12083,12083,17,9.668598938027092
35400,12084,12084,17,20.138060042745806
35401,12085,12085,17,3.0406509748973547
35402,12086,12086,17,6.519488986856203
35403,12087,12087,17,1.69157263913779
35404,12088,12088,17,2.5006405271565764
35405,12089,12089,17,4.123786986705851
35406,12090,12090,17,1.0654257853593527
35407,12091,12091,17,29.10077339564175
35408,12092,12092,17,8.24680076612267
35409,12093,12093,17,55.06371019805713
35410,12094,12094,17,6.732439233812111
35411,12095,12095,17,2.3767244011878965
35412,12096,12096,17,0.4312755988121629
35413,12097,12097,17,15.51792404130152
35414,12098,12098,17,4.465496631511279
35415,12099,12099,17,4.915979705185264
35416,12100,12100,17,6.522468840367302
35417,12101,12101,17,33.13873023263316
35418,12102,12102,17,4.059908352727979
35419,12103,12103,17,6.19469179577443
35420,12104,12104,17,14.355000418653749
35421,12105,12105,17,10.513798640851348
35422,12106,12106,17,0.9004500630011558
35423,12107,12107,17,6.940694332667291
35424,12108,12108,17,53.41272032707575
35425,12109,12109,17,2.585836852260452
35426,12110,12110,17,0.5144038990427255
35427,12111,12111,17,2.2163049746900203
35428,12112,12112,17,12.38304341430906
35429,12113,12113,17,1.8543251519417168
35430,12114,12114,17,2.913425230554942
35431,12115,12115,17,17.295651089578442
35432,12116,12116,17,6.308198757422522
35433,12117,12117,17,6.345423823785721
35434,12118,12118,17,14.899976036715328
35435,12119,12119,17,1.810401811653972
35436,12120,12120,17,6.934533334544942
35437,12121,12121,17,13.490990224114656
35438,12122,12122,17,7.049623324678407
35439,12123,12123,17,41.22106994472685
35440,12124,12124,17,27.34928219169114
35441,12125,12125,17,1.4469479760976325
35442,12126,12126,17,4.52923904190141
35443,12127,12127,17,4.274560728603389
35444,12128,12128,17,1.9637999774980992
35445,12129,12129,17,0.7436622427595705
35446,12130,12130,17,4.087987653744474
35447,12131,12131,17,12.06779725315962
35448,12132,12132,17,27.88950324184875
35449,12133,12133,17,2.48351246591777
35450,12134,12134,17,3.501487273086402
35451,12135,12135,17,1.0267958232163787
35452,12136,12136,17,1.7578041002828926
35453,12137,12137,17,9.545034477389544
35454,12138,12138,17,9.06516578361016
35455,12139,12139,17,0.5399999595011473
35456,12140,12140,17,5.736160873603575
35457,12141,12141,17,11.440604401045396
35458,12142,12142,17,0.7778003082935363
35459,12143,12143,17,2.4063994397111004
35460,12144,12144,17,2.5858026004558785
35461,12145,12145,17,6.64279779553893
35462,12146,12146,17,12.426333381875164
35463,12147,12147,17,5.262852550266102
35464,12148,12148,17,21.154814616823547
35465,12149,12149,17,2.461789940602809
35466,12150,12150,17,10.80237123537743
35467,12151,12151,17,13.80718991907984
35468,12152,12152,17,8.048733453272373
35469,12153,12153,17,8.898489748187218
35470,12154,12154,17,5.328677239537239
35471,12155,12155,17,9.837118821379605
35472,12156,12156,17,3.313231466619
35473,12157,12157,17,42.476629790432725
35474,12158,12158,17,18.00337005206338
35475,12159,12159,17,21.858407079608615
35476,12160,12160,17,17.24119278539481
35477,12161,12161,17,1.4669998560005353
35478,12162,12162,17,1.9813499325012864
35479,12163,12163,17,0.1921499189990833
35480,12164,12164,17,5.7640286812823565
35481,12165,12165,17,0.8280212332142368
35482,12166,12166,17,9.441235602978589
35483,12167,12167,17,13.123802088426965
35484,12168,12168,17,7.086801460972398
35485,12169,12169,17,6.9502608071191085
35486,12170,12170,17,4.917913046345889
35487,12171,12171,17,25.234352785368543
35488,12172,12172,17,3.8798849872806818
35489,12173,12173,17,1.132305577878684
35490,12174,12174,17,1.4547442961176336
35491,12175,12175,17,13.792489134772032
35492,12176,12176,17,27.03736139173109
35493,12177,12177,17,0.4220894219261631
35494,12178,12178,17,5.074246118655883
35495,12179,12179,17,11.421414373914285
35496,12180,12180,17,1.5082854119571745
35497,12181,12181,17,4.392564817547337
35498,12182,12182,17,7.637406305328875
35499,12183,12183,17,1.5877326078817435
35500,12184,12184,17,4.704947874862904
35501,12185,12185,17,1.2565128249149733
35502,12186,12186,17,11.330355143337789
35503,12187,12187,17,3.0029072120943145
35504,12188,12188,17,4.574838414064262
35505,12189,12189,17,3.0448626565533576
35506,12190,12190,17,4.228493233881208
35507,12191,12191,17,2.652294154564431
35508,12192,12192,17,1.702349622000277
35509,12193,12193,17,5.317442049644798
35510,12194,12194,17,41.91545862535828
35511,12195,12195,17,44.51345473448316
35512,12196,12196,17,26.87409526100978
35513,12197,12197,17,2.1148499258339406
35514,12198,12198,17,1.036950641162187
35515,12199,12199,17,7.496119318153799
35516,12200,12200,17,8.170181010352318
35517,12201,12201,17,1.6001470080413818
35518,12202,12202,17,2.6815050962230718
35519,12203,12203,17,1.5773469777376652
35520,12204,12204,17,8.138920707980215
35521,12205,12205,17,3.954829476518372
35522,12206,12206,17,1.2034651194611985
35523,12207,12207,17,2.026184813039676
35524,12208,12208,17,1.2269470247423295
35525,12209,12209,17,1.6967394525261
35526,12210,12210,17,3.392513126731852
35527,12211,12211,17,35.38080276313078
35528,12212,12212,17,15.194697025375213
35529,12213,12213,17,2.806797103154018
35530,12214,12214,17,4.255953495348289
35531,12215,12215,17,6.225832802920163
35532,12216,12216,17,5.8075275679271465
35533,12217,12217,17,2.029139485150873
35534,12218,12218,17,5.702665406167195
35535,12219,12219,17,2.2802718748743365
35536,12220,12220,17,3.034494663959339
35537,12221,12221,17,1.7351180324994326
35538,12222,12222,17,7.244586231984802
35539,12223,12223,17,3.8186466599616073
35540,12224,12224,17,4.395879527149744
35541,12225,12225,17,3.0984380039048194
35542,12226,12226,17,1.208748410723865
35543,12227,12227,17,6.360250977276519
35544,12228,12228,17,4.218702055816173
35545,12229,12229,17,23.40556837176953
35546,12230,12230,17,4.699982752374401
35547,12231,12231,17,4.374616080577878
35548,12232,12232,17,22.928066716617156
35549,12233,12233,17,14.040314891379316
35550,12234,12234,17,2.05245027449435
35551,12235,12235,17,3.9341138599615433
35552,12236,12236,17,2.0021749243198714
35553,12237,12237,17,2.8661630097972703
35554,12238,12238,17,4.013998048417002
35555,12239,12239,17,2.968357970636021
35556,12240,12240,17,1.3781927583660372
35557,12241,12241,17,26.421279311638354
35558,12242,12242,17,15.060171795368902
35559,12243,12243,17,2.2144501664951144
35560,12244,12244,17,7.667849028152
35561,12245,12245,17,7.984051466849871
35562,12246,12246,17,3.444107047080867
35563,12247,12247,17,2.4742927954153178
35564,12248,12248,17,57.76089389819434
35565,12249,12249,17,22.5749062773109
35566,12250,12250,17,14.737032193460852
35567,12251,12251,17,11.855717757043362
35568,12252,12252,17,1.217699743499428
35569,12253,12253,17,9.18182125170657
35570,12254,12254,17,3.616179445804071
35571,12255,12255,17,1.7325724569624066
35572,12256,12256,17,3.2939271335338987
35573,12257,12257,17,32.4460631386362
35574,12258,12258,17,10.85023709535769
35575,12259,12259,17,0.0337500269997045
35576,12260,12260,17,6.231802589563548
35577,12261,12261,17,7.101132844807975
35578,12262,12262,17,28.43831533961624
35579,12263,12263,17,45.46869675417504
35580,12264,12264,17,1.3410979785598165
35581,12265,12265,17,10.582652409663655
35582,12266,12266,17,6.463453271608507
35583,12267,12267,17,2.021850049495235
35584,12268,12268,17,0.731250076500751
35585,12269,12269,17,29.44012305035635
35586,12270,12270,17,9.600526922643589
35587,12271,12271,17,3.685689754572928
35588,12272,12272,17,4.444010155431151
35589,12273,12273,17,46.00198105412683
35598,12274,12274,17,1.4450701732860285
35599,12275,12275,17,16.39659965401113
35600,12276,12276,17,7.952330951202838
35601,12277,12277,17,0.3834001124989837
35602,12278,12278,17,1.4427584357140362
35603,12279,12279,17,1.2765917532867266
35604,12280,12280,17,16.349184773219303
35605,12281,12281,17,18.166265874775387
35606,12282,12282,17,0.8109367694016099
35607,12283,12283,17,4.820991246912718
35608,12284,12284,17,1.4168710161800333
35609,12285,12285,17,6.29247969531554
35610,12286,12286,17,5.043141277416818
35611,12287,12287,17,9.886829418768698
35612,12288,12288,17,9.283971805683882
35613,12289,12289,17,9.473377942308844
35614,12290,12290,17,39.77781038818544
35615,12291,12291,17,1.7243406648189947
35616,12292,12292,17,0.800781787179647
35617,12293,12293,17,2.155268442319412
35618,12294,12294,17,32.97979595239657
35619,12295,12295,17,34.04590419158762
35620,12296,12296,17,0.9525754951915444
35621,12297,12297,17,1.6205553905280308
35622,12298,12298,17,4.49006849777912
35623,12299,12299,17,15.14818296065484
35624,12300,12300,17,3.667856078635536
35625,12301,12301,17,9.873496280296802
35626,12302,12302,17,6.3308151799084165
35627,12303,12303,17,9.47605292849642
35628,12304,12304,17,18.814997174996986
35629,12305,12305,17,2.310750261004537
35630,12306,12306,17,1.755000481500972
35631,12307,12307,17,1.0070942820875273
35632,12308,12308,17,1.9215052814150155
35633,12309,12309,17,27.239220617524648
35634,12310,12310,17,22.125329742465684
35635,12311,12311,17,9.660657864232876
35636,12312,12312,17,0.5129417082648053
35637,12313,12313,17,7.410711706219938
35638,12314,12314,17,3.636787812280111
35639,12315,12315,17,31.29737881527465
35640,12316,12316,17,1.4185210677217952
35641,12317,12317,17,7.718849671498894
35642,12318,12318,17,25.533661152509183
35643,12319,12319,17,15.363086653596168
35644,12320,12320,17,13.26840280137641
35645,12321,12321,17,5.182847658815697
35646,12322,12322,17,36.20320353367979
35647,12323,12323,17,28.11468066027972
35648,12324,12324,17,28.384620469226245
35649,12325,12325,17,2.7967131359273454
35650,12326,12326,17,0.8973366075714231
35651,12327,12327,17,6.242693153605707
35652,12328,12328,17,22.07490741789318
35653,12329,12329,17,1.9737002925010323
35654,12330,12330,17,13.60432773460123
35655,12331,12331,17,6.212772458902061
35656,12332,12332,17,0.9765000179986356
35657,12333,12333,17,2.2599733829650632
35658,12334,12334,17,2.937525933032751
35659,12335,12335,17,1.8861992447470204
35660,12336,12336,17,1.619224288314035
35661,12337,12337,17,2.61750353909868
35662,12338,12338,17,1.8672729638411552
36433,12339,12339,17,4.423582942162708
36434,12340,12340,17,7.21431645933985
36435,12341,12341,17,7.894279312812984
36436,12342,12342,17,1.625021731187436
36437,12343,12343,17,20.731239296095016
36438,12344,12344,17,5.441677228307186
36439,12345,12345,17,27.948206723674428
36440,12346,12346,17,33.20587723341157
36441,12347,12347,17,12.777325598867328
36442,12348,12348,17,16.469974221135836
36443,12349,12349,17,21.36634838277084
36444,12350,12350,17,2.521451869233675
36445,12351,12351,17,20.66825445626888
36446,12352,12352,17,25.95084733474039
36447,12353,12353,17,4.045111282829538
36448,12354,12354,17,0.5475889286696092
36449,12355,12355,17,3.4523460617736577
36450,12356,12356,17,2.346803947231531
36451,12357,12357,17,1.1241395132825895
36452,12358,12358,17,2.0317106982169677
36453,12359,12359,17,6.066001351672829
36454,12360,12360,17,9.362698549324673
36455,12361,12361,17,0.0670500630000233
36456,12362,12362,17,19.75640115463552
36457,12363,12363,17,23.72394900286472
36458,12364,12364,17,0.4239000405003354
36459,12365,12365,17,16.413425334665316
36460,12366,12366,17,15.785874521339904
36461,12367,12367,17,1.928746540572956
36462,12368,12368,17,6.912403675429186
36463,12369,12369,17,28.174783824931325
36464,12370,12370,17,12.91021708407338
36465,12371,12371,17,18.90109666084212
36466,12372,12372,17,16.437853474154338
36467,12373,12373,17,44.849953909684125
36468,12374,12374,17,13.357095932808711
36469,12375,12375,17,1.508882039331928
36470,12376,12376,17,1.0295676546676829
36471,12377,12377,17,35.03472809499365
36472,12378,12378,17,5.12237212100938
36473,12379,12379,17,14.275305302148103
36474,12380,12380,17,9.63589441435028
36475,12381,12381,17,28.89472236792287
36476,12382,12382,17,62.78647753760066
36477,12383,12383,17,1.731599900999248
36478,12384,12384,17,50.872638603672335
36479,12385,12385,17,20.90686135582346
36480,12386,12386,17,22.695363787985315
36481,12387,12387,17,22.15343643251601
36482,12388,12388,17,7.025208552189324
36483,12389,12389,17,4.890341762811463
36484,12390,12390,17,11.404041743510142
36485,12391,12391,17,17.283458809992254
36486,12392,12392,17,56.10620713126424
36487,12393,12393,17,26.621341365723865
36488,12394,12394,17,34.38064296162552
36489,12395,12395,17,24.347056484882355
36490,12396,12396,17,1.985605828217536
36491,12397,12397,17,2.118394158282116
36492,12398,12398,17,22.65864987159613
36493,12399,12399,17,22.061451950902
36494,12400,12400,17,52.39478823322201
36495,12401,12401,17,5.859961249270025
36496,12402,12402,17,42.61391398773343
36497,12403,12403,17,16.358584936775802
36498,12404,12404,17,50.16305703934944
36499,12405,12405,17,43.9368934016457
36500,12406,12406,17,11.854671736949411
36501,12407,12407,17,17.428178546550445
36502,12408,12408,17,30.84940947174776
36503,12409,12409,17,20.240891342745183
36504,12410,12410,17,29.788247653254867
36505,12411,12411,17,24.281952738232803
36506,12412,12412,17,8.13526118849576
36507,12413,12413,17,11.583738699009926
36508,12414,12414,17,6.016937167339772
36509,12415,12415,17,3.820513075657885
36510,12416,12416,17,8.89994481838556
36511,12417,12417,17,8.81160583861652
36512,12418,12418,17,1.4026501889998315
36513,12419,12419,17,16.61697072604076
36514,12420,12420,17,36.04922946747369
36515,12421,12421,17,4.598961913201332
36516,12422,12422,17,40.74078718229428
36517,12423,12423,17,5.744805823017746
36518,12424,12424,17,24.08434401048716
36519,12425,12425,17,16.63961182844947
36520,12426,12426,17,27.00588846855146
36521,12427,12427,17,28.811055916143165
36522,12428,12428,17,10.067144740869832
36523,12429,12429,17,21.818505533529013
36524,12430,12430,17,13.495244578964584
36525,12431,12431,17,22.67646167551103
36526,12432,12432,17,33.464637622484446
36527,12433,12433,17,33.55917499201006
36528,12434,12434,17,11.632074062994509
36529,12435,12435,17,28.486012447494165
36530,12436,12436,17,9.711337989016473
36531,12437,12437,17,0.4351500315009728
36532,12438,12438,17,34.431081903005754
36533,12439,12439,17,11.625069091489484
36534,12440,12440,17,13.70824248063092
36535,12441,12441,17,6.239807024360931
36536,12442,12442,17,32.37783071465845
36537,12443,12443,17,30.36476910984569
36538,12444,12444,17,34.62219150084076
36539,12445,12445,17,13.666408908664346
36540,12446,12446,17,18.508089857770265
36541,12447,12447,17,8.302909831730053
36542,12448,12448,17,37.10661770021342
36543,12449,12449,17,93.22418171026747
36544,12450,12450,17,9.95457743242883
36545,12451,12451,17,29.82452202757506
36546,12452,12452,17,16.72439145647031
36547,12453,12453,17,0.5857596010271124
36548,12454,12454,17,14.231713537036686
36549,12455,12455,17,17.94778657996109
36550,12456,12456,17,4.083194060592059
36551,12457,12457,17,28.075154805409092
36552,12458,12458,17,16.149884483254073
36553,12459,12459,17,27.914115381738718
36554,12460,12460,17,6.823870565032244
36555,12461,12461,17,22.42118032596936
36556,12462,12462,17,6.426397644515369
36557,12463,12463,17,2.577201981985457
36558,12464,12464,17,31.71508171989421
36559,12465,12465,17,27.9576185501174
36560,12466,12466,17,13.575029227882712
36561,12467,12467,17,17.406119503121523
36562,12468,12468,17,0.5634001169983744
36563,12469,12469,17,31.700408251753984
36564,12470,12470,17,25.36364195974
36565,12471,12471,17,29.26404648785732
36566,12472,12472,17,26.549453219635467
36567,12473,12473,17,24.73428330013076
36568,12474,12474,17,21.990566240852534
36569,12475,12475,17,31.37161392190355
36570,12476,12476,17,30.49393679810572
36571,12477,12477,17,1.150646844481811
36572,12478,12478,17,2.8912533985170645
36573,12479,12479,17,10.99598063764155
36574,12480,12480,17,18.25626797636042
36575,12481,12481,17,8.912328492710055
36576,12482,12482,17,2.859671871790925
36577,12483,12483,17,31.512814637244823
36578,12484,12484,17,12.126386244757285
36579,12485,12485,17,16.711843693859667
36580,12486,12486,17,10.307506013639166
36581,12487,12487,17,60.21404095428282
36582,12488,12488,17,7.207209864713826
36583,12489,12489,17,20.355749862569123
36584,12490,12490,17,4.246199795431547
36585,12491,12491,17,45.893582775974885
36586,12492,12492,17,19.75826684602382
36587,12493,12493,17,2.1372510606637003
36588,12494,12494,17,1.8038489573358791
36589,12495,12495,17,19.61140354873956
36590,12496,12496,17,8.503246257758377
36591,12497,12497,17,20.57624841196688
36592,12498,12498,17,7.011902015532685
36593,12499,12499,17,2.954313218752622
36594,12500,12500,17,5.350435858743548
36595,12501,12501,17,43.70582213733673
36596,12502,12502,17,3.991477165164262
36597,12503,12503,17,1.9753881517915728
36598,12504,12504,17,1.5562124017095569
36599,12505,12505,17,1.58523077137734
36600,12506,12506,17,2.724240946595255
36601,12507,12507,17,5.471728691527141
36602,12508,12508,17,0.0841498155000023
36603,12509,12509,17,34.02975202938062
36604,12510,12510,17,15.35072103352346
36605,12511,12511,17,15.659022198266891
36606,12512,12512,17,1.3436041943027572
36607,12513,12513,17,5.576148209987074
36608,12514,12514,17,37.95325173599812
36609,12515,12515,17,16.562967038300915
36610,12516,12516,17,14.122082903198212
36611,12517,12517,17,27.54025953044086
36612,12518,12518,17,6.262998230682806
36613,12519,12519,17,9.806952000878145
36614,12520,12520,17,30.06558936948962
36615,12521,12521,17,4.317542308803767
36616,12522,12522,17,3.069208037695519
36617,12523,12523,17,25.01841582580292
36618,12524,12524,17,20.528784439705536
36619,12525,12525,17,18.868171522425357
36620,12526,12526,17,34.091877744078495
36621,12527,12527,17,16.640503701493174
36622,12528,12528,17,13.065346384013832
36623,12529,12529,17,46.46711819476683
36624,12530,12530,17,48.915782534247874
36625,12531,12531,17,37.22241784459722
36626,12532,12532,17,48.571431655908846
36627,12533,12533,17,2.9306636225275997
36628,12534,12534,17,1.8217862199708743
36629,12535,12535,17,5.927054650528934
36630,12536,12536,17,3.750195340469748
36631,12537,12537,17,5.038575458070278
36632,12538,12538,17,0.7466247219307423
36633,12539,12539,17,1.4179600104617776
36634,12540,12540,17,4.347252468680139
36635,12541,12541,17,3.845437822361762
36636,12542,12542,17,26.266603231178568
36637,12543,12543,17,13.110196930819296
36638,12544,12544,17,21.110092957568945
36639,12545,12545,17,11.023957109926968
36640,12546,12546,17,12.926923679974973
36641,12547,12547,17,20.407726162526487
36642,12548,12548,17,0.7423399237091318
36643,12549,12549,17,6.813610265291602
36644,12550,12550,17,11.417763386971146
36645,12551,12551,17,32.18678691902056
36646,12552,12552,17,13.55969636624056
36647,12553,12553,17,30.412952895749893
36648,12554,12554,17,0.2916002159997262
36649,12555,12555,17,5.577118764654875
36650,12556,12556,17,25.80723093384996
36651,12557,12557,17,15.253042110206335
36652,12558,12558,17,22.16535790777412
36653,12559,12559,17,36.71092617826283
36654,12560,12560,17,4.715173970240501
36655,12561,12561,17,16.0532229986351
36656,12562,12562,17,12.363827077865256
36657,12563,12563,17,18.012929219990767
36658,12564,12564,17,33.052620973507494
36659,12565,12565,17,0.7075085756368265
36660,12566,12566,17,1.9033916673620488
36661,12567,12567,17,2.4362763862939776
36662,12568,12568,17,91.80774940416856
36663,12569,12569,17,2.1549950983841977
36664,12570,12570,17,30.09642865667953
36665,12571,12571,17,28.83987290490025
36666,12572,12572,17,12.59477703210837
36667,12573,12573,17,19.000845362826897
36668,12574,12574,17,11.227911657190562
36669,12575,12575,17,16.496992759483156
36670,12576,12576,17,2.058299577000767
36671,12577,12577,17,3.650387180072505
36672,12578,12578,17,4.120663445427627
36673,12579,12579,17,16.982949375035645
36674,12580,12580,17,3.4177367127430345
36675,12581,12581,17,21.44334424659928
36676,12582,12582,17,20.331055780399545
36677,12583,12583,17,1.6287055715999603
36678,12584,12584,17,1.9730941043994428
36679,12585,12585,17,5.586845820865452
36680,12586,12586,17,8.07335456613886
36681,12587,12587,17,2.0893467391702534
36682,12588,12588,17,2.403453382329598
36683,12589,12589,17,38.807428652436656
36684,12590,12590,17,11.76222092906424
36685,12591,12591,17,24.005364731904837
36686,12592,12592,17,17.287084242083193
36687,12593,12593,17,1.833334716075331
36688,12594,12594,17,17.730415333425103
36689,12595,12595,17,28.674034640690177
36690,12596,12596,17,15.05066467981031
36691,12597,12597,17,12.792227389495569
36692,12598,12598,17,22.551223802994148
36693,12599,12599,17,4.6379290389471945
36694,12600,12600,17,2.211970475053161
36695,12601,12601,17,2.6036951075864656
36696,12602,12602,17,2.674355279414601
36697,12603,12603,17,32.01546984829327
36698,12604,12604,17,9.847580282206756
36699,12605,12605,17,9.020728564855052
36700,12606,12606,17,18.84417217314961
36701,12607,12607,17,13.333810571144074
36702,12608,12608,17,34.01744044134003
36703,12609,12609,17,0.8634888482661173
36704,12610,12610,17,5.765011367735803
36705,12611,12611,17,17.580905830767215
36706,12612,12612,17,31.630193867735617
36707,12613,12613,17,2.414622262292579
36708,12614,12614,17,6.315377611709625
36709,12615,12615,17,5.277607923835904
36710,12616,12616,17,6.43859234166618
36711,12617,12617,17,52.41987730990026
36712,12618,12618,17,34.645673122104675
36713,12619,12619,17,29.117337979390356
36714,12620,12620,17,1.8503117506115208
36715,12621,12621,17,5.576070434233308
36716,12622,12622,17,7.276829399269379
36717,12623,12623,17,23.506885844901014
36718,12624,12624,17,58.14696401109116
36719,12625,12625,17,51.41518676601503
36720,12626,12626,17,57.55771213598061
36721,12627,12627,17,20.025541188609157
36722,12628,12628,17,19.624859076884373
36723,12629,12629,17,22.853284542443077
36724,12630,12630,17,9.224515151558384
36725,12631,12631,17,9.938088680888772
36726,12632,12632,17,22.11046135511174
36727,12633,12633,17,23.81571427923033
36728,12634,12634,17,33.30458488826865
36729,12635,12635,17,20.568581743067323
36730,12636,12636,17,25.189667905908653
36731,12637,12637,17,7.9613413165934945
36732,12638,12638,17,26.61125856640121
36733,12639,12639,17,62.20372094984892
36734,12640,12640,17,51.06982842016136
36735,12641,12641,17,2.0011503420000225
36736,12642,12642,17,49.564375367445145
36737,12643,12643,17,24.993423984557115
36738,12644,12644,17,13.369946368213444
36739,12645,12645,17,5.57190436078515
36740,12646,12646,17,40.37689453811318
36741,12647,12647,17,6.721904840885829
36742,12648,12648,17,0.8941502475008964
36743,12649,12649,17,4.314235249373242
36744,12650,12650,17,11.146415160135955
36745,12651,12651,17,18.134501796462327
36746,12652,12652,17,35.13199875253839
36747,12653,12653,17,31.39556671494189
36748,12654,12654,17,47.979683154615046
36749,12655,12655,17,0.4612500495000332
36750,12656,12656,17,45.19382734419381
36751,12657,12657,17,11.881021233796254
36752,12658,12658,17,8.14083264605011
36753,12659,12659,17,16.67486719194469
36754,12660,12660,17,56.41635787134607
36755,12661,12661,17,6.982791174658783
36756,12662,12662,17,13.77534414489438
36757,12663,12663,17,33.11645734910544
36758,12664,12664,17,23.268562752165447
36759,12665,12665,17,11.79318851232529
36760,12666,12666,17,1.1902190812403857
36761,12667,12667,17,10.630380851257115
36762,12668,12668,17,1.2518996399997175
36763,12669,12669,17,42.964352112958046
36764,12670,12670,17,34.16339874654377
36765,12671,12671,17,13.330877617458492
36766,12672,12672,17,16.082022859541997
36767,12673,12673,17,0.0598500179999247
36768,12674,12674,17,1.5583501259998231
36769,12675,12675,17,5.328381859421619
36770,12676,12676,17,5.535967335077052
36771,12677,12677,17,0.9701997524998188
36772,12678,12678,17,0.3393000855002701
36773,12679,12679,17,2.842557187214494
36774,12680,12680,17,10.795592857786223
36775,12681,12681,17,5.194731357342433
36776,12682,12682,17,12.277419106155527
36777,12683,12683,17,9.999497136917888
36778,12684,12684,17,30.041052125075907
36779,12685,12685,17,14.164299110272914
36780,12686,12686,17,22.414401623231768
36781,12687,12687,17,12.894414773197862
36782,12688,12688,17,22.22268573530119
36783,12689,12689,17,9.208753498213335
36784,12690,12690,17,1.6335459257847318
36785,12691,12691,17,1.746000099000245
36786,12692,12692,17,24.00593777310057
36787,12693,12693,17,7.647511632898755
36788,12694,12694,17,3.544827688474983
36789,12695,12695,17,1.7809224600264653
36790,12696,12696,17,11.59321742141176
36791,12697,12697,17,2.133132466085501
36792,12698,12698,17,9.042520538350164
36793,12699,12699,17,4.314379650649602
36794,12700,12700,17,5.493847273197383
36795,12701,12701,17,8.309452587304182
36796,12702,12702,17,3.8125844281173946
36797,12703,12703,17,12.463015949885488
36798,12704,12704,17,2.6327676704192458
36799,12705,12705,17,3.808532374578822
36800,12706,12706,17,2.823524560918249
36801,12707,12707,17,3.04447502958291
36802,12708,12708,17,19.933859476186218
36803,12709,12709,17,5.823639625789816
36804,12710,12710,17,2.331139509308916
36805,12711,12711,17,3.638561071191944
36806,12712,12712,17,6.269921223584235
36807,12713,12713,17,7.750278443415143
36808,12714,12714,17,12.05743220718959
36809,12715,12715,17,41.03806742830478
36810,12716,12716,17,30.34240325602442
36811,12717,12717,17,18.020897684475884
36812,12718,12718,17,1.1585655881920531
36813,12719,12719,17,9.105935032809052
36814,12720,12720,17,5.3770132923823
36815,12721,12721,17,18.919386685119107
36816,12722,12722,17,5.1042618361482175
36817,12723,12723,17,1.04678793885234
36818,12724,12724,17,0.0922499775000512
36819,12725,12725,17,2.0202441222206358
36820,12726,12726,17,1.4758055087797604
36821,12727,12727,17,4.84284698950991
36822,12728,12728,17,4.9262035819881484
36823,12729,12729,17,4.677856244282782
36824,12730,12730,17,0.9453438817194324
36825,12731,12731,17,9.1927089977462
36826,12732,12732,17,11.521691528751727
36827,12733,12733,17,6.26047103144598
36828,12734,12734,17,3.8082926899014815
36829,12735,12735,17,4.2902690723638575
36830,12736,12736,17,1.7581668912887052
36831,12737,12737,17,5.737525878975868
36832,12738,12738,17,6.1658740850292295
36833,12739,12739,17,20.854366239747318
36834,12740,12740,17,11.2099348852529
36835,12741,12741,17,4.2343280080529
36836,12742,12742,17,2.8045719064471304
36837,12743,12743,17,7.622057275684595
36838,12744,12744,17,8.364193664816582
36839,12745,12745,17,8.72339746387872
36840,12746,12746,17,13.307702162610688
36841,12747,12747,17,18.42928978025532
36842,12748,12748,17,19.991260444746143
36843,12749,12749,17,10.488894730953694
36844,12750,12750,17,14.178756164548696
36845,12751,12751,17,12.694351679230929
36846,12752,12752,17,19.67729851875861
36847,12753,12753,17,20.498891747004897
36848,12754,12754,17,21.883008374498417
36849,12755,12755,17,19.54212935402072
36850,12756,12756,17,34.6842205469752
36851,12757,12757,17,58.10054598847792
36852,12758,12758,17,8.481454227535783
36853,12759,12759,17,20.11838339461878
36854,12760,12760,17,9.36471589437712
36855,12761,12761,17,1.761894376161009
36856,12762,12762,17,32.46915560134193
36857,12763,12763,17,10.455695837147031
36858,12764,12764,17,1.5719038838516477
36859,12765,12765,17,1.2906001484996974
36860,12766,12766,17,17.87883119587709
36861,12767,12767,17,9.82181934412571
36862,12768,12768,17,79.26456638301343
36863,12769,12769,17,8.9507328294771
36864,12770,12770,17,14.55819304448095
36865,12771,12771,17,14.419556388514996
36866,12772,12772,17,45.55429526900204
36867,12773,12773,17,41.56615501002239
36868,12774,12774,17,17.08627913370262
36869,12775,12775,17,15.17782012829992
36870,12776,12776,17,11.89651944865182
36871,12777,12777,17,12.074529867346689
36872,12778,12778,17,38.07933118685937
36873,12779,12779,17,46.99362006862625
36874,12780,12780,17,0.6475986554358453
36875,12781,12781,17,2.2310515110644324
36876,12782,12782,17,34.68810935516638
36877,12783,12783,17,0.8888903658437385
36878,12784,12784,17,18.055498854742066
36879,12785,12785,17,30.21194996626092
36880,12786,12786,17,2.3330926983015834
36881,12787,12787,17,0.6522071441988609
36882,12788,12788,17,33.700047226967065
36883,12789,12789,17,14.51520199002432
36884,12790,12790,17,16.21469938492063
36885,12791,12791,17,21.133950219081253
36886,12792,12792,17,13.45955639702411
36887,12793,12793,17,0.6776433194762915
36888,12794,12794,17,27.871038823553445
36889,12795,12795,17,6.525611405941695
36890,12796,12796,17,17.27690212111896
36891,12797,12797,17,12.284498342377796
36892,12798,12798,17,8.40765981650597
36893,12799,12799,17,13.576189989999548
36894,12800,12800,17,21.423305686434414
36895,12801,12801,17,31.76894428205693
36896,12802,12802,17,1.727999514000118
36897,12803,12803,17,22.07649183237451
36898,12804,12804,17,15.692909738129512
36899,12805,12805,17,8.018085603545696
36900,12806,12806,17,7.087964216458384
36901,12807,12807,17,39.79012828193578
36902,12808,12808,17,12.685271011560811
36903,12809,12809,17,20.87945629043749
36904,12810,12810,17,13.824543016568958
36905,12811,12811,17,27.79374343804312
36906,12812,12812,17,13.846107443964332
36907,12813,12813,17,4.528514863595441
36908,12814,12814,17,6.772335244404196
36909,12815,12815,17,13.78482691765386
36910,12816,12816,17,8.300273667349137
36911,12817,12817,17,7.335918695483476
36912,12818,12818,17,8.7461805980201
36913,12819,12819,17,4.430545795937985
36914,12820,12820,17,3.149703799064293
36915,12821,12821,17,4.067153589238822
36916,12822,12822,17,3.493765311001256
36917,12823,12823,17,1.6109805057599562
36918,12824,12824,17,11.999675052451208
36919,12825,12825,17,5.014376176053223
36920,12826,12826,17,8.489807979281961
36921,12827,12827,17,6.297642232213393
36922,12828,12828,17,7.420381362657152
36923,12829,12829,17,3.162268907342756
36924,12830,12830,17,8.88468660707146
36925,12831,12831,17,15.049756268583774
36926,12832,12832,17,4.334989469089002
36927,12833,12833,17,3.2431665572594555
36928,12834,12834,17,9.260508315636796
36929,12835,12835,17,36.603483146274094
36930,12836,12836,17,4.15983972130505
36931,12837,12837,17,27.832468362282683
36932,12838,12838,17,1.9689160290336312
36933,12839,12839,17,1.0744342724678368
36934,12840,12840,17,17.628613288344756
36935,12841,12841,17,11.724436036650262
36936,12842,12842,17,0.006750013500005
36937,12843,12843,17,16.670662519892872
36938,12844,12844,17,18.80553708410657
36939,12845,12845,17,82.96114625389212
36940,12846,12846,17,22.77265454713095
36941,12847,12847,17,13.068831385992649
36942,12848,12848,17,19.674518159500256
36943,12849,12849,17,51.25017048909907
36944,12850,12850,17,55.14963008690341
36945,12851,12851,17,38.336272365073086
36946,12852,12852,17,10.9904787734375
36947,12853,12853,17,4.2191479111301895
36948,12854,12854,17,2.758552327370737
36949,12855,12855,17,31.173901223137683
36950,12856,12856,17,12.845548250341
36951,12857,12857,17,4.879886931221485
36952,12858,12858,17,9.613262564776957
36953,12859,12859,17,60.02264365031339
36954,12860,12860,17,26.854357312692557
36955,12861,12861,17,47.487377983891705
36956,12862,12862,17,21.372972119607383
36957,12863,12863,17,48.942201808719126
36958,12864,12864,17,33.080198047261504
36959,12865,12865,17,19.515391960947067
36960,12866,12866,17,25.65290890307188
36961,12867,12867,17,27.134577407380224
36962,12868,12868,17,24.316171872612145
36963,12869,12869,17,1.756799856000543
36964,12870,12870,17,22.65723022743772
36965,12871,12871,17,51.25257013707857
36966,12872,12872,17,8.108280569281995
36967,12873,12873,17,44.07911905721245
36968,12874,12874,17,13.41700252796398
36969,12875,12875,17,13.946146797037452
36970,12876,12876,17,26.555365839979128
36971,12877,12877,17,23.75373372802229
36972,12878,12878,17,33.768610396587654
36973,12879,12879,17,0.6995886179085634
36974,12880,12880,17,13.866702529600948
36975,12881,12881,17,11.465597398403958
36976,12882,12882,17,19.093639155338384
36977,12883,12883,17,11.998662199160814
36978,12884,12884,17,2.35031592123304
36979,12885,12885,17,1.7824845557655002
36980,12886,12886,17,49.495417524386944
36981,12887,12887,17,14.280832592613727
36982,12888,12888,17,45.89951572626436
36983,12889,12889,17,31.567083148757344
36984,12890,12890,17,1.1250919176564813
36985,12891,12891,17,1.8620086043430204
36986,12892,12892,17,27.25524900098002
36987,12893,12893,17,35.35505145802046
36988,12894,12894,17,23.443764176690937
36989,12895,12895,17,0.5317854408134215
36990,12896,12896,17,12.06487914996776
36991,12897,12897,17,27.52567179954043
36992,12898,12898,17,49.69533227640614
36993,12899,12899,17,13.777167624614808
36994,12900,12900,17,13.3216896955171
36995,12901,12901,17,0.0581602234860993
36996,12902,12902,17,25.02662545877132
36997,12903,12903,17,14.1472246582419
36998,12904,12904,17,23.256218003183864
36999,12905,12905,17,12.903082208316787
37000,12906,12906,17,16.633488362692656
37001,12907,12907,17,18.925961844307945
37002,12908,12908,17,0.3850531308858581
37003,12909,12909,17,36.471748507111954
37004,12910,12910,17,11.102823433576637
37005,12911,12911,17,4.665626071413
37006,12912,12912,17,6.029012853401412
37007,12913,12913,17,30.60863666059199
37008,12914,12914,17,43.91425954869196
37009,12915,12915,17,8.74490093344003
37010,12916,12916,17,5.4513380011301935
37011,12917,12917,17,6.773651800241046
37012,12918,12918,17,26.511282600580657
37013,12919,12919,17,2.076318195917412
37014,12920,12920,17,32.73102892804438
37015,12921,12921,17,6.748821899966564
37016,12922,12922,17,7.650788870777369
37017,12923,12923,17,21.6806600492062
37018,12924,12924,17,17.616024476067917
37019,12925,12925,17,20.42472617643692
37020,12926,12926,17,12.52019704842621
37021,12927,12927,17,15.665103883077384
37022,12928,12928,17,5.632973282827527
37023,12929,12929,17,2.7151930682058336
37024,12930,12930,17,10.60268391446854
37025,12931,12931,17,9.027464013562405
37026,12932,12932,17,1.215885900937221
37027,12933,12933,17,23.57821609980754
37028,12934,12934,17,10.277681925164355
37029,12935,12935,17,7.897621489993624
37030,12936,12936,17,6.62421006761092
37031,12937,12937,17,6.178469890929809
37032,12938,12938,17,2.7238332763788105
37033,12939,12939,17,1.5835665571202784
37034,12940,12940,17,1.5804001980008149
37035,12941,12941,17,12.903263972591756
37036,12942,12942,17,12.929435505412116
37037,12943,12943,17,1.6119515489720144
37038,12944,12944,17,1.196498563526854
37039,12945,12945,17,4.212961103084847
37040,12946,12946,17,4.058038851917006
37041,12947,12947,17,23.381797987425365
37042,12948,12948,17,14.699901819076551
37043,12949,12949,17,27.181918965571032
37044,12950,12950,17,8.837430548428232
37045,12951,12951,17,32.657642860164174
37046,12952,12952,17,22.32290807583037
37047,12953,12953,17,0.8378999009992294
37048,12954,12954,17,3.219448152761776
37049,12955,12955,17,3.830703125388339
37050,12956,12956,17,3.037750811764792
37051,12957,12957,17,5.677846794086961
37052,12958,12958,17,1.2910113844813182
37053,12959,12959,17,3.383138674018789
37054,12960,12960,17,19.59172135999197
37055,12961,12961,17,1.376028811009733
37056,12962,12962,17,9.969279096678832
37057,12963,12963,17,5.590820646818158
37058,12964,12964,17,2.0713500585001707
37059,12965,12965,17,21.624349807438183
37060,12966,12966,17,33.71935061556442
37061,12967,12967,17,0.0058499775000512
37062,12968,12968,17,4.754148080566242
37063,12969,12969,17,1.8356512489336505
37064,12970,12970,17,30.706396022433815
37065,12971,12971,17,19.8734072414171
37066,12972,12972,17,59.37274757256191
37067,12973,12973,17,31.446252539941067
37068,12974,12974,17,33.03469205042097
37069,12975,12975,17,1.2868081160791014
37070,12976,12976,17,18.09645050951384
37071,12977,12977,17,9.420599827986049
37072,12978,12978,17,44.95667851007122
37073,12979,12979,17,29.530021912915316
37074,12980,12980,17,38.53906071296781
37075,12981,12981,17,14.074938171033743
37076,12982,12982,17,31.34617278771048
37077,12983,12983,17,7.688177770283103
37078,12984,12984,17,18.874546879647315
37079,12985,12985,17,5.612653183351185
37080,12986,12986,17,19.560563428293587
37081,12987,12987,17,16.55283577070382
37082,12988,12988,17,11.27711236802369
37083,12989,12989,17,2.5086375599762705
37084,12990,12990,17,2.4914589499874413
37085,12991,12991,17,9.63469012301275
37086,12992,12992,17,31.816739300320418
37087,12993,12993,17,34.19196081217898
37088,12994,12994,17,17.275709993108293
37089,12995,12995,17,8.809440092394077
37090,12996,12996,17,15.886356075930864
37091,12997,12997,17,11.375093055567843
37092,12998,12998,17,5.556895273938715
37093,12999,12999,17,14.623355014061245
37094,13000,13000,17,9.11401793974775
37095,13001,13001,17,11.457281695754633
37096,13002,13002,17,15.05337695943421
37097,13003,13003,17,15.327472599561425
37098,13004,13004,17,22.81725897992504
37099,13005,13005,17,25.877241222570778
37100,13006,13006,17,8.815824526265562
37101,13007,13007,17,8.767475158735044
37102,13008,13008,17,17.41154138904958
37103,13009,13009,17,27.29685985746838
37104,13010,13010,17,12.678998824205078
37105,13011,13011,17,18.105501423295475
37106,13012,13012,17,3.147387942408018
37107,13013,13013,17,3.162961981093812
37108,13014,13014,17,15.74138250169316
37109,13015,13015,17,0.6224173408020786
37110,13016,13016,17,24.79725363626826
37111,13017,13017,17,15.718045864232533
37112,13018,13018,17,8.648880195097219
37113,13019,13019,17,7.826069543903849
37114,13020,13020,17,36.81404238122778
37115,13021,13021,17,14.014357546776056
37116,13022,13022,17,9.44072973526596
37117,13023,13023,17,9.196470728229702
37118,13024,13024,17,13.468346742042936
37119,13025,13025,17,20.98320395545644
37120,13026,13026,17,24.861302563386197
37121,13027,13027,17,14.531696383615374
37122,13028,13028,17,1.2610017704002707
37123,13029,13029,17,4.59079802259782
37124,13030,13030,17,3.1494443919875024
37125,13031,13031,17,2.072356134514015
37126,13032,13032,17,32.84512251798877
37127,13033,13033,17,10.446227167011545
37128,13034,13034,17,6.168150618698895
37129,13035,13035,17,12.514499246297866
37130,13036,13036,17,0.6840005624990761
37131,13037,13037,17,22.956448948382494
37132,13038,13038,17,2.2953002956152924
37133,13039,13039,17,4.484165121405825
37134,13040,13040,17,30.994077820091796
37135,13041,13041,17,3.1682072474994944
37136,13042,13042,17,8.103969298522175
37137,13043,13043,17,21.00248066547981
37138,13044,13044,17,2.2929059779037013
37139,13045,13045,17,1.808394157096724
37140,13046,13046,17,4.964299423742518
37141,13047,13047,17,0.5734010217566318
37142,13048,13048,17,0.3640500765002369
37143,13049,13049,17,21.139305495526106
37144,13050,13050,17,19.173494616969823
37145,13051,13051,17,16.687276853638306
37146,13052,13052,17,24.192521773863568
37147,13053,13053,17,1.4183997570025997
37148,13054,13054,17,0.4315498470000625
37149,13055,13055,17,15.440941494430035
37150,13056,13056,17,10.154608771066878
37151,13057,13057,17,11.00652484815321
37152,13058,13058,17,25.40432550285159
37153,13059,13059,17,2.983370752806306
37154,13060,13060,17,24.492730174193174
37155,13061,13061,17,27.82523635563564
37156,13062,13062,17,24.862112087362853
37157,13063,13063,17,17.68959233144308
37158,13064,13064,17,29.748506471558795
37159,13065,13065,17,23.464826576683077
37160,13066,13066,17,21.927123675321816
37161,13067,13067,17,14.799450020316408
37162,13068,13068,17,18.749399345182542
37163,13069,13069,17,0.4590001620002836
37164,13070,13070,17,9.911590688118697
37165,13071,13071,17,18.76960946488173
37166,13072,13072,17,36.08534687240579
37167,13073,13073,17,1.683603060097415
37168,13074,13074,17,34.63651166538429
37169,13075,13075,17,11.28058816811134
37170,13076,13076,17,23.509920224067272
37171,13077,13077,17,15.125280662433209
37172,13078,13078,17,15.77134936078176
37173,13079,13079,17,20.43744960421156
37174,13080,13080,17,82.52035510735327
37175,13081,13081,17,19.12519460913389
37176,13082,13082,17,58.60526585530004
37177,13083,13083,17,3.7021835596998174
37178,13084,13084,17,27.10450743911378
37179,13085,13085,17,4.927842826379586
37180,13086,13086,17,18.725947181370987
37181,13087,13087,17,21.683603696138626
37182,13088,13088,17,34.141657785753814
37183,13089,13089,17,38.2898922547563
37184,13090,13090,17,17.80451081799474
37185,13091,13091,17,32.680089560000894
37186,13092,13092,17,19.2209306599008
37187,13093,13093,17,22.26681906560099
37188,13094,13094,17,38.62760102268935
37189,13095,13095,17,19.223499323809985
37190,13096,13096,17,48.11126276715908
37191,13097,13097,17,18.459486080841096
37192,13098,13098,17,17.34335362757975
37193,13099,13099,17,12.689647501910896
37194,13100,13100,17,42.92282716917409
37195,13101,13101,17,33.22896419735586
37196,13102,13102,17,0.0053999864999949
37197,13103,13103,17,42.594749874004336
37198,13104,13104,17,0.0090000359999537
37199,13105,13105,17,1.0651118336132914
37200,13106,13106,17,30.066788647893382
37201,13107,13107,17,13.2946614158175
37202,13108,13108,17,35.985288863186526
37203,13109,13109,17,3.760591667112232
37204,13110,13110,17,4.431208629887253
37205,13111,13111,17,6.374520890872724
37206,13112,13112,17,2.7897289516246544
37207,13113,13113,17,21.369536345608974
37208,13114,13114,17,18.06936477489497
37209,13115,13115,17,0.205650206999883
37210,13116,13116,17,3.405996466705471
37211,13117,13117,17,5.856804050796289
37212,13118,13118,17,4.466585224402893
37213,13119,13119,17,0.9209650065964972
37214,13120,13120,17,1.0460770265985728
37215,13121,13121,17,62.05012723586345
37216,13122,13122,17,3.4309824365945234
37217,13123,13123,17,8.665251436383183
37218,13124,13124,17,1.3070957848865092
37219,13125,13125,17,4.981824279582297
37220,13126,13126,17,3.251553802267261
37221,13127,13127,17,1.285626029764123
37222,13128,13128,17,18.11268332695687
37223,13129,13129,17,42.21881729404676
37224,13130,13130,17,10.753847607559084
37225,13131,13131,17,7.171452018944442
37226,13132,13132,17,7.762180453527018
37227,13133,13133,17,49.71452118447304
37228,13134,13134,17,10.63164242271412
37229,13135,13135,17,11.37875746928496
37230,13136,13136,17,42.90899572152305
37231,13137,13137,17,31.508853013978616
37232,13138,13138,17,59.42216974097323
37233,13139,13139,17,16.45113151312965
37234,13140,13140,17,18.09314820739499
37235,13141,13141,17,5.58726894962433
37236,13142,13142,17,12.238772267318664
37237,13143,13143,17,13.33356915350347
37238,13144,13144,17,11.858139089556497
37239,13145,13145,17,3.6574471350137294
37240,13146,13146,17,10.622402995485544
37241,13147,13147,17,0.1165500315001458
37242,13148,13148,17,2.9184765950571223
37243,13149,13149,17,4.423722900944024
37244,13150,13150,17,10.855364756603905
37245,13151,13151,17,1.3994856438965797
37246,13152,13152,17,1.3617002385000925
37247,13153,13153,17,2.236129052459758
37248,13154,13154,17,1.837271168038836
37249,13155,13155,17,2.9329806877450944
37250,13156,13156,17,0.0104695057549676
37251,13157,13157,17,0.1417501754998415
37252,13158,13158,17,0.0058499775000214
37253,13159,13159,17,2.6214573023062124
37254,13160,13160,17,1.9703416221935064
37255,13161,13161,17,0.2074496040003672
37256,13162,13162,17,0.0305999819999337
37257,13163,13163,17,0.5859002025006897
37258,13164,13164,17,9.3204084123917
37259,13165,13165,17,15.953687727311056
37260,13166,13166,17,23.96749939517413
37261,13167,13167,17,3.9038552481317503
37262,13168,13168,17,0.9823503599991202
37263,13169,13169,17,8.194750399574161
37264,13170,13170,17,35.183449330424665
37265,13171,13171,17,17.499738774661004
37266,13172,13172,17,15.231460874346435
37267,13173,13173,17,6.224545604288131
37268,13174,13174,17,3.0387036217134
37269,13175,13175,17,8.645476803050176
37270,13176,13176,17,12.727723534452512
37271,13177,13177,17,20.510676904523837
37272,13178,13178,17,3.988222897474624
37273,13179,13179,17,7.3717566250882784
37274,13180,13180,17,3.551993235400461
37275,13181,13181,17,15.039253912948212
37276,13182,13182,17,32.29264637955466
37277,13183,13183,17,9.104050860394418
37278,13184,13184,17,16.58059993160444
37279,13185,13185,17,23.99183186288765
37280,13186,13186,17,2.7026176376217435
37281,13187,13187,17,9.18932797640035
37282,13188,13188,17,8.279671510595707
37283,13189,13189,17,12.876667793550045
37284,13190,13190,17,15.522831864454108
37285,13191,13191,17,11.12225079218022
37286,13192,13192,17,24.59154838432845
37287,13193,13193,17,0.5172247235819697
37288,13194,13194,17,5.567675856916472
37289,13195,13195,17,10.310750864515793
37290,13196,13196,17,20.354948113988563
37291,13197,13197,17,1.3156432618181255
37292,13198,13198,17,38.53410809268361
37293,13199,13199,17,12.282860828402132
37294,13200,13200,17,24.62163922110457
37295,13201,13201,17,60.75058260874617
37296,13202,13202,17,5.762567985243077
37297,13203,13203,17,60.1738946525189
37298,13204,13204,17,48.19195560398821
37299,13205,13205,17,3.9159979871384576
37300,13206,13206,17,4.798701625857541
37301,13207,13207,17,37.85722548384438
37302,13208,13208,17,19.67662513265532
37303,13209,13209,17,0.3218429673903882
37304,13210,13210,17,22.930556803109496
37305,13211,13211,17,22.704062653393045
37306,13212,13212,17,49.830987625616906
37307,13213,13213,17,6.694222986127645
37308,13214,13214,17,0.1426258438711203
37309,13215,13215,17,55.00823449764807
37310,13216,13216,17,29.38161669035198
37311,13217,13217,17,26.51514939083476
37312,13218,13218,17,16.13134969117141
37313,13219,13219,17,58.96684939866845
37314,13220,13220,17,16.623250853337638
37315,13221,13221,17,38.03779340092409
37316,13222,13222,17,24.546855600084385
37317,13223,13223,17,31.834826308495344
37318,13224,13224,17,22.37037402900569
37319,13225,13225,17,30.64525306492231
37320,13226,13226,17,24.28714716007375
37321,13227,13227,17,38.67112854571314
37322,13228,13228,17,15.070122849283257
37323,13229,13229,17,31.617646775948888
37324,13230,13230,17,33.50320381355823
37325,13231,13231,17,29.76784374566641
37326,13232,13232,17,26.69500567833633
37327,13233,13233,17,34.963291396056185
37328,13234,13234,17,25.32500944094024
37329,13235,13235,17,20.21082935927313
37330,13236,13236,17,49.45457108624294
37331,13237,13237,17,13.701041632979589
37332,13238,13238,17,65.89135806098824
37333,13239,13239,17,0.1719000630004405
37334,13240,13240,17,30.48744144222775
37335,13241,13241,17,53.38850861625963
37336,13242,13242,17,46.01250035549835
37337,13243,13243,17,2.3254530410425067
37338,13244,13244,17,25.624046261461466
37339,13245,13245,17,13.941148886182532
37340,13246,13246,17,21.604351613323807
37341,13247,13247,17,0.1912499684998095
37342,13248,13248,17,13.82885395332256
37343,13249,13249,17,7.490796199674684
37344,13250,13250,17,8.526386563844499
37345,13251,13251,17,4.187013386649102
37346,13252,13252,17,16.09815144292933
37347,13253,13253,17,18.864598093571075
37348,13254,13254,17,19.202381225104183
37349,13255,13255,17,12.037519202393351
37350,13256,13256,17,43.27267273149185
37351,13257,13257,17,38.48422629199576
37352,13258,13258,17,1.4270627274086476
37353,13259,13259,17,2.761986840591937
37354,13260,13260,17,33.52894094706157
37355,13261,13261,17,22.34845730692775
37356,13262,13262,17,0.2011501484999954
37357,13263,13263,17,28.886160252857387
37358,13264,13264,17,29.223239814641623
37359,13265,13265,17,6.367655748059496
37360,13266,13266,17,14.565443009947725
37361,13267,13267,17,22.68339269925961
37362,13268,13268,17,5.004657485246862
37363,13269,13269,17,26.24981003539944
37364,13270,13270,17,7.606390257109921
37365,13271,13271,17,19.13937622132024
37366,13272,13272,17,19.804523148681312
37367,13273,13273,17,5.908030085844219
37368,13274,13274,17,12.325520215660696
37369,13275,13275,17,26.752599680614768
37370,13276,13276,17,31.12955071988964
37371,13277,13277,17,0.007977868015673
37372,13278,13278,17,34.30902198347886
37373,13279,13279,17,20.791404710974398
37374,13280,13280,17,16.05594567152937
37375,13281,13281,17,15.597063821721196
37376,13282,13282,17,25.70168687578208
37377,13283,13283,17,5.589405710648604
37378,13284,13284,17,8.67334437035057
37379,13285,13285,17,1.5652032471838817
37380,13286,13286,17,5.218996190318853
37381,13287,13287,17,11.222690497446775
37382,13288,13288,17,0.4539103710545227
37383,13289,13289,17,31.51069587491387
37384,13290,13290,17,12.592903009090673
37385,13291,13291,17,10.789489311896682
37386,13292,13292,17,24.133210076106028
37387,13293,13293,17,57.23880020784162
37388,13294,13294,17,35.93505128615959
37389,13295,13295,17,0.8500502790010571
37390,13296,13296,17,27.04770732420698
37391,13297,13297,17,4.175541762296338
37392,13298,13298,17,3.426425224614054
37393,13299,13299,17,8.921574973387074
37394,13300,13300,17,10.057198714701064
37395,13301,13301,17,5.299501924295493
37396,13302,13302,17,38.91503029525095
37397,13303,13303,17,35.97351963725559
37398,13304,13304,17,34.35971200628418
37399,13305,13305,17,4.338937692229085
37400,13306,13306,17,11.012270496631466
37401,13307,13307,17,25.29507898136972
37402,13308,13308,17,0.189000121500045
37403,13309,13309,17,21.452854771415605
37404,13310,13310,17,30.241344675078224
37405,13311,13311,17,3.246054355273217
37406,13312,13312,17,12.191195941728363
37407,13313,13313,17,14.957578660478651
37408,13314,13314,17,26.6012714115148
37409,13315,13315,17,58.38896163093552
37410,13316,13316,17,6.60993786056423
37411,13317,13317,17,9.179380721136557
37412,13318,13318,17,10.164319530863954
37413,13319,13319,17,13.38528610611564
37414,13320,13320,17,10.688814496883436
37415,13321,13321,17,1.1497202129200474
37416,13322,13322,17,1.818029508079594
37417,13323,13323,17,46.57896466070667
37418,13324,13324,17,0.4181350782938823
37419,13325,13325,17,11.628450312034756
37420,13326,13326,17,16.11315008396383
37421,13327,13327,17,10.254425799395683
37422,13328,13328,17,25.65242323761076
37423,13329,13329,17,7.064186445375524
37424,13330,13330,17,36.28701312262477
37425,13331,13331,17,10.243715597411542
37426,13332,13332,17,29.72483471759024
37427,13333,13333,17,22.34194042506424
37428,13334,13334,17,8.845759655935698
37429,13335,13335,17,11.51318697325346
37430,13336,13336,17,4.929812905244884
37431,13337,13337,17,25.525894249772207
37432,13338,13338,17,5.648306033728192
37433,13339,13339,17,11.362727071091474
37434,13340,13340,17,12.008473428401414
37435,13341,13341,17,29.09687520195305
37436,13342,13342,17,10.894624775547443
37437,13343,13343,17,41.90968384346634
37438,13344,13344,17,4.292716156534158
37439,13345,13345,17,22.137182717363224
37440,13346,13346,17,11.957067120627224
37441,13347,13347,17,14.1758626749558
37442,13348,13348,17,31.091436735534327
37443,13349,13349,17,17.553545901073267
37444,13350,13350,17,12.53525439591692
37445,13351,13351,17,16.885272790640933
37446,13352,13352,17,29.01742756033348
37447,13353,13353,17,2.5177328441398887
37448,13354,13354,17,17.998667767862038
37449,13355,13355,17,12.558915246754989
37450,13356,13356,17,19.49098426274443
37451,13357,13357,17,20.92266046097646
37452,13358,13358,17,15.614639413004571
37453,13359,13359,17,1.556099792999368
37454,13360,13360,17,13.618425851768254
37455,13361,13361,17,3.068024134729177
37456,13362,13362,17,6.084374768826939
37457,13363,13363,17,41.349225757675335
37458,13364,13364,17,22.612610721182808
37459,13365,13365,17,15.025389386817691
37460,13366,13366,17,8.218082591007233
37461,13367,13367,17,1.5811174584919232
37462,13368,13368,17,8.1079516166901
37463,13369,13369,17,54.84434883329993
37464,13370,13370,17,21.93255406054396
37465,13371,13371,17,18.46844543546908
37466,13372,13372,17,13.852416667728976
37467,13373,13373,17,23.16908352576804
37468,13374,13374,17,1.2587511858369858
37469,13375,13375,17,5.144748400162421
37470,13376,13376,17,25.741335540637344
37471,13377,13377,17,6.461115062357709
37472,13378,13378,17,0.0017999775000363
37473,13379,13379,17,19.098845697170585
37474,13380,13380,17,17.759753839324183
37475,13381,13381,17,12.289189103023244
37476,13382,13382,17,4.331560986972615
37477,13383,13383,17,35.821208219038205
37478,13384,13384,17,45.97979231195509
37479,13385,13385,17,38.49366838017697
37480,13386,13386,17,33.833931174323354
37481,13387,13387,17,24.6823686514002
37482,13388,13388,17,12.236981290097583
37483,13389,13389,17,12.169857872969866
37484,13390,13390,17,9.848641735529943
37485,13391,13391,17,11.180533260623829
37486,13392,13392,17,7.865717337880515
37487,13393,13393,17,0.0117000090000033
37488,13394,13394,17,0.1075501170002222
37489,13395,13395,17,1.997550211499214
37490,13396,13396,17,29.6276481330038
37491,13397,13397,17,27.905300962491275
37492,13398,13398,17,71.48488221449563
37493,13399,13399,17,61.78846859550568
37494,13400,13400,17,1.2996365266527794
37495,13401,13401,17,1.6915131043480636
37496,13402,13402,17,0.0071999774999357
37497,13403,13403,17,13.44826248326531
37498,13404,13404,17,6.108738254731151
37499,13405,13405,17,0.1325270680482983
37500,13406,13406,17,3.774372567451169
37501,13407,13407,17,11.922672305086538
37502,13408,13408,17,4.494676992912503
37503,13409,13409,17,66.41390416080624
37504,13410,13410,17,59.05419674820273
37505,13411,13411,17,23.130311797924524
37506,13412,13412,17,29.4728860060784
37507,13413,13413,17,18.67547672530803
37508,13414,13414,17,20.47947397218385
37509,13415,13415,17,26.411310558880796
37510,13416,13416,17,28.17189114212937
37511,13417,13417,17,18.03353538639644
37512,13418,13418,17,18.694114393106677
37513,13419,13419,17,5.858181209295392
37514,13420,13420,17,18.067417881702163
37515,13421,13421,17,21.89840492567462
37516,13422,13422,17,60.31614469182021
37517,13423,13423,17,14.33096760188803
37518,13424,13424,17,34.82838193011407
37519,13425,13425,17,31.962509985498727
37520,13426,13426,17,18.784891022491465
37521,13427,13427,17,55.25610363033184
37522,13428,13428,17,21.458546837666024
37523,13429,13429,17,47.04990210009609
37524,13430,13430,17,38.37629830040121
37525,13431,13431,17,18.292721580247427
37526,13432,13432,17,55.81057781675045
37527,13433,13433,17,4.33287319236964
37528,13434,13434,17,2.2294764296268226
37529,13435,13435,17,0.000449991000045
37530,13436,13436,17,1.8661500315005108
37531,13437,13437,17,29.578574887967527
37532,13438,13438,17,40.084124815040944
37533,13439,13439,17,12.130638101930147
37534,13440,13440,17,11.513712672071986
37535,13441,13441,17,40.812105630201344
37536,13442,13442,17,24.1993954993001
37537,13443,13443,17,15.524458275795638
37538,13444,13444,17,16.088491899700518
37539,13445,13445,17,14.713691304966412
37540,13446,13446,17,23.167307574531765
37541,13447,13447,17,35.444488661990285
37542,13448,13448,17,10.6706116395038
37543,13449,13449,17,35.00834760158484
37544,13450,13450,17,34.73355294742716
37545,13451,13451,17,0.00135002700001
37546,13452,13452,17,26.06130565322587
37547,13453,13453,17,63.95939365826407
37548,13454,13454,17,30.41804085682744
37549,13455,13455,17,30.17580935917246
37550,13456,13456,17,1.1473106388350502
37551,13457,13457,17,3.795039901165953
37552,13458,13458,17,1.2691692606444358
37553,13459,13459,17,2.166131301855829
37554,13460,13460,17,16.70490877309008
37555,13461,13461,17,8.82809083991032
37556,13462,13462,17,10.682862686455223
37557,13463,13463,17,4.853836593545022
37558,13464,13464,17,66.25711772885585
37559,13465,13465,17,10.409832761641349
37560,13466,13466,17,20.11915301757529
37561,13467,13467,17,16.462696842923588
37562,13468,13468,17,0.0846258558387458
37563,13469,13469,17,43.06902361315858
37564,13470,13470,17,11.927182144283474
37565,13471,13471,17,12.794918188717048
37566,13472,13472,17,8.881390735170104
37567,13473,13473,17,18.228410389827804
37568,13474,13474,17,0.0139498830002322
37569,13475,13475,17,21.78032777134058
37570,13476,13476,17,33.00177127464258
37571,13477,13477,17,18.894519950673665
37572,13478,13478,17,24.52957942831887
37573,13479,13479,17,3.952422306620997
37574,13480,13480,17,3.716477229880366
37575,13481,13481,17,16.943969303581
37576,13482,13482,17,37.51413115993533
37577,13483,13483,17,22.1505525476929
37578,13484,13484,17,69.12924781231803
37579,13485,13485,17,21.693790166083307
37580,13486,13486,17,15.199009995906025
37581,13487,13487,17,18.68153420462484
37582,13488,13488,17,10.630115651376784
37583,13489,13489,17,2.2990504725000336
37584,13490,13490,17,19.15511779607293
37585,13491,13491,17,21.036631969914943
37586,13492,13492,17,15.23322698063904
37587,13493,13493,17,19.41947377086565
37588,13494,13494,17,84.58473179436052
37589,13495,13495,17,12.034768597125463
37590,13496,13496,17,21.34691753403217
37591,13497,13497,17,1.8393326504731848
37592,13498,13498,17,9.894055074205609
37593,13499,13499,17,18.145445600796144
37594,13500,13500,17,31.989461957194774
37595,13501,13501,17,72.56713721029922
37596,13502,13502,17,31.360655442923964
37597,13503,13503,17,26.458494111576737
37598,13504,13504,17,0.026550197999835
37599,13505,13505,17,24.682771414691537
37600,13506,13506,17,26.51147746031189
37601,13507,13507,17,0.0081000404999777
37602,13508,13508,17,31.001073033780973
37603,13509,13509,17,6.158576651225265
37604,13510,13510,17,23.60557518629945
37605,13511,13511,17,11.233874881209166
37606,13512,13512,17,14.116689032263936
37607,13513,13513,17,22.37831183624407
37608,13514,13514,17,20.224008718261583
37609,13515,13515,17,19.50244163275536
37610,13516,13516,17,1.669049815498963
37611,13517,13517,17,27.97582157883966
37612,13518,13518,17,16.27087808815926
37613,13519,13519,17,78.60685225414619
37614,13520,13520,17,21.237797597368115
37615,13521,13521,17,58.765136284172506
37616,13522,13522,17,65.94156326133944
37617,13523,13523,17,36.33699814012487
37618,13524,13524,17,18.72275103636755
37619,13525,13525,17,0.0070610595563948
37620,13526,13526,17,34.315789187946294
37621,13527,13527,17,20.952858714722783
37622,13528,13528,17,9.889241906280704
37623,13529,13529,17,10.222965969338388
37624,13530,13530,17,27.66523385965265
37625,13531,13531,17,20.07109746596461
37626,13532,13532,17,10.17070224152994
37627,13533,13533,17,29.49267289575663
37628,13534,13534,17,28.08797721673821
37629,13535,13535,17,45.73215763831854
37630,13536,13536,17,20.37194244268185
37631,13537,13537,17,7.408234227461577
37632,13538,13538,17,18.56126621353521
37633,13539,13539,17,8.996772493561998
37634,13540,13540,17,18.87667616994246
37635,13541,13541,17,42.15098173297678
37636,13542,13542,17,15.267217389524664
37637,13543,13543,17,2.9386514887325874
37638,13544,13544,17,5.667148803768307
37639,13545,13545,17,2.229279538944237
37640,13546,13546,17,8.549120204556257
37641,13547,13547,17,15.749679748237313
37642,13548,13548,17,29.0433201842602
37643,13549,13549,17,2.647534561443426
37644,13550,13550,17,12.197965771556245
37645,13551,13551,17,70.65600143007275
37646,13552,13552,17,43.00634922244616
37647,13553,13553,17,10.773129238304737
37648,13554,13554,17,0.4305208156961799
37649,13555,13555,17,18.94422490639305
37650,13556,13556,17,42.762024693094375
37651,13557,13557,17,4.728340997441038
37652,13558,13558,17,5.317909106063068
37653,13559,13559,17,3.6147679521412255
37654,13560,13560,17,2.755845905293517
37655,13561,13561,17,2.5870866195639075
37656,13562,13562,17,9.843810847055108
37657,13563,13563,17,4.397339017952501
37658,13564,13564,17,1.736099770500496
37659,13565,13565,17,18.998739604793148
37660,13566,13566,17,46.95865988671029
37661,13567,13567,17,5.9414151802231965
37662,13568,13568,17,8.867184324780315
37663,13569,13569,17,22.742804891367896
37664,13570,13570,17,1.804244177137852
37665,13571,13571,17,27.48115417313683
37666,13572,13572,17,12.111647541366407
37667,13573,13573,17,14.388071066305049
37668,13574,13574,17,12.411679806689747
37669,13575,13575,17,16.18780388615848
37670,13576,13576,17,17.24314577183509
37671,13577,13577,17,12.914029167121738
37672,13578,13578,17,22.91227041437708
37673,13579,13579,17,3.161237821570784
37674,13580,13580,17,10.010712839932085
37675,13581,13581,17,0.0854999909999966
37676,13582,13582,17,13.225317817247973
37677,13583,13583,17,4.289131611253883
37678,13584,13584,17,63.6266694542245
37679,13585,13585,17,38.51748084728159
37680,13586,13586,17,36.10447109425476
37681,13587,13587,17,26.44417819473811
37682,13588,13588,17,15.763934634031951
37683,13589,13589,17,5.644365473970219
37684,13590,13590,17,16.222582955827743
37685,13591,13591,17,19.873267093678265
37686,13592,13592,17,22.902953420048934
37687,13593,13593,17,14.943846642974972
37688,13594,13594,17,8.642745220303894
37689,13595,13595,17,58.69525492818014
37690,13596,13596,17,1.9235842524402735
37691,13597,13597,17,1.4649157340594046
37692,13598,13598,17,28.087989286617574
37693,13599,13599,17,16.10336066388543
37694,13600,13600,17,35.40378946938691
37695,13601,13601,17,40.15661113360847
37696,13602,13602,17,16.009567757864044
37697,13603,13603,17,23.900932462648512
37698,13604,13604,17,7.323609496563256
37699,13605,13605,17,36.86863978793785
37700,13606,13606,17,27.86080145773357
37701,13607,13607,17,20.0619486277626
37702,13608,13608,17,14.326903521016598
37703,13609,13609,17,25.615997036984467
37704,13610,13610,17,20.362334567104952
37705,13611,13611,17,23.87896466789592
37706,13612,13612,17,26.725527009024084
37707,13613,13613,17,9.699274237477548
37708,13614,13614,17,10.123347956570557
37709,13615,13615,17,5.980351863435812
37710,13616,13616,17,29.783348008213316
37711,13617,13617,17,29.361951213281213
37712,13618,13618,17,17.21526196440705
37713,13619,13619,17,30.99458815709884
37714,13620,13620,17,13.048408143532544
37715,13621,13621,17,32.62119198246872
37716,13622,13622,17,7.711631271286726
37717,13623,13623,17,14.017519318228318
37718,13624,13624,17,22.85397744578028
37719,13625,13625,17,26.87012304921283
37720,13626,13626,17,23.00403236737636
37721,13627,13627,17,19.91426728610717
37722,13628,13628,17,17.849907835403116
37723,13629,13629,17,9.291391107094643
37724,13630,13630,17,136.1321536309935
37725,13631,13631,17,7.069095518510017
37726,13632,13632,17,12.328320250606897
37727,13633,13633,17,9.198418948558317
37728,13634,13634,17,16.70346129582419
37729,13635,13635,17,21.310597215224654
37730,13636,13636,17,18.762353630772857
37731,13637,13637,17,0.4544999279993773
37732,13638,13638,17,2.641171371023215
37733,13639,13639,17,6.397009598700799
37734,13640,13640,17,4.953219030294897
37735,13641,13641,17,2.3777998695007563
37736,13642,13642,17,2.23919959049952
37737,13643,13643,17,16.944880041016074
37738,13644,13644,17,9.618170179484636
37739,13645,13645,17,1.6213503780000658
37740,13646,13646,17,2.6783528665851204
37741,13647,13647,17,3.4902468274157457
37742,13648,13648,17,6.501222195150822
37743,13649,13649,17,4.766327795844257
37744,13650,13650,17,2.7543720843954085
37745,13651,13651,17,2.6321284826043287
37746,13652,13652,17,3.5299236379567085
37747,13653,13653,17,4.675376456548501
37748,13654,13654,17,0.5744486967587471
37749,13655,13655,17,1.325400320561558
37750,13656,13656,17,4.379001077177879
37751,13657,13657,17,1.2919163910842053
37752,13658,13658,17,1.897683496417776
37753,13659,13659,17,14.278866138143174
37754,13660,13660,17,20.35043412285501
37755,13661,13661,17,15.95197582864374
37756,13662,13662,17,2.7846744008563498
37757,13663,13663,17,8.679191918884188
37758,13664,13664,17,31.5053584366214
37759,13665,13665,17,72.77058682880026
37760,13666,13666,17,5.879962491703633
37761,13667,13667,17,2.171249856000915
37762,13668,13668,17,2.600094271271318
37763,13669,13669,17,2.33325496372962
37764,13670,13670,17,0.9735411722875238
37765,13671,13671,17,4.1758086297144
37766,13672,13672,17,12.358146130555989
37767,13673,13673,17,2.353951284215592
37768,13674,13674,17,23.96674775094819
37769,13675,13675,17,2.033981240923617
37770,13676,13676,17,12.795323075876649
37771,13677,13677,17,0.0094500540001988
37772,13678,13678,17,23.18677880002532
37773,13679,13679,17,2.0496720324829707
37774,13680,13680,17,16.37213778074157
37775,13681,13681,17,21.011611161757664
37776,13682,13682,17,43.82459536446476
37777,13683,13683,17,71.39655544554606
37778,13684,13684,17,0.8577681615170538
37779,13685,13685,17,15.086632022981092
37780,13686,13686,17,13.395464874296517
37781,13687,13687,17,2.573234995207414
37782,13688,13688,17,2.194849995039344
37783,13689,13689,17,2.315949874461824
37784,13690,13690,17,3.1889985583058595
37785,13691,13691,17,12.911101374196388
37786,13692,13692,17,5.040052220083356
37787,13693,13693,17,11.737297977919027
37788,13694,13694,17,12.61396599366317
37789,13695,13695,17,2.2571846363336974
37790,13696,13696,17,3.512783801412448
37791,13697,13697,17,7.8348658610873425
37792,13698,13698,17,3.674963865371704
37793,13699,13699,17,7.634885212132514
37794,13700,13700,17,31.947278005165764
37795,13701,13701,17,59.17862194982581
37796,13702,13702,17,50.70661671085379
37797,13703,13703,17,53.9737324206479
37798,13704,13704,17,35.51185087398537
37799,13705,13705,17,22.254199391500386
37800,13706,13706,17,29.86940516510886
37801,13707,13707,17,22.96734471788456
37802,13708,13708,17,1.9107939549094737
37803,13709,13709,17,2.2332559730905293
37804,13710,13710,17,10.47199643849343
37805,13711,13711,17,31.3307532150102
37806,13712,13712,17,20.6616717442601
37807,13713,13713,17,21.693227985738964
37808,13714,13714,17,43.47320798843947
37809,13715,13715,17,9.92964262806143
37810,13716,13716,17,16.17194066048637
37811,13717,13717,17,2.1367588670054527
37812,13718,13718,17,21.59243521924877
37813,13719,13719,17,9.194764515251636
37814,13720,13720,17,16.64903213406205
37815,13721,13721,17,23.658367991945365
37816,13722,13722,17,2.5048731393073944
37817,13723,13723,17,4.4129768426922
37818,13724,13724,17,5.431503319663298
37819,13725,13725,17,0.9494970673361272
37820,13726,13726,17,7.087336350459307
37821,13727,13727,17,5.856463771042705
37822,13728,13728,17,15.324623941095023
37823,13729,13729,17,19.261026342393905
37824,13730,13730,17,15.720879120995344
37825,13731,13731,17,17.29607055500461
37826,13732,13732,17,37.93609924772713
37827,13733,13733,17,26.705950576777784
37828,13734,13734,17,22.327731564357578
37829,13735,13735,17,16.545519515631497
37830,13736,13736,17,13.169968120733328
37831,13737,13737,17,22.72203215826803
37832,13738,13738,17,11.806592003287554
37833,13739,13739,17,0.0261579967134445
37834,13740,13740,17,1.993069165492706
37835,13741,13741,17,3.047380614006866
37836,13742,13742,17,61.5650125285317
37837,13743,13743,17,20.42678676495956
37838,13744,13744,17,9.816800305063934
37839,13745,13745,17,60.89394953742844
37840,13746,13746,17,12.616006085975062
37841,13747,13747,17,14.475344274028004
37842,13748,13748,17,42.5950823549468
37843,13749,13749,17,28.755567096048296
37844,13750,13750,17,12.96869919566752
37845,13751,13751,17,5.771550718828083
37846,13752,13752,17,24.49629647804051
37847,13753,13753,17,13.1138033779584
37848,13754,13754,17,31.355643112627924
37849,13755,13755,17,6.303057202367563
37850,13756,13756,17,21.03956349846995
37851,13757,13757,17,15.972936794025593
37852,13758,13758,17,21.56116795509112
37853,13759,13759,17,29.49853274691452
37854,13760,13760,17,11.797682808528602
37855,13761,13761,17,20.730117159968124
37856,13762,13762,17,23.35932753903745
37857,13763,13763,17,11.57507250596572
37858,13764,13764,17,10.174688476413548
37859,13765,13765,17,3.710061361586303
37860,13766,13766,17,16.194753563297347
37861,13767,13767,17,3.6547459551974257
37862,13768,13768,17,13.732493274447709
37863,13769,13769,17,5.550007756053105
37864,13770,13770,17,33.44455742127183
37865,13771,13771,17,5.873742898225226
37866,13772,13772,17,9.29843275576842
37867,13773,13773,17,24.523117338735865
37868,13774,13774,17,23.8953363114294
37869,13775,13775,17,31.43171300007644
37870,13776,13776,17,2.822412389737133
37871,13777,13777,17,3.30793763726332
37872,13778,13778,17,7.651681351377569
37873,13779,13779,17,43.6505671456226
37874,13780,13780,17,10.528362737445866
37875,13781,13781,17,11.55313732556361
37876,13782,13782,17,0.7069500630001351
37877,13783,13783,17,8.703825716001898
37878,13784,13784,17,27.542774585495707
37879,13785,13785,17,22.22126330804649
37880,13786,13786,17,11.896837186957478
37881,13787,13787,17,6.096008915825292
37882,13788,13788,17,8.918691259676004
37883,13789,13789,17,16.76707726704236
37884,13790,13790,17,6.058723223456926
37885,13791,13791,17,24.42160566356924
37886,13792,13792,17,9.243794624431654
37887,13793,13793,17,4.929367710484624
37888,13794,13794,17,2.2913318395121096
37889,13795,13795,17,64.52162485904647
37890,13796,13796,17,45.84672533443813
37891,13797,13797,17,4.126517510519534
37892,13798,13798,17,2.9861824039806426
37893,13799,13799,17,29.83363377441108
37894,13800,13800,17,19.57906630659333
37895,13801,13801,17,13.058304824891746
37896,13802,13802,17,12.055745526105383
37897,13803,13803,17,3.739019617751896
37898,13804,13804,17,3.433980278746809
37899,13805,13805,17,17.37403723717332
37900,13806,13806,17,11.034012843824536
37901,13807,13807,17,2.0389502880004344
37902,13808,13808,17,33.09788972246887
37903,13809,13809,17,24.48905999403012
37904,13810,13810,17,10.870627430216938
37905,13811,13811,17,6.612772164781966
37906,13812,13812,17,2.990979746130735
37907,13813,13813,17,1.5463704698697478
37908,13814,13814,17,1.29839156950216
37909,13815,13815,17,2.85541830173254
37910,13816,13816,17,2.604739512264818
37911,13817,13817,17,0.6993001620000303
37912,13818,13818,17,26.33638525256705
37913,13819,13819,17,2.9878646214238813
37914,13820,13820,17,20.345112616662263
37915,13821,13821,17,13.447638337344252
37916,13822,13822,17,17.00935090839304
37917,13823,13823,17,15.324948934096858
37918,13824,13824,17,17.001987803171723
37919,13825,13825,17,21.659310738819737
37920,13826,13826,17,21.177058425373257
37921,13827,13827,17,7.49469209212596
37922,13828,13828,17,8.756820013641507
37923,13829,13829,17,4.0659295588598345
37924,13830,13830,17,12.589092613977671
37925,13831,13831,17,27.51310728252501
37926,13832,13832,17,31.60589399996385
37927,13833,13833,17,5.4426051000265865
37928,13834,13834,17,36.85365190301619
37929,13835,13835,17,37.97999850649267
37930,13836,13836,17,38.05254277684949
37931,13837,13837,17,8.62280694414784
37932,13838,13838,17,16.805664619876943
37933,13839,13839,17,7.817435398127944
37934,13840,13840,17,8.40268424645859
37935,13841,13841,17,14.316061438154302
37936,13842,13842,17,2.0097214999089315
37937,13843,13843,17,21.642682329462527
37938,13844,13844,17,10.134804200449071
37939,13845,13845,17,2.3049958625504674
37940,13846,13846,17,98.83502962360998
37941,13847,13847,17,61.55577176689625
37942,13848,13848,17,74.38874740795025
37943,13849,13849,17,34.084651467040494
37944,13850,13850,17,11.810059192573666
37945,13851,13851,17,9.541091288921445
37946,13852,13852,17,0.32322585614039
37947,13853,13853,17,2.5734242068585758
37948,13854,13854,17,2.0568219199255555
37949,13855,13855,17,2.3634717284686757
37950,13856,13856,17,3.9870565226067294
37951,13857,13857,17,8.014872293598533
37952,13858,13858,17,20.144908254833265
37953,13859,13859,17,2.908218335562609
37954,13860,13860,17,32.717970728766474
37955,13861,13861,17,0.5676287042298727
37956,13862,13862,17,49.18836594869188
37957,13863,13863,17,5.876785239298775
37958,13864,13864,17,12.23906063150558
37959,13865,13865,17,8.410989508002519
37960,13866,13866,17,4.453010462257713
37961,13867,13867,17,8.529426246485915
37962,13868,13868,17,17.004784068002255
37963,13869,13869,17,9.687930046749502
37964,13870,13870,17,4.277008704427526
37965,13871,13871,17,3.434641502574414
37966,13872,13872,17,1.57335295548445
37967,13873,13873,17,3.3406847668119743
37968,13874,13874,17,3.839450139356656
37969,13875,13875,17,3.0909625388456305
37970,13876,13876,17,0.012599963999927
37971,13877,13877,17,1.5079333753421418
37972,13878,13878,17,34.009825206067475
37973,13879,13879,17,22.74689141859737
37974,13880,13880,17,4.842103332390994
37975,13881,13881,17,23.77964057810028
37976,13882,13882,17,10.948237800068457
37977,13883,13883,17,15.66481792044304
37978,13884,13884,17,15.197077228233098
37979,13885,13885,17,2.349773212761417
37980,13886,13886,17,3.661358855975896
37981,13887,13887,17,2.5675407525223792
37982,13888,13888,17,6.385803805631414
37983,13889,13889,17,6.486756633150391
37984,13890,13890,17,2.387389705216352
37985,13891,13891,17,8.582414288886268
37986,13892,13892,17,3.3251362818455696
37987,13893,13893,17,12.76407052527806
37988,13894,13894,17,28.66477400081473
37989,13895,13895,17,34.46146528593631
37990,13896,13896,17,1.3524623602219783
37991,13897,13897,17,6.613291808289618
37992,13898,13898,17,4.473357710209027
37993,13899,13899,17,20.517312244662783
37994,13900,13900,17,27.99947055288306
37995,13901,13901,17,14.468367373446538
37996,13902,13902,17,2.033187753810212
37997,13903,13903,17,6.88952278754802
37998,13904,13904,17,20.463640682630004
37999,13905,13905,17,27.49944631168875
38000,13906,13906,17,12.71525375130099
38001,13907,13907,17,18.15363862649513
38002,13908,13908,17,9.04841169300662
38003,13909,13909,17,7.167237832416374
38004,13910,13910,17,8.571512131586966
38005,13911,13911,17,1.5637500044999422
38006,13912,13912,17,15.739307320741148
38007,13913,13913,17,15.60274124375744
38008,13914,13914,17,2.1960001530072057
38009,13915,13915,17,78.29753580478284
38010,13916,13916,17,30.71461706095912
38011,13917,13917,17,23.821999069532332
38012,13918,13918,17,10.924775208438556
38013,13919,13919,17,13.392706068623363
38014,13920,13920,17,24.17204193737942
38015,13921,13921,17,7.924627905749112
38016,13922,13922,17,35.48687159025402
38017,13923,13923,17,23.690411179366667
38018,13924,13924,17,34.415839450628035
38019,13925,13925,17,1.339727785061121
38020,13926,13926,17,11.585980470181292
38021,13927,13927,17,1.5508646572345195
38022,13928,13928,17,2.1021022242116434
38023,13929,13929,17,32.40509320251058
38024,13930,13930,17,12.202507859501765
38025,13931,13931,17,38.85573376032045
38026,13932,13932,17,29.81931097908283
38027,13933,13933,17,14.888607794466257
38028,13934,13934,17,11.2868966786597
38029,13935,13935,17,46.036752249854025
38030,13936,13936,17,48.23959636415186
38031,13937,13937,17,15.57750849599871
38032,13938,13938,17,11.546241810001916
38033,13939,13939,17,24.787736638695986
38034,13940,13940,17,4.311964162293328
38035,13941,13941,17,21.829396801972507
38036,13942,13942,17,15.023803153023271
38037,13943,13943,17,5.34547283320304
38038,13944,13944,17,39.38047704979088
38039,13945,13945,17,2.5832213514680267
38040,13946,13946,17,2.7402785855322964
38041,13947,13947,17,14.475222031701886
38042,13948,13948,17,3.2471278153005203
38043,13949,13949,17,14.329407809885844
38044,13950,13950,17,28.281092275617677
38045,13951,13951,17,15.910875701057847
38046,13952,13952,17,4.732739636226569
38047,13953,13953,17,1.6836683422297165
38048,13954,13954,17,30.812349879090323
38049,13955,13955,17,24.987432768674733
38050,13956,13956,17,0.301561847733736
38051,13957,13957,17,3.248937949768441
38052,13958,13958,17,6.3126106836464135
38053,13959,13959,17,2.00600172852546
38054,13960,13960,17,49.53905120107254
38055,13961,13961,17,7.246686915876124
38056,13962,13962,17,14.86805817484196
38057,13963,13963,17,8.801941073657215
38058,13964,13964,17,18.21114220052512
38059,13965,13965,17,0.1781082269759029
38060,13966,13966,17,3.653722592649579
38061,13967,13967,17,4.632126754849746
38062,13968,13968,17,23.768142354305308
38063,13969,13969,17,20.72290767719156
38064,13970,13970,17,8.416370991035551
38065,13971,13971,17,14.079578504967504
38066,13972,13972,17,20.89566051862881
38067,13973,13973,17,17.052390003378324
38068,13974,13974,17,1.6629407457973957
38069,13975,13975,17,5.054659231703811
38070,13976,13976,17,1.1621194835376665
38071,13977,13977,17,7.316330372461795
38072,13978,13978,17,2.142978869034029
38073,13979,13979,17,5.5326719094683545
38074,13980,13980,17,23.31010365097682
38075,13981,13981,17,31.27849535001488
38076,13982,13982,17,6.007689076338261
38077,13983,13983,17,15.44516077516075
38078,13984,13984,17,1.0862999145000278
38079,13985,13985,17,28.60285992215025
38080,13986,13986,17,4.6732899698507895
38081,13987,13987,17,4.222666278602369
38082,13988,13988,17,21.330403046399063
38083,13989,13989,17,26.359432381242023
38084,13990,13990,17,43.8249253298987
38085,13991,13991,17,0.7245000089994297
38086,13992,13992,17,9.815260264688956
38087,13993,13993,17,6.786588880312301
38088,13994,13994,17,3.401096815691888
38089,13995,13995,17,13.827603791810596
38090,13996,13996,17,16.22661103458786
38091,13997,13997,17,42.21938948291288
38092,13998,13998,17,26.029590018153847
38093,13999,13999,17,47.16290869485241
38094,14000,14000,17,3.5810002957963945
38095,14001,14001,17,4.85099811410369
38096,14002,14002,17,2.9368017205872925
38097,14003,14003,17,11.32028042509973
38098,14004,14004,17,28.51776994840531
38099,14005,14005,17,25.8518139149791
38100,14006,14006,17,11.182338727570324
38101,14007,14007,17,43.95681042835739
38102,14008,14008,17,12.781221785179318
38103,14009,14009,17,13.932274323966263
38104,14010,14010,17,33.59874258953651
38105,14011,14011,17,17.431995307180465
38106,14012,14012,17,6.178155070819661
38107,14013,14013,17,7.266140707165182
38108,14014,14014,17,0.6840091983335986
38109,14015,14015,17,1.748046641516149
38110,14016,14016,17,21.05570284098199
38111,14017,14017,17,23.957548079653492
38112,14018,14018,17,3.124529758547723
38113,14019,14019,17,14.232872319300933
38114,14020,14020,17,0.3082501665005088
38115,14021,14021,17,2.3347903720988183
38116,14022,14022,17,76.41940795664287
38117,14023,14023,17,7.326152783036098
38118,14024,14024,17,3.2159918883167364
38119,14025,14025,17,0.2919321734504439
38120,14026,14026,17,8.113000318365335
38121,14027,14027,17,48.872867197685466
38122,14028,14028,17,18.895254414649045
38123,14029,14029,17,8.31624679584836
38124,14030,14030,17,48.84866137060517
38125,14031,14031,17,7.140276004948661
38126,14032,14032,17,40.84414395825215
38127,14033,14033,17,6.829348699492484
38128,14034,14034,17,20.845243453482382
38129,14035,14035,17,39.12728263151221
38130,14036,14036,17,1.375825121011628
38131,14037,14037,17,7.515741907420745
38132,14038,14038,17,61.25460791707236
38133,14039,14039,17,3.0794867724813817
38134,14040,14040,17,18.836412633519213
38135,14041,14041,17,50.187431762780726
38136,14042,14042,17,18.185117067218545
38137,14043,14043,17,17.29256340686185
38138,14044,14044,17,35.95008790263334
38139,14045,14045,17,21.838890818526863
38140,14046,14046,17,12.635158645980798
38141,14047,14047,17,5.871726943487566
38142,14048,14048,17,4.161180008739448
38143,14049,14049,17,2.062192917277105
38144,14050,14050,17,10.818307230656073
38145,14051,14051,17,20.388293903336518
38146,14052,14052,17,25.63277599308364
38147,14053,14053,17,9.45597294941502
38148,14054,14054,17,9.093989759155631
38149,14055,14055,17,0.9717000392359948
38150,14056,14056,17,49.29826892965473
38151,14057,14057,17,2.125930489843987
38152,14058,14058,17,0.5188501530000568
38153,14059,14059,17,26.99070408866552
38154,14060,14060,17,17.09804614535235
38155,14061,14061,17,5.851745281664819
38156,14062,14062,17,11.426004884844929
38157,14063,14063,17,13.555798346115946
38158,14064,14064,17,5.853151721385486
38159,14065,14065,17,36.792840142357576
38160,14066,14066,17,1.9413589801416704
38161,14067,14067,17,14.996329943876685
38162,14068,14068,17,16.941070830120506
38163,14069,14069,17,4.435409324981525
38164,14070,14070,17,1.768740886519421
38165,14071,14071,17,24.91578828801113
38166,14072,14072,17,12.144860892973536
38167,14073,14073,17,16.46199063245441
38168,14074,14074,17,5.955660402546316
38169,14075,14075,17,31.78368396410125
38170,14076,14076,17,8.333365945894187
38171,14077,14077,17,8.675790021102182
38172,14078,14078,17,13.93806016789902
38173,14079,14079,17,16.477046478805512
38174,14080,14080,17,41.38575425468657
38175,14081,14081,17,6.738160045557119
38176,14082,14082,17,0.3974903414458204
38177,14083,14083,17,14.607233367954793
38178,14084,14084,17,4.302216902037472
38179,14085,14085,17,22.473337801613575
38180,14086,14086,17,25.88546035339096
38181,14087,14087,17,14.429534277008976
38182,14088,14088,17,6.019815893989146
38183,14089,14089,17,4.904174424488914
38184,14090,14090,17,2.812876201012239
38185,14091,14091,17,2.303852813765563
38186,14092,14092,17,20.71227830276809
38187,14093,14093,17,1.968201807585992
38188,14094,14094,17,10.372165914873742
38189,14095,14095,17,1.0687501035003886
38190,14096,14096,17,6.357282486746177
38191,14097,14097,17,2.1783173557506688
38192,14098,14098,17,8.148977986576735
38193,14099,14099,17,0.164322404923981
38194,14100,14100,17,50.87309596009957
38195,14101,14101,17,41.35665465189077
38196,14102,14102,17,0.2555579370267279
38197,14103,14103,17,6.380141999976397
38198,14104,14104,17,10.08854749302593
38199,14105,14105,17,0.1890026689736228
38200,14106,14106,17,0.3429002295003831
38201,14107,14107,17,0.7028118073659092
38202,14108,14108,17,2.8148383771327734
38203,14109,14109,17,0.6717855957213342
38204,14110,14110,17,3.364713972280376
38205,14111,14111,17,64.58613627748346
38206,14112,14112,17,43.872861576030985
38207,14113,14113,17,42.42937896464331
38208,14114,14114,17,47.05942133235153
38209,14115,14115,17,30.154297048960174
38210,14116,14116,17,26.665853477548627
38211,14117,14117,17,2.141999873998791
38212,14118,14118,17,25.53952015098408
38213,14119,14119,17,3.55072936751131
38214,14120,14120,17,18.01280062164188
38215,14121,14121,17,19.78494988235165
38216,14122,14122,17,48.85545689589083
38217,14123,14123,17,63.0545916775959
38218,14124,14124,17,2.487187771411337
38219,14125,14125,17,37.71491329959376
38220,14126,14126,17,4.55850410677442
38221,14127,14127,17,39.68665221867937
38222,14128,14128,17,30.36169398954
38223,14129,14129,17,5.376115971949825
38224,14130,14130,17,1.8639205162765795
38225,14131,14131,17,10.1034135657737
38226,14132,14132,17,3.65869115408697
38227,14133,14133,17,3.720409453407809
38228,14134,14134,17,0.0004500044999085
38229,14135,14135,17,0.3698997299998701
38230,14136,14136,17,15.771458947388188
38231,14137,14137,17,8.419246621615708
38232,14138,14138,17,1.3058444894960066
38233,14139,14139,17,1.0813635079198778
38234,14140,14140,17,1.743286199578881
38235,14141,14141,17,26.983124899253667
38236,14142,14142,17,21.94717509174162
38237,14143,14143,17,4.231652821775116
38238,14144,14144,17,8.74914130329144
38239,14145,14145,17,12.943256981960367
38240,14146,14146,17,14.347160907606217
38241,14147,14147,17,2.3635895828925446
38242,14148,14148,17,7.8070406725785695
38243,14149,14149,17,6.241058814413548
38244,14150,14150,17,7.422882916616496
38245,14151,14151,17,16.290061452165723
38246,14152,14152,17,20.43108352977839
38247,14153,14153,17,23.66062224545626
38248,14154,14154,17,1.1812500675003677
38249,14155,14155,17,5.087902659483552
38250,14156,14156,17,6.8204486635179
38251,14157,14157,17,11.929156626473866
38252,14158,14158,17,1.3336932025234884
38253,14159,14159,17,10.624849235019443
38254,14160,14160,17,3.567250247483909
38255,14161,14161,17,2.2801470212866515
38256,14162,14162,17,5.767353558093533
38257,14163,14163,17,7.359150086621849
38258,14164,14164,17,0.6779584803589359
38259,14165,14165,17,3.2566977445110976
38260,14166,14166,17,4.138793334132558
38261,14167,14167,17,10.377179598322927
38262,14168,14168,17,15.29891970418162
38263,14169,14169,17,27.507865991856484
38264,14170,14170,17,20.526933378149774
38265,14171,14171,17,37.51832372009522
38266,14172,14172,17,3.436020638724804
38267,14173,14173,17,14.14995642419341
38268,14174,14174,17,1.1074502609998174
38269,14175,14175,17,9.98769139490497
38270,14176,14176,17,3.720658393587127
38271,14177,14177,17,4.305866920080856
38272,14178,14178,17,13.430432908924006
38273,14179,14179,17,3.8098766173977294
38274,14180,14180,17,12.086373396102625
38275,14181,14181,17,1.3396503015010357
38276,14182,14182,17,0.0463498290000557
38277,14183,14183,17,26.06366622185056
38278,14184,14184,17,9.625255315172106
38279,14185,14185,17,12.614728771526217
38280,14186,14186,17,19.500143445523097
38281,14187,14187,17,77.71965968831998
38282,14188,14188,17,7.832991099185317
38283,14189,14189,17,8.64406904313302
38284,14190,14190,17,10.088080236866013
38285,14191,14191,17,75.90092444508643
38286,14192,14192,17,8.02166043465485
38287,14193,14193,17,2.0314651832511945
38288,14194,14194,17,11.383524880301035
38289,14195,14195,17,7.472136728260294
38290,14196,14196,17,2.126939129441076
38291,14197,14197,17,0.5823000449999571
38292,14198,14198,17,0.0022499685001038
38293,14199,14199,17,21.746510458960238
38294,14200,14200,17,2.816309212599355
38295,14201,14201,17,19.8516636144824
38296,14202,14202,17,1.4468158589718176
38297,14203,14203,17,0.0017999909999221
38298,14204,14204,17,30.970011232144365
38299,14205,14205,17,44.80098811534584
38300,14206,14206,17,27.66488453493845
38301,14207,14207,17,56.54541501056448
38302,14208,14208,17,49.19613525706442
38303,14209,14209,17,41.140915111933865
38304,14210,14210,17,21.66352630877804
38305,14211,14211,17,13.94992250771176
38306,14212,14212,17,33.20371131115112
38307,14213,14213,17,22.74163947185123
38308,14214,14214,17,37.09790323729279
38309,14215,14215,17,0.8465473027008176
38310,14216,14216,17,12.124331123617948
38311,14217,14217,17,13.738967877383992
38312,14218,14218,17,21.769803216331898
38313,14219,14219,17,17.347796797178432
38314,14220,14220,17,5.0078252202214895
38315,14221,14221,17,47.31367430276531
38316,14222,14222,17,13.313476832814484
38317,14223,14223,17,8.955223536192122
38318,14224,14224,17,21.58597304644929
38319,14225,14225,17,14.845127561044588
38320,14226,14226,17,15.695508866453943
38321,14227,14227,17,5.256940908552095
38322,14228,14228,17,16.52325724241966
38323,14229,14229,17,31.29959264057301
38324,14230,14230,17,28.133672165331067
38325,14231,14231,17,34.265720421829585
38326,14232,14232,17,2.40575742367664
38327,14233,14233,17,0.1556426078232303
38328,14234,14234,17,0.1318501574995517
38329,14235,14235,17,0.1786498289997577
38330,14236,14236,17,17.932318554295286
38331,14237,14237,17,15.836132053204224
38332,14238,14238,17,21.02420418798888
38333,14239,14239,17,30.079596131502655
38334,14240,14240,17,9.492811657810464
38335,14241,14241,17,14.395888616696215
38336,14242,14242,17,8.599620671388704
38337,14243,14243,17,42.566279540115616
38338,14244,14244,17,25.6410236695838
38339,14245,14245,17,13.948627162919273
38340,14246,14246,17,4.030353309468441
38341,14247,14247,17,0.6050968075313569
38342,14248,14248,17,6.382933542027872
38343,14249,14249,17,5.23516720047228
38344,14250,14250,17,7.379553400056243
38345,14251,14251,17,1.2725964379469017
38346,14252,14252,17,15.274677383879569
38347,14253,14253,17,7.080422715116757
38348,14254,14254,17,16.06652091012341
38349,14255,14255,17,10.868228599375426
38350,14256,14256,17,7.5608254221541475
38351,14257,14257,17,4.873574438343849
38352,14258,14258,17,11.1583153229146
38353,14259,14259,17,4.910284807574466
38354,14260,14260,17,16.1583392928991
38355,14261,14261,17,34.958510914085224
38356,14262,14262,17,30.7054997890932
38357,14263,14263,17,15.605350282905489
38358,14264,14264,17,5.311556242898464
38359,14265,14265,17,9.595592897599891
38360,14266,14266,17,2.793557387538664
38361,14267,14267,17,4.386642189464331
38362,14268,14268,17,0.7890013096377552
38363,14269,14269,17,3.771299108863305
38364,14270,14270,17,16.42656148494234
38365,14271,14271,17,25.91753797505833
38366,14272,14272,17,9.97684985110488
38367,14273,14273,17,24.408550778893872
38368,14274,14274,17,2.815814301250864
38369,14275,14275,17,33.23773535674911
38370,14276,14276,17,1.6606803811519817
38371,14277,14277,17,3.897270104847848
38372,14278,14278,17,12.898068828253
38373,14279,14279,17,13.85623100974761
38374,14280,14280,17,8.27995721602568
38375,14281,14281,17,3.245893026981786
38376,14282,14282,17,0.6970499235001579
38377,14283,14283,17,2.4432297540976404
38378,14284,14284,17,9.106472229179424
38379,14285,14285,17,61.73432750981276
38380,14286,14286,17,22.328583672057302
38381,14287,14287,17,48.97436542343623
38382,14288,14288,17,0.0836071264976561
38383,14289,14289,17,2.9835933865017146
38384,14290,14290,17,1.2906003239996136
38385,14291,14291,17,12.21257923334706
38386,14292,14292,17,0.9152711041489168
38387,14293,14293,17,1.9372499865005015
38388,14294,14294,17,16.047528062780856
38389,14295,14295,17,7.330872576223969
38390,14296,14296,17,5.0011704770877365
38391,14297,14297,17,9.219279612913615
38392,14298,14298,17,7.080263345009346
38393,14299,14299,17,7.865587073487878
38394,14300,14300,17,14.785648870203406
38395,14301,14301,17,24.659101026295147
38396,14302,14302,17,27.453764105567213
38397,14303,14303,17,9.889035682937203
38398,14304,14304,17,1.3355999234995544
38399,14305,14305,17,60.5456307055385
38400,14306,14306,17,23.074269811974272
38401,14307,14307,17,0.4144608569826036
38402,14308,14308,17,12.488839210513332
38403,14309,14309,17,17.400149800705268
38404,14310,14310,17,16.987319651191587
38405,14311,14311,17,21.828404081951977
38406,14312,14312,17,16.584045009046317
38407,14313,14313,17,15.700842216105192
38408,14314,14314,17,23.74570827889311
38409,14315,14315,17,15.743845238473329
38410,14316,14316,17,63.024604964018216
38411,14317,14317,17,0.2159999730001092
38412,14318,14318,17,17.110097320404204
38413,14319,14319,17,10.154502720098852
38414,14320,14320,17,17.89323672034903
38415,14321,14321,17,16.480014422643027
38416,14322,14322,17,15.06645248247832
38417,14323,14323,17,29.96774905202428
38418,14324,14324,17,44.03809187733835
38419,14325,14325,17,20.90410648015576
38420,14326,14326,17,13.112403095126124
38421,14327,14327,17,9.959931451981396
38422,14328,14328,17,0.6302568432652355
38423,14329,14329,17,3.33244317473498
38424,14330,14330,17,4.175723410215676
38425,14331,14331,17,10.7006459435853
38426,14332,14332,17,49.79764887156558
38427,14333,14333,17,3.989949895434145
38428,14334,14334,17,14.97458456806127
38429,14335,14335,17,21.97626710593722
38430,14336,14336,17,0.65295002249977
38431,14337,14337,17,10.12902829436016
38432,14338,14338,17,44.20040819688428
38433,14339,14339,17,34.065925933784186
38434,14340,14340,17,67.51707449372269
38435,14341,14341,17,3.324121050835043
38436,14342,14342,17,3.538828971661886
38437,14343,14343,17,9.45136293644686
38438,14344,14344,17,12.46813805191356
38439,14345,14345,17,4.2586504210152105
38440,14346,14346,17,7.736099578986585
38441,14347,14347,17,0.0081000675001181
38442,14348,14348,17,4.257476639133394
38443,14349,14349,17,6.38637335186648
38444,14350,14350,17,0.6367497660005093
38445,14351,14351,17,2.0196766993671806
38446,14352,14352,17,1.3683731881324053
38447,14353,14353,17,0.2794499730002656
38448,14354,14354,17,42.50226025691
38449,14355,14355,17,66.91073857756355
38450,14356,14356,17,7.596119530551992
38451,14357,14357,17,75.65613078445278
38452,14358,14358,17,82.65876336785618
38453,14359,14359,17,59.19248570065868
38454,14360,14360,17,4.466978019657731
38455,14361,14361,17,1.2070725473410524
38456,14362,14362,17,58.8428299110728
38457,14363,14363,17,49.80877082691467
38458,14364,14364,17,17.101512900078117
38459,14365,14365,17,25.808687819919555
38460,14366,14366,17,2.910658473221988
38461,14367,14367,17,3.0351916797775544
38462,14368,14368,17,34.86749280110782
38463,14369,14369,17,25.24575758139985
38464,14370,14370,17,0.0522001170001626
38465,14371,14371,17,44.65053736749816
38466,14372,14372,17,18.671212524500596
38467,14373,14373,17,25.078290655177504
38468,14374,14374,17,18.602308764324388
38469,14375,14375,17,54.41781413643856
38470,14376,14376,17,51.370436426046815
38471,14377,14377,17,15.737824956926731
38472,14378,14378,17,6.823374152073988
38473,14379,14379,17,23.330269497267786
38474,14380,14380,17,28.740581582739797
38475,14381,14381,17,4.519838648036063
38476,14382,14382,17,6.289161576964982
38477,14383,14383,17,4.89654886869362
38478,14384,14384,17,29.398401612807124
38479,14385,14385,17,0.5345999460004867
38480,14386,14386,17,0.0337501350000202
38481,14387,14387,17,9.091524922355957
38482,14388,14388,17,23.954674236139606
38483,14389,14389,17,29.571399067666054
38484,14390,14390,17,8.867151256344656
38485,14391,14391,17,11.01534226009868
38486,14392,14392,17,36.83315890540791
38487,14393,14393,17,36.363621334846464
38488,14394,14394,17,1.8301276211506128
38489,14395,14395,17,0.0004500044999085
38490,14396,14396,17,21.1319534135606
38491,14397,14397,17,57.36694602394044
38492,14398,14398,17,0.7400167418855726
38493,14399,14399,17,18.679734000614115
38494,14400,14400,17,18.64263124084088
38495,14401,14401,17,18.826168363156484
38496,14402,14402,17,12.23061934048891
38497,14403,14403,17,12.327230578512452
38498,14404,14404,17,24.727915998688967
38499,14405,14405,17,12.10728372230602
38500,14406,14406,17,5.5860338504726
38501,14407,14407,17,0.6361162710248623
38502,14408,14408,17,18.398021746169164
38503,14409,14409,17,24.307428478834705
38504,14410,14410,17,14.426800081615797
38505,14411,14411,17,22.127600192872464
38506,14412,14412,17,68.2369669038439
38507,14413,14413,17,28.22998301515495
38508,14414,14414,17,42.37945636437726
38509,14415,14415,17,28.656194850627536
38510,14416,14416,17,15.06634931036313
38511,14417,14417,17,5.263751031638638
38512,14418,14418,17,33.02773954721877
38513,14419,14419,17,13.372660097283449
38514,14420,14420,17,6.8165894289926925
38515,14421,14421,17,9.065261111009765
38516,14422,14422,17,25.791785649993
38517,14423,14423,17,51.64151405301222
38518,14424,14424,17,20.611741485449556
38519,14425,14425,17,16.77875799705279
38520,14426,14426,17,26.907859320162125
38521,14427,14427,17,19.80799104882844
38522,14428,14428,17,37.56786915831472
38523,14429,14429,17,5.830130405180547
38524,14430,14430,17,15.702189084989756
38525,14431,14431,17,7.369760919510272
38526,14432,14432,17,7.703183293193907
38527,14433,14433,17,4.9539664458047
38528,14434,14434,17,75.73948460838476
38529,14435,14435,17,38.085765567088224
38530,14436,14436,17,0.0004499910000488
38531,14437,14437,17,18.83856413456056
38532,14438,14438,17,9.44843622093829
38533,14439,14439,17,17.44121351508838
38534,14440,14440,17,19.699536763913883
38535,14441,14441,17,19.769900602505533
38536,14442,14442,17,7.687748992495488
38537,14443,14443,17,12.190418965867728
38538,14444,14444,17,13.866381376128826
38539,14445,14445,17,18.633283926659747
38540,14446,14446,17,37.28641647834228
38541,14447,14447,17,7.553047233432442
38542,14448,14448,17,5.817352577570438
38543,14449,14449,17,15.305522174178147
38544,14450,14450,17,4.497628244322806
38545,14451,14451,17,1.0113031132724806
38546,14452,14452,17,4.282946315228917
38547,14453,14453,17,10.215312386830554
38548,14454,14454,17,6.5377373656677005
38549,14455,14455,17,15.512734993162736
38550,14456,14456,17,13.107715105839564
38551,14457,14457,17,19.08670309907368
38552,14458,14458,17,18.52789857042477
38553,14459,14459,17,28.86597479011989
38554,14460,14460,17,7.128174485382855
38555,14461,14461,17,6.812582878581702
38556,14462,14462,17,22.927916972917348
38557,14463,14463,17,5.912792571069882
38558,14464,14464,17,6.71825747393211
38559,14465,14465,17,13.104134678720712
38560,14466,14466,17,10.887615222275617
38561,14467,14467,17,21.020001391780347
38562,14468,14468,17,0.8018488827181095
38563,14469,14469,17,25.1164546904019
38564,14470,14470,17,19.07399463009885
38565,14471,14471,17,12.05087470332238
38566,14472,14472,17,14.506326430674228
38567,14473,14473,17,29.341578841887
38568,14474,14474,17,34.25377061360818
38569,14475,14475,17,27.273086050599755
38570,14476,14476,17,13.305665263406336
38571,14477,14477,17,1.4568312040947675
38572,14478,14478,17,6.903268939905584
38573,14479,14479,17,20.010430886403476
38574,14480,14480,17,21.78736944208941
38575,14481,14481,17,0.6687001395000517
38576,14482,14482,17,71.69417929249704
38577,14483,14483,17,18.79407007751533
38578,14484,14484,17,34.12521117653609
38579,14485,14485,17,6.119638769478567
38580,14486,14486,17,10.123876359650314
38581,14487,14487,17,3.3099738563477694
38582,14488,14488,17,68.10890388039464
38583,14489,14489,17,8.022096056580454
38584,14490,14490,17,17.717019550291894
38585,14491,14491,17,18.63623087270641
38586,14492,14492,17,12.408865887461364
38587,14493,14493,17,16.4541340720407
38588,14494,14494,17,5.9524547092999365
38589,14495,14495,17,8.519697202376888
38590,14496,14496,17,4.833298106322553
38591,14497,14497,17,5.010136967974908
38592,14498,14498,17,5.625667926967353
38593,14499,14499,17,7.965844943056407
38594,14500,14500,17,0.5238000945006906
38595,14501,14501,17,14.086205449093772
38596,14502,14502,17,1.5950300719313697
38597,14503,14503,17,2.541515117972482
38598,14504,14504,17,11.015204961559236
38599,14505,14505,17,31.89173029769806
38600,14506,14506,17,10.387909438489675
38601,14507,14507,17,24.48680112601021
38602,14508,14508,17,3.7278080260486006
38603,14509,14509,17,5.146566786262773
38604,14510,14510,17,3.7875544797890734
38605,14511,14511,17,30.300469965403508
38606,14512,14512,17,29.0581401504274
38607,14513,14513,17,3.946321856823668
38608,14514,14514,17,18.232723975930227
38609,14515,14515,17,19.68663978070685
38610,14516,14516,17,5.261236013090611
38611,14517,14517,17,5.74915267880488
38612,14518,14518,17,1.666111011106532
38613,14519,14519,17,0.0018000314998999
38614,14520,14520,17,0.5039997884999029
38615,14521,14521,17,3.534402907674074
38616,14522,14522,17,0.2770968538243025
38617,14523,14523,17,5.414682765907735
38618,14524,14524,17,4.590177190068252
38619,14525,14525,17,2.4702104189878558
38620,14526,14526,17,9.338230232532077
38621,14527,14527,17,12.918555788255452
38622,14528,14528,17,5.070644945242763
38623,14529,14529,17,6.645373205370366
38624,14530,14530,17,4.075425975637748
38625,14531,14531,17,5.368617652100086
38626,14532,14532,17,7.842932311898768
38627,14533,14533,17,21.15184961825657
38628,14534,14534,17,8.312349441240888
38629,14535,14535,17,9.443188958863557
38630,14536,14536,17,17.55433807041198
38631,14537,14537,17,6.1381313340333845
38632,14538,14538,17,4.220418071961038
38633,14539,14539,17,0.010350022499971
38634,14540,14540,17,5.641015217122093
38635,14541,14541,17,7.246368456038739
38636,14542,14542,17,2.86095476878573
38637,14543,14543,17,2.497810365554985
38638,14544,14544,17,1.9150010382551772
38639,14545,14545,17,3.3355982372463493
38640,14546,14546,17,18.218595240915658
38641,14547,14547,17,7.63336539358446
38642,14548,14548,17,3.2330617713558376
38643,14549,14549,17,4.206788197144508
38644,14550,14550,17,2.681070482883051
38645,14551,14551,17,3.14093866956295
38646,14552,14552,17,2.173141311051657
38647,14553,14553,17,3.6398968826040106
38648,14554,14554,17,9.717320002330393
38649,14555,14555,17,30.81798355027402
38650,14556,14556,17,39.890067318256456
38651,14557,14557,17,27.72489375572341
38652,14558,14558,17,0.1368568697802573
38653,14559,14559,17,20.31796016749367
38654,14560,14560,17,11.823963780624762
38655,14561,14561,17,14.654619021306486
38656,14562,14562,17,9.401931190197638
38657,14563,14563,17,5.78455865623194
38658,14564,14564,17,5.818690493266456
38659,14565,14565,17,1.9001871436631643
38660,14566,14566,17,7.230313063337391
38661,14567,14567,17,11.513124311411216
38662,14568,14568,17,6.840125391588629
38663,14569,14569,17,4.836437023118652
38664,14570,14570,17,4.492063530378219
38665,14571,14571,17,5.5783156325201615
38666,14572,14572,17,4.330234646481082
38667,14573,14573,17,6.134183879259452
38668,14574,14574,17,0.3971159317414611
38669,14575,14575,17,1.9471707051942797
38670,14576,14576,17,0.7843294613061063
38671,14577,14577,17,0.6583499684995562
38672,14578,14578,17,16.135022223072813
38673,14579,14579,17,19.06847855542758
38674,14580,14580,17,9.725867851398132
38675,14581,14581,17,43.98073207660456
38676,14582,14582,17,4.411788998935819
38677,14583,14583,17,4.441061293566395
38678,14584,14584,17,40.36407132601051
38679,14585,14585,17,0.4437293489879337
38680,14586,14586,17,6.675748726854551
38681,14587,14587,17,11.202751277643817
38682,14588,14588,17,81.15531525962949
38683,14589,14589,17,26.814084420878856
38684,14590,14590,17,19.950346920400456
38685,14591,14591,17,10.039903066093036
38686,14592,14592,17,24.54713199125415
38687,14593,14593,17,14.626267351740658
38688,14594,14594,17,18.366411274358324
38689,14595,14595,17,17.459438113639187
38690,14596,14596,17,0.2132997705001235
38691,14597,14597,17,20.595403097589365
38692,14598,14598,17,17.233846020404744
38693,14599,14599,17,41.955927225930246
38694,14600,14600,17,5.312973948567416
38695,14601,14601,17,13.502663812501131
38696,14602,14602,17,12.609935332498193
38697,14603,14603,17,11.40284797139144
38698,14604,14604,17,16.234802141107796
38699,14605,14605,17,21.037420903838456
38700,14606,14606,17,12.991130842163772
38701,14607,14607,17,17.684940771963955
38702,14608,14608,17,59.9913600785296
38703,14609,14609,17,32.36321450416492
38704,14610,14610,17,21.531934933334544
38705,14611,14611,17,12.739602539153829
38706,14612,14612,17,15.94429606134969
38707,14613,14613,17,31.77043530268146
38708,14614,14614,17,6.219464638817653
38709,14615,14615,17,0.107157281236099
38710,14616,14616,17,7.028942651262032
38711,14617,14617,17,7.887854225497909
38712,14618,14618,17,7.562895504502773
38713,14619,14619,17,0.4720497255003154
38714,14620,14620,17,5.528510212799624
38715,14621,14621,17,1.5857640310049803
38716,14622,14622,17,3.6015754276968077
38717,14623,14623,17,2.7348639255335927
38718,14624,14624,17,2.3262393099747003
38719,14625,14625,17,2.5560470974891008
38720,14626,14626,17,26.251707834082247
38721,14627,14627,17,1.811641301910142
38722,14628,14628,17,22.11072769556108
38723,14629,14629,17,37.580422699689606
38724,14630,14630,17,13.733727530185194
38725,14631,14631,17,31.31397268131328
38726,14632,14632,17,49.15090842564704
38727,14633,14633,17,12.90049088584444
38728,14634,14634,17,32.45917563063967
38729,14635,14635,17,12.13852485985157
38730,14636,14636,17,22.00909478839213
38731,14637,14637,17,11.584754622107164
38732,14638,14638,17,17.288859177635835
38733,14639,14639,17,21.15479853476721
38734,14640,14640,17,15.443009949644251
38735,14641,14641,17,3.300389874857884
38736,14642,14642,17,96.94413868704676
38737,14643,14643,17,25.41671184844741
38738,14644,14644,17,1.4152268148909808
38739,14645,14645,17,1.9287231716068376
38740,14646,14646,17,16.363686215534052
38741,14647,14647,17,40.26161305098449
38742,14648,14648,17,6.297691717585474
38743,14649,14649,17,5.459908286913544
38744,14650,14650,17,19.34309208823497
38745,14651,14651,17,18.83580808276549
38746,14652,14652,17,16.315936735269958
38747,14653,14653,17,22.384962904717444
38748,14654,14654,17,0.2159797431609779
38749,14655,14655,17,8.461820486338615
38750,14656,14656,17,13.094520262426109
38751,14657,14657,17,108.48873017855638
38752,14658,14658,17,47.56050044113374
38753,14659,14659,17,10.30685785853392
38754,14660,14660,17,11.189011818525374
38755,14661,14661,17,24.926638442470598
38756,14662,14662,17,16.687693514718607
38757,14663,14663,17,19.03690546828172
38758,14664,14664,17,40.96951516974168
38759,14665,14665,17,26.34598478074269
38760,14666,14666,17,8.988849699528515
38761,14667,14667,17,27.25819943197057
38762,14668,14668,17,19.157564243307128
38763,14669,14669,17,26.814886089692028
38764,14670,14670,17,19.340998826762945
38765,14671,14671,17,11.439451326252222
38766,14672,14672,17,17.98377649847853
38767,14673,14673,17,17.19497374902001
38768,14674,14674,17,30.50914362888256
38769,14675,14675,17,47.3323064026259
38770,14676,14676,17,25.047852472983895
38771,14677,14677,17,14.87794802201885
38772,14678,14678,17,40.91372264464256
38773,14679,14679,17,39.38157657231894
38774,14680,14680,17,7.01869544842045
38775,14681,14681,17,10.134854650576004
38776,14682,14682,17,7.0402044963163135
38777,14683,14683,17,10.606095629685267
38778,14684,14684,17,8.550308347169757
38779,14685,14685,17,5.952741909333527
38780,14686,14686,17,18.887268737883925
38781,14687,14687,17,16.903480947122546
38782,14688,14688,17,2.7583068401145936
38783,14689,14689,17,3.0412933758850174
38784,14690,14690,17,2.6434309216084184
38785,14691,14691,17,4.380618767890953
38786,14692,14692,17,2.5129814363291265
38787,14693,14693,17,2.972968491672605
38788,14694,14694,17,4.639606661678493
38789,14695,14695,17,2.332243882821586
38790,14696,14696,17,4.312988912602425
38791,14697,14697,17,7.562511271897925
38792,14698,14698,17,3.497532999152452
38793,14699,14699,17,4.348216888347067
38794,14700,14700,17,2.7451297974778712
38795,14701,14701,17,2.2534698875216543
38923,14702,14702,17,5.973513344356134
38924,14703,14703,17,14.52578662863826
38925,14704,14704,17,1.3202997435026764
38926,14705,14705,17,1.1317501620029062
38927,14706,14706,17,9.714272639545769
38928,14707,14707,17,12.796077697953104
38929,14708,14708,17,0.4783498065018653
38930,14709,14709,17,13.71111196137026
38931,14710,14710,17,7.138287530123002
38932,14711,14711,17,33.38579423807776
38933,14712,14712,17,32.07120535692449
38934,14713,14713,17,1.6955997929965854
38935,14714,14714,17,2.9592672928572297
38936,14715,14715,17,2.0987326711430194
38937,14716,14716,17,7.959525565512121
38938,14717,14717,17,0.1908751409856607
38939,14718,14718,17,15.51129702734799
38940,14719,14719,17,15.420352522652976
38941,14720,14720,17,2.2090990427986084
38942,14721,14721,17,0.8554012271999586
38943,14722,14722,17,0.5872503194977045
38944,14723,14723,17,1.9152513719822168
38945,14724,14724,17,5.180413933044974
38946,14725,14725,17,2.0864003666785025
38947,14726,14726,17,7.5880841257911
38948,14727,14727,17,18.829033681254923
38949,14728,14728,17,18.69061578774484
38950,14729,14729,17,0.4039844661658406
38951,14730,14730,17,2.4040159748330097
38952,14731,14731,17,16.380632617422417
38953,14732,14732,17,14.839532127296613
38954,14733,14733,17,4.510346404523253
38955,14734,14734,17,1.8504032624774445
38956,14735,14735,17,1.6766997210010588
38957,14736,14736,17,18.604872315120204
38958,14737,14737,17,16.208927702880636
38959,14738,14738,17,21.52566387404552
38960,14739,14739,17,9.810537075455128
38961,14740,14740,17,4.7716594033918085
38962,14741,14741,17,3.133040385107368
38963,14742,14742,17,10.54925414271098
38964,14743,14743,17,6.589745112742849
38965,14744,14744,17,3.9093863233110895
38966,14745,14745,17,7.0571139016873055
38967,14746,14746,17,19.435645226142643
38968,14747,14747,17,12.383403788357615
38969,14748,14748,17,31.94735874487388
38970,14749,14749,17,6.031740809615432
38971,14750,14750,17,24.721155642314685
38972,14751,14751,17,3.788594996683608
38973,14752,14752,17,53.61162005517569
38974,14753,14753,17,25.601429206809897
38975,14754,14754,17,28.54265680315463
38976,14755,14755,17,6.425042733351581
38977,14756,14756,17,0.936449905499503
38978,14757,14757,17,25.138896606720923
38979,14758,14758,17,24.53795466678322
38980,14759,14759,17,12.175785306066633
38981,14760,14760,17,4.00846481993874
38982,14761,14761,17,0.5035498514980524
38983,14762,14762,17,4.421567923049129
38984,14763,14763,17,4.096031896949602
38985,14764,14764,17,1.647464053237602
38986,14765,14765,17,12.105632588397093
38987,14766,14766,17,38.1769824390786
38988,14767,14767,17,43.79276746191512
38989,14768,14768,17,1.7549996580059155
38990,14769,14769,17,27.01416173527193
38991,14770,14770,17,3.512038183728075
38992,14771,14771,17,4.842015771705911
38993,14772,14772,17,0.4954345207958221
38994,14773,14773,17,0.5179499954999089
38995,14774,14774,17,14.615141667029798
38996,14775,14775,17,2.7269583239678816
38997,14776,14776,17,5.058058700890463
38998,14777,14777,17,4.564290273112312
38999,14778,14778,17,0.0697500179994404
39000,14779,14779,17,6.176425461424202
39001,14780,14780,17,58.871525501571725
39002,14781,14781,17,1.2846949615097043
39003,14782,14782,17,2.8958047279888857
39004,14783,14783,17,21.2090164422664
39005,14784,14784,17,4.744442665659785
39006,14785,14785,17,7.054492444577813
39007,14786,14786,17,63.42233728228179
39008,14787,14787,17,32.367362690720086
39009,14788,14788,17,3.1040883039143456
39010,14789,14789,17,0.6358617995862365
39011,14790,14790,17,2.229750152996987
39012,14791,14791,17,6.088737121677887
39013,14792,14792,17,10.504113224819958
39014,14793,14793,17,2.11212974019143
39015,14794,14794,17,3.330620246308595
39016,14795,14795,17,11.41944507228443
39017,14796,14796,17,1.8915544327105025
39018,14797,14797,17,6.125902841017857
39019,14798,14798,17,7.285896465972377
39020,14799,14799,17,3.084467482613385
39021,14800,14800,17,2.093682647895194
39022,14801,14801,17,29.88387206784069
39023,14802,14802,17,5.683227918661983
39024,14803,14803,17,0.1241621950049772
39025,14804,14804,17,30.703539073998577
39026,14805,14805,17,1.478250251996927
39027,14806,14806,17,5.061326259958878
39028,14807,14807,17,6.039723263039514
39029,14808,14808,17,12.388058806726962
39030,14809,14809,17,20.81924159378802
39031,14810,14810,17,18.167310111350275
39032,14811,14811,17,35.019090005655244
39033,14812,14812,17,1.417949676000215
39034,14813,14813,17,7.052425693761214
39035,14814,14814,17,2.521323707743441
39036,14815,14815,17,7.499256736849725
39037,14816,14816,17,13.527893119150642
39038,14817,14817,17,25.16944931898433
39039,14818,14818,17,15.881350217517545
39040,14819,14819,17,0.2560501080001294
39041,14820,14820,17,10.7222739141739
39042,14821,14821,17,8.14667594632956
39043,14822,14822,17,58.70703478743969
39044,14823,14823,17,11.084817377046436
39045,14824,14824,17,0.3271496580032632
39046,14825,14825,17,9.936749588285924
39047,14826,14826,17,6.524700452210526
39048,14827,14827,17,3.567740580541879
39049,14828,14828,17,35.1916590909635
39050,14829,14829,17,13.262095702865109
39051,14830,14830,17,13.69650503063637
39052,14831,14831,17,10.668877248900172
39053,14832,14832,17,28.75607254409843
39054,14833,14833,17,9.715970846149323
39055,14834,14834,17,34.6405296488505
39056,14835,14835,17,155.2017474075741
39057,14836,14836,17,18.329053064908663
39058,14837,14837,17,1.417949779499218
39059,14838,14838,17,7.818318851711005
39060,14839,14839,17,2.301730252788067
39061,14840,14840,17,9.090195632032872
39062,14841,14841,17,14.682404444459836
39063,14842,14842,17,0.7262997255013361
39064,14843,14843,17,0.4707000359970629
39065,14844,14844,17,2.9106611979366503
39066,14845,14845,17,1.1964894275648037
39067,14846,14846,17,36.68176171734138
39068,14847,14847,17,8.323637076647795
39069,14848,14848,17,10.543692610399544
39070,14849,14849,17,15.105858046596513
39071,14850,14850,17,0.022049950499922
39072,14851,14851,17,11.382671992572169
39073,14852,14852,17,4.515827273925513
39074,14853,14853,17,2.822152975355253
39075,14854,14854,17,3.844147092144802
39076,14855,14855,17,12.064630939456224
39077,14856,14856,17,13.943120190048049
39078,14857,14857,17,88.93909805127728
39079,14858,14858,17,9.034452056700722
39080,14859,14859,17,0.8951128559337258
39081,14860,14860,17,3.013137427570745
39082,14861,14861,17,2.600207881070301
39083,14862,14862,17,1.100592154924131
39084,14863,14863,17,15.40536793206954
39085,14864,14864,17,3.7232318654296734
39086,14865,14865,17,18.23641489641954
39087,14866,14866,17,8.319435067581775
39088,14867,14867,17,14.466349725098134
39089,14868,14868,17,37.287699775397066
39090,14869,14869,17,24.736240059892346
39091,14870,14870,17,23.075808711608463
39092,14871,14871,17,9.842356497568964
39093,14872,14872,17,15.707292957932696
39094,14873,14873,17,0.5849999774981439
39095,14874,14874,17,20.08840812409735
39096,14875,14875,17,5.974241893899594
39097,14876,14876,17,6.059263981907606
39098,14877,14877,17,10.232536148596404
39099,14878,14878,17,2.7802240111356973
39100,14879,14879,17,1.4403261058636905
39101,14880,14880,17,1.3216498784996735
39102,14881,14881,17,1.9817159949063283
39103,14882,14882,17,3.1429216195829215e-07
39104,14883,14883,17,1.5197338618021607
39105,14884,14884,17,0.2992500225016474
39106,14885,14885,17,29.440962626764023
39107,14886,14886,17,13.504337418242242
39108,14887,14887,17,5.404838110452883
39109,14888,14888,17,18.306562313340454
39110,14889,14889,17,17.268299162203817
39111,14890,14890,17,3.2950616732080653
39112,14891,14891,17,11.192238250297963
39113,14892,14892,17,2.578863256845415
39114,14893,14893,17,0.6894866441478879
39115,14894,14894,17,49.54388153302503
39116,14895,14895,17,5.663467958474599
39117,14896,14896,17,5.284938492671386
39118,14897,14897,17,1.2441114893297236
39119,14898,14898,17,37.10560067664599
39120,14899,14899,17,0.2137994403482079
39121,14900,14900,17,18.06623723130813
39122,14901,14901,17,102.30426305219808
39123,14902,14902,17,7.302360891014725
39124,14903,14903,17,0.9303889334876314
39125,14904,14904,17,13.532204157794997
39126,14905,14905,17,32.00982080875711
39127,14906,14906,17,2.7888562091471663
39128,14907,14907,17,2.938294398351811
39129,14908,14908,17,2.9942007496342806
39130,14909,14909,17,0.2867495113672018
39131,14910,14910,17,6.63770750511098
39132,14911,14911,17,4.5362424858942445
39133,14912,14912,17,17.498946177201933
39134,14913,14913,17,42.94955276530016
39135,14914,14914,17,0.9485999775049984
39136,14915,14915,17,0.4771522534840479
39137,14916,14916,17,26.330168789857805
39138,14917,14917,17,2.5035621793812366
39139,14918,14918,17,22.409274555459618
39140,14919,14919,17,1.6238755345417757
39141,14920,14920,17,0.9782086645427048
39142,14921,14921,17,4.656241393957667
39143,14922,14922,17,0.0027000539999902
39144,14923,14923,17,2.5040540810202807
39145,14924,14924,17,3.938595923478136
39146,14925,14925,17,20.6899933902753
39147,14926,14926,17,39.92545633970792
39148,14927,14927,17,2.438100004501775
39149,14928,14928,17,47.74975420722461
39150,14929,14929,17,10.347047160784452
39151,14930,14930,17,0.3127500945008993
39152,14931,14931,17,17.49088432888161
39153,14932,14932,17,21.96466581962348
39154,14933,14933,17,3.967571745173402
39155,14934,14934,17,13.301189221610333
39156,14935,14935,17,13.345639136724328
39157,14936,14936,17,2.2336840709548933
39158,14937,14937,17,7.100665807537239
39159,14938,14938,17,11.063475036542728
39160,14939,14939,17,0.524024900462836
39161,14940,14940,17,1.6397997524980306
39162,14941,14941,17,5.244581618063599
39163,14942,14942,17,3.7746787455394455
39164,14943,14943,17,52.1792406370806
39165,14944,14944,17,6.366659781422868
39166,14945,14945,17,10.667237113590168
39167,14946,14946,17,5.227212602913893
39168,14947,14947,17,1.1587502160015255
39169,14948,14948,17,1.6933767596068754
39170,14949,14949,17,2.96952309639176
39171,14950,14950,17,8.583121411254048
39172,14951,14951,17,22.24142877775228
39173,14952,14952,17,18.408334017932056
39174,14953,14953,17,3.3955158875614133
39175,14954,14954,17,1.0939500719996094
39176,14955,14955,17,0.5188497749997973
39177,14956,14956,17,7.924793610725045
39178,14957,14957,17,2.9292059032754687
39179,14958,14958,17,2.138459770678669
39180,14959,14959,17,0.7653901213173792
39181,14960,14960,17,2.715632884597387
39182,14961,14961,17,6.864553820620596
39183,14962,14962,17,21.92071387526263
39184,14963,14963,17,0.2344500045007392
39185,14964,14964,17,0.5653826957291439
39186,14965,14965,17,5.146671931042224
39187,14966,14966,17,2.0225449367258466
39188,14967,14967,17,1.38493601266557
39189,14968,14968,17,6.615613469834626
39190,14969,14969,17,15.834423034505726
39191,14970,14970,17,11.616387149097989
39192,14971,14971,17,0.139500049501203
39193,14972,14972,17,1.7583796242865175
39194,14973,14973,17,1.7403700877128243
39195,14974,14974,17,11.37033257113427
39196,14975,14975,17,14.855651899897678
39197,14976,14976,17,2.5641793502554147
39198,14977,14977,17,31.12151283191121
39199,14978,14978,17,1.427850274504125
39200,14979,14979,17,4.228904120632201
39201,14980,14980,17,3.4305189681878274
39202,14981,14981,17,6.063897804809407
39203,14982,14982,17,6.348029191875416
39204,14983,14983,17,1.7897580747278332
39205,14984,14984,17,4.980942505774073
39206,14985,14985,17,2.781387322062969
39207,14986,14986,17,1.2663625789363533
39208,14987,14987,17,11.915387083216547
39209,14988,14988,17,2.119662295788237
39210,14989,14989,17,3.458288140618801
39211,14990,14990,17,2.88536102238071
39212,14991,14991,17,1.114649928000629
39213,14992,14992,17,2.434351651152879
39214,14993,14993,17,1.9355199465325328
39215,14994,14994,17,1.5863283483125863
39216,14995,14995,17,0.8622233683414757
39217,14996,14996,17,2.955575943158403
39218,14997,14997,17,5.587599769611418
39219,14998,14998,17,6.910250347387165
39220,14999,14999,17,4.963733441924974
39221,15000,15000,17,1.4051161845766575
39222,15001,15001,17,12.309607462025582
39223,15002,15002,17,0.1387424704761095
39224,15003,15003,17,10.705376170279155
39225,15004,15004,17,6.759123510220896
39226,15005,15005,17,1.462500157500915
39227,15006,15006,17,26.12466926743278
39228,15007,15007,17,23.15977990456999
39229,15008,15008,17,7.133314840109468
39230,15009,15009,17,1.9004343003849011
39231,15010,15010,17,19.451839038361697
39232,15011,15011,17,22.0285316530372
39233,15012,15012,17,18.72470639941588
39234,15013,15013,17,29.57244358709476
39235,15014,15014,17,51.908243771989966
39236,15015,15015,17,18.20601086919636
39237,15016,15016,17,0.1340999055006802
39238,15017,15017,17,11.24882908908388
39239,15018,15018,17,6.764220163914919
39240,15019,15019,17,0.1719000629993714
39241,15020,15020,17,7.5828693663963005
39242,15021,15021,17,7.28423135360223
39243,15022,15022,17,0.5231598775698431
39244,15023,15023,17,3.7531906489314286
39245,15024,15024,17,56.396489967466565
39246,15025,15025,17,13.790459168546931
39247,15026,15026,17,1.3612498469948768
39248,15027,15027,17,68.87002115778488
39249,15028,15028,17,23.60587837870259
39250,15029,15029,17,38.13239557653688
39251,15030,15030,17,19.87305395546482
39252,15031,15031,17,30.575225492133363
39253,15032,15032,17,9.254274566355974
39254,15033,15033,17,1.964041852384269
39255,15034,15034,17,3.746458296117768
39256,15035,15035,17,2.697299841895679
39257,15036,15036,17,9.779850513603913
39258,15037,15037,17,6.744540492858469
39259,15038,15038,17,0.1796089806396812
39260,15039,15039,17,10.911710791720658
39261,15040,15040,17,19.7287888212732
39262,15041,15041,17,1.7352001575034857
39263,15042,15042,17,14.496048957083714
39264,15043,15043,17,16.74880102491814
39265,15044,15044,17,0.5165998830001652
39266,15045,15045,17,9.175230802452534
39267,15046,15046,17,5.740018684554123
39268,15047,15047,17,2.279699968499899
39269,15048,15048,17,17.762859633837373
39270,15049,15049,17,5.327090636159584
39271,15050,15050,17,0.857542421913445
39272,15051,15051,17,17.94223996415283
39273,15052,15052,17,1.569435615807861
39274,15053,15053,17,1.4050644471876157
39275,15054,15054,17,1.7514000945051909
39276,15055,15055,17,19.546459765971548
39277,15056,15056,17,8.025040522017166
39278,15057,15057,17,1.5790118661803416
39279,15058,15058,17,2.2320373373246194
39280,15059,15059,17,9.95356660480544
39281,15060,15060,17,10.174933264700782
39282,15061,15061,17,2.11050008099854
39283,15062,15062,17,15.079871995399609
39284,15063,15063,17,13.82767768057868
39285,15064,15064,17,2.4164994734985235
39286,15065,15065,17,7.348098560057044
39287,15066,15066,17,4.891901349942357
39288,15067,15067,17,0.109799927999407
39289,15068,15068,17,6.476952230573371
39290,15069,15069,17,3.4828981654290856
39291,15070,15070,17,0.1205999414995014
39292,15071,15071,17,2.758021282026619
39293,15072,15072,17,5.658778848471999
39294,15073,15073,17,1.9404000584981291
39295,15074,15074,17,2.9280552373237163
39296,15075,15075,17,2.799094956178218
39297,15076,15076,17,1.3418368555876166
39298,15077,15077,17,3.532113486412302
39299,15078,15078,17,12.9748480945922
39300,15079,15079,17,7.415101968404226
39301,15080,15080,17,1.0259729566245526
39302,15081,15081,17,2.607452142815361
39303,15082,15082,17,1.2675253370591637
39304,15083,15083,17,5.002749976871967
39305,15084,15084,17,3.6934999736255296
39306,15085,15085,17,2.297699991000444
39307,15086,15086,17,1.5821640473468304
39308,15087,15087,17,2.0506851786578
39309,15088,15088,17,53.48018323377743
39310,15089,15089,17,42.270510291276096
39311,15090,15090,17,22.40408332231599
39312,15091,15091,17,13.89966651118084
39352,15092,15092,17,5.28840003149873
39353,15093,15093,17,41.80274901450463
39354,15094,15094,17,16.650001192498706
39355,15095,15095,17,38.02094992799859
39356,15096,15096,17,42.94845057599062
39357,15097,15097,17,79.49249934298572
39358,15098,15098,17,89.67699050490212
39359,15099,15099,17,62.132623986375776
39360,15100,15100,17,1.5332186150676903
39361,15101,15101,17,67.52939169649392
39362,15102,15102,17,14.684638891945134
39363,15103,15103,17,14.70419995949965
39364,15104,15104,17,39.948749914504376
39365,15105,15105,17,12.274199284497405
39366,15106,15106,17,139.6295998020113
39367,15107,15107,17,119.01960164250336
39370,15108,15108,17,3.9168573105061055
39371,15109,15109,17,110.9114424329884
39372,15110,15110,17,50.26419282223964
39373,15111,15111,17,1.5497689198080302
39374,15112,15112,17,1.827387587467663
39375,15113,15113,17,16.89398518206519
39376,15114,15114,17,23.642976454356624
39377,15115,15115,17,11.231687783227272
39378,15116,15116,17,78.53855431555445
39379,15117,15117,17,12.114395567480146
39380,15118,15118,17,124.14342250592172
39381,15119,15119,17,7.003226801102279
39382,15120,15120,17,55.47478564373112
39383,15121,15121,17,28.630664779263213
39384,15122,15122,17,41.10267563262475
39385,15123,15123,17,74.06084307759014
39386,15124,15124,17,3.42093060579242
39387,15125,15125,17,64.02960151648713
39388,15126,15126,17,5.529150441000044
39389,15127,15127,17,114.72411692727243
39390,15128,15128,17,9.874583779193742
39391,15129,15129,17,79.19105688472646
39392,15130,15130,17,46.39339665791868
39393,15131,15131,17,1.539701432304559
39394,15132,15132,17,29.616694219593047
39395,15133,15133,17,182.26772002541824
39396,15134,15134,17,2.496880564096868
39397,15135,15135,17,20.613831177406333
39398,15136,15136,17,9.160868732589403
39430,15137,15137,17,0.0724500494998991
39431,15138,15138,17,1.822645756416388
39432,15139,15139,17,8.100733988998137
39433,15140,15140,17,9.371045969731146
39434,15141,15141,17,4.679622069925629
39435,15142,15142,17,3.789504355961627
39436,15143,15143,17,5.231669607975356
39437,15144,15144,17,4.023577674969183
39438,15145,15145,17,4.218300279001117
39439,15146,15146,17,0.0611998830000758
39440,15147,15147,17,6.608699585996378
39441,15148,15148,17,20.475449797514734
39442,15149,15149,17,17.292598965002675
39443,15150,15150,17,17.760599797507428
39444,15151,15151,17,15.4840498874923
39445,15152,15152,17,0.1485001620000675
39446,15153,15153,17,1.6564497974942998
39447,15154,15154,17,0.1030499369999468
39448,15155,15155,17,10.062450360015989
39449,15156,15156,17,16.109100940487593
39450,15157,15157,17,18.691650562496157
39451,15158,15158,17,0.0171000630001127
39452,15159,15159,17,0.0683998740001618
39453,15160,15160,17,31.329899451008693
39454,15161,15161,17,21.430349531998637
39455,15162,15162,17,0.2952000900000632
39456,15163,15163,17,15.83235027899678
39457,15164,15164,17,8.952750535488464
39458,15165,15165,17,3.0075596473590656
39459,15166,15166,17,3.76494064514802
39460,15167,15167,17,5.495295775764249
39461,15168,15168,17,4.138304426739288
39462,15169,15169,17,22.856108143809347
39463,15170,15170,17,6.1963426166794
39464,15171,15171,17,15.183081380449176
39465,15172,15172,17,4.590438063426519
39466,15173,15173,17,3.044629359155325
39467,15174,15174,17,0.002700013500005
39468,15175,15175,17,4.762350022500038
39469,15176,15176,17,0.4603500134998262
39470,15177,15177,17,37.28204857347313
39471,15178,15178,17,17.421329619060934
39472,15179,15179,17,2.130755739714885
39473,15180,15180,17,6.2720640472024645
39474,15181,15181,17,11.354521013130736
39475,15182,15182,17,6.982528743875243
39476,15183,15183,17,1.5439504544988871
39477,15184,15184,17,6.859799693996653
39478,15185,15185,17,2.645999784000792
39479,15186,15186,17,4.358699900997877
39480,15187,15187,17,24.82784825854099
39481,15188,15188,17,14.599799820001753
39482,15189,15189,17,1.458899847000271
39483,15190,15190,17,0.0710999414999485
39484,15191,15191,17,0.0117000360000729
39485,15192,15192,17,22.1827502789824
39486,15193,15193,17,48.75390021601057
39487,15194,15194,17,26.936117547000737
39488,15195,15195,17,0.0116999144996926
39575,15196,15196,17,33.64151533020048
39576,15197,15197,17,1.3842339812924862
39577,15198,15198,17,6.397649581501275
39578,15199,15199,17,7.23194958150196
39579,15200,15200,17,10.14299969399926
39580,15201,15201,17,8.38799939700058
39581,15202,15202,17,24.592248069206956
39582,15203,15203,17,1.54690174628755
39583,15204,15204,17,9.796050179998652
39584,15205,15205,17,5.64840006749779
39585,15206,15206,17,16.409249419503215
39586,15207,15207,17,10.064667191800831
39587,15208,15208,17,2.255432322201209
39588,15209,15209,17,48.22029739633391
39589,15210,15210,17,20.08685593509924
39590,15211,15211,17,9.2476478565535
39591,15212,15212,17,7.454699878501237
39592,15213,15213,17,4.861225014240928
39593,15214,15214,17,4.157675305261766
39594,15215,15215,17,23.104164146372856
39595,15216,15216,17,31.71123565112308
39596,15217,15217,17,9.149399869500394
39597,15218,15218,17,22.76189969849135
39598,15219,15219,17,64.02852538176916
39599,15220,15220,17,7.076904251336709
39600,15221,15221,17,1.5110703534279586
39601,15222,15222,17,90.13046066248631
39602,15223,15223,17,3.646427999922184
39603,15224,15224,17,1.6703610090818126
39604,15225,15225,17,82.0116010845043
39605,15226,15226,17,51.6637952802333
39606,15227,15227,17,4.553383364038438
39607,15228,15228,17,5.1749715537307655
39608,15229,15229,17,38.44844958599359
39609,15230,15230,17,119.88224925299266
39610,15231,15231,17,27.768150134997875
39611,15232,15232,17,20.527200504004984
39612,15233,15233,17,13.405049725501254
39613,15234,15234,17,50.66504977949781
39614,15235,15235,17,34.36469988300478
39615,15236,15236,17,78.21225028349107
39616,15237,15237,17,19.06199998649621
39617,15238,15238,17,11.201400166501768
39618,15239,15239,17,91.5043502024894
39619,15240,15240,17,6.136246875138999
39620,15241,15241,17,16.975752895352873
39621,15242,15242,17,187.6851485452632
39622,15243,15243,17,603.6769342487667
39623,15244,15244,17,85.50789968726905
39624,15245,15245,17,5.915497648813594
39625,15246,15246,17,3.413919896867052
39626,15247,15247,17,39.80070017549578
39627,15248,15248,17,32.700555283897934
39628,15249,15249,17,102.82999466210713
39629,15250,15250,17,55.425600904491695
39630,15251,15251,17,15.201146752272294
39631,15252,15252,17,28.494753913734986
39632,15253,15253,17,120.69786770534334
39633,15254,15254,17,1.7012323351584226
39634,15255,15255,17,4.709643127799589
39635,15256,15256,17,54.85883848524447
39636,15257,15257,17,1.6058683104484528
39637,15258,15258,17,5.080788022762656
39638,15259,15259,17,143.9704616172098
39639,15260,15260,17,16.27650495409122
39640,15261,15261,17,166.4110755334004
39641,15262,15262,17,7.203025341045521
39642,15263,15263,17,2.762943230969812
39643,15264,15264,17,11.541565028749316
39644,15265,15265,17,45.84063448977293
39645,15266,15266,17,70.48890166052026
39646,15267,15267,17,8.970749919000172
39647,15268,15268,17,123.94745140510815
39648,15269,15269,17,2.495798063886057
39649,15270,15270,17,101.81720922956504
39650,15271,15271,17,1.352899364903208
39651,15272,15272,17,9.52384290400849
39652,15273,15273,17,72.80622192533671
39653,15274,15274,17,1.6629279441636409
39654,15275,15275,17,6.3127247046334745
39655,15276,15276,17,4.8382749173623845
39656,15277,15277,17,17.88839973900494
39657,15278,15278,17,74.03225387853063
39658,15279,15279,17,1.7963996954559562
39659,15280,15280,17,1.4489017974577283
39660,15281,15281,17,36.34024474105948
39661,15282,15282,17,125.61261910787672
39662,15283,15283,17,2.4223032473604724
39663,15284,15284,17,1.2897394217346394
39664,15285,15285,17,4.719537642563355
39665,15286,15286,17,14.629950715495482
39666,15287,15287,17,24.50789928450009
39667,15288,15288,17,86.91974947350494
39668,15289,15289,17,7.654357860130772
39669,15290,15290,17,99.47579167638796
39670,15291,15291,17,20.257649820001305
39671,15292,15292,17,10.263150058500589
39672,15293,15293,17,110.33415014850038
39673,15294,15294,17,51.93359865450542
39674,15295,15295,17,85.22684994599054
39675,15296,15296,17,10.80720040950054
39676,15297,15297,17,30.42494982450065
39677,15298,15298,17,61.476299959495215
39678,15299,15299,17,14.841285763970316
39679,15300,15300,17,29.796463439529877
39680,15301,15301,17,56.1206183322819
39681,15302,15302,17,2.291128399986293
39682,15303,15303,17,2.187953222727595
39683,15304,15304,17,16.51847493152207
39684,15305,15305,17,1.5769261214754469
39685,15306,15306,17,38.89332449577001
39686,15307,15307,17,4.546526120739401
39687,15308,15308,17,20.020949990997256
39688,15309,15309,17,13.32059980272934
39689,15310,15310,17,1.8642001702705389
39690,15311,15311,17,2.000678288032159
39691,15312,15312,17,11.45747181997107
39692,15313,15313,17,208.91850155798087
39693,15314,15314,17,36.57100071235956
39694,15315,15315,17,1.450248733217446
39695,15316,15316,17,94.97474994150345
39696,15317,15317,17,6.973200098998878
39697,15318,15318,17,2.635308017002433
39698,15319,15319,17,53.86264233849767
39699,15320,15320,17,27.05264974350448
39700,15321,15321,17,5.962949311498433
39701,15322,15322,17,14.374350022497977
39702,15323,15323,17,6.77969893349804
39703,15324,15324,17,7.658396928645105
39704,15325,15325,17,71.51861491666463
39705,15326,15326,17,19.112706257590723
39706,15327,15327,17,14.017871045880277
39707,15328,15328,17,11.907470451074351
39708,15329,15329,17,28.31604265464904
39709,15330,15330,17,20.30508815055108
39710,15331,15331,17,33.84836153445418
39711,15332,15332,17,78.55200017101869
39712,15333,15333,17,15.684300242999136
39713,15334,15334,17,63.379318119258365
39714,15335,15335,17,7.260068841239077
39715,15336,15336,17,5.004263165493064
39716,15337,15337,17,110.38545016200524
39717,15338,15338,17,10.347700404412596
39718,15339,15339,17,72.76729999609302
39719,15340,15340,17,4.518191455648274
39720,15341,15341,17,28.247696164422617
39721,15342,15342,17,12.692459947935696
39722,15343,15343,17,1.532002184503844
39723,15344,15344,17,7.201349725008472
39724,15345,15345,17,3.680100427990008
39725,15346,15346,17,59.45174978849243
39726,15347,15347,17,26.534396517170578
39727,15348,15348,17,19.38315369884355
39728,15349,15349,17,39.73143535882679
39729,15350,15350,17,10.460213709668352
39730,15351,15351,17,15.32155735799086
39731,15352,15352,17,48.98434248001714
39732,15353,15353,17,12.462749779503316
39733,15354,15354,17,82.30734463387432
39734,15355,15355,17,1.6351656513348296
39735,15356,15356,17,69.01383921536267
39736,15357,15357,17,20.74532237083684
39737,15358,15358,17,4.424528403167782
39738,15359,15359,17,49.29911276839277
39739,15360,15360,17,36.51723583661528
39740,15361,15361,17,12.25262819809635
39741,15362,15362,17,21.92717485722287
39742,15363,15363,17,7.166265009328248
39743,15364,15364,17,7.500571032702021
39744,15365,15365,17,53.12610741565713
39745,15366,15366,17,5.370798331347827
39746,15367,15367,17,40.904974863892846
39747,15368,15368,17,11.83995024750496
39748,15369,15369,17,7.455599792996765
39749,15370,15370,17,61.90383709717333
39750,15371,15371,17,35.938762403339254
39751,15372,15372,17,77.73030213300616
39752,15373,15373,17,6.497100319498535
39753,15374,15374,17,9.526049208001734
39754,15375,15375,17,51.32475031499538
39755,15376,15376,17,12.555449720998556
39756,15377,15377,17,52.92540116098884
39757,15378,15378,17,28.432800234001547
39758,15379,15379,17,85.80014895601016
39759,15380,15380,17,26.42714930699068
39760,15381,15381,17,46.13940003150407
39761,15382,15382,17,189.61245042754183
39762,15383,15383,17,368.7826498560424
39763,15384,15384,17,122.60385062995648
39764,15385,15385,17,77.86708303827385
39765,15386,15386,17,19.154717528719413
39766,15387,15387,17,52.71479901449463
39767,15388,15388,17,93.2696082365312
39768,15389,15389,17,3.555541079469917
39769,15390,15390,17,7.241849667000353
39770,15391,15391,17,59.65288687270463
39771,15392,15392,17,2.690114490781361
39772,15393,15393,17,30.04592531622097
39773,15394,15394,17,9.920825790787005
39774,15395,15395,17,9.990900306003152
39775,15396,15396,17,23.668767853248447
39776,15397,15397,17,82.37467043273894
39777,15398,15398,17,32.54310020249371
39778,15399,15399,17,81.70250273629058
39779,15400,15400,17,10.964250063001511
39780,15401,15401,17,30.2590538117467
39781,15402,15402,17,1.416896413250068
39782,15403,15403,17,275.30958862419953
39783,15404,15404,17,24.76746333481038
39784,15405,15405,17,8.261217330573922
39785,15406,15406,17,5.246810409961743
39786,15407,15407,17,4.055070151955867
39787,15408,15408,17,271.5511511474803
39788,15409,15409,17,21.98475035100022
39789,15410,15410,17,24.48765056699717
39790,15411,15411,17,26.861399275495888
39791,15412,15412,17,85.33766517528636
39792,15413,15413,17,7.150798029179338
39793,15414,15414,17,5.979954602602732
39794,15415,15415,17,4.361082138929284
39795,15416,15416,17,66.84569954550165
39796,15417,15417,17,5.14305075149861
39797,15418,15418,17,76.88483104292666
39798,15419,15419,17,15.991565174233266
39799,15420,15420,17,1.3185042283360022
39800,15421,15421,17,12.637349946002338
39801,15422,15422,17,34.90425087749873
39802,15423,15423,17,100.66702185453208
39803,15424,15424,17,1.8881376754305368
39804,15425,15425,17,1.5005578497074592
39805,15426,15426,17,9.830736535370873
39806,15427,15427,17,16.19729542792959
39807,15428,15428,17,8.313476382971823
39808,15429,15429,17,7.639473590028148
39811,15430,15430,18,39.51908293755102
39812,15431,15431,18,62.927917597956
39813,15432,15432,18,36.01078730651416
39814,15433,15433,18,8.384769296172946
39815,15434,15434,18,17.953169470575347
39816,15435,15435,18,23.72722162583798
39817,15436,15436,18,17.054478773150812
39818,15437,15437,18,25.943277211136223
39819,15438,15438,18,16.997587902569876
39820,15439,15439,18,22.296782849811706
39821,15440,15440,18,15.017822669902902
39822,15441,15441,18,23.850310933388062
39823,15442,15442,18,0.0146883921943306
39824,15443,15443,18,3.928662012806654
39825,15444,15444,18,9.272938000712454
39826,15445,15445,18,3.057061990288111
39827,15446,15446,18,23.359410344883056
39828,15447,15447,18,15.468681686144574
39829,15448,15448,18,15.144248125556768
39830,15449,15449,18,26.567600708945687
39831,15450,15450,18,5.6173645758514406
39832,15451,15451,18,28.57034291946876
39833,15452,15452,18,27.603872907461284
39834,15453,15453,18,17.034830977861105
39835,15454,15454,18,31.135033627649545
39836,15455,15455,18,28.754566475839702
39837,15456,15456,18,17.34444369621542
39838,15457,15457,18,4.193916349827372
39839,15458,15458,18,10.307611246881418
39840,15459,15459,18,65.04487886909041
39841,15460,15460,18,11.076446959151417
39842,15461,15461,18,19.707153481842354
39843,15462,15462,18,10.875718539976358
39844,15463,15463,18,4.678980690522194
39845,15464,15464,18,14.432071730437018
39846,15465,15465,18,26.4655083068056
39847,15466,15466,18,5.4277737888634325
39848,15467,15467,18,10.529514994729176
39849,15468,15468,18,13.683531084665894
39850,15469,15469,18,2.2907955379730165
39851,15470,15470,18,4.521304489024444
39852,15471,15471,18,9.658003876064091
39853,15472,15472,18,12.008146110438474
39854,15473,15473,18,12.64581347207265
39855,15474,15474,18,69.31538575843958
39856,15475,15475,18,3.2894640319096298
39857,15476,15476,18,21.441636917593836
39858,15477,15477,18,91.61290130478017
39859,15478,15478,18,12.783498596222728
39860,15479,15479,18,0.019800117000088
39861,15480,15480,18,5.357363881725177
39862,15481,15481,18,6.814237238777452
39863,15482,15482,18,0.039150000000149
39864,15483,15483,18,0.2074497659999244
39865,15484,15484,18,6.593496022312418
39866,15485,15485,18,1.4477789194523096
39867,15486,15486,18,28.714273928737374
39868,15487,15487,18,18.16988199967408
39869,15488,15488,18,39.0863178788374
39870,15489,15489,18,6.905032785806433
39871,15490,15490,18,1.9289320563393568
39872,15491,15491,18,32.91540780776529
39873,15492,15492,18,46.746727980103856
39874,15493,15493,18,11.054824951542404
39875,15494,15494,18,5.488075790956594
39876,15495,15495,18,0.0260999774999916
39877,15496,15496,18,0.4306498920002132
39878,15497,15497,18,78.6043558549411
39879,15498,15498,18,8.93314479141473
39880,15499,15499,18,7.500085370324339
39881,15500,15500,18,9.31365969807904
39882,15501,15501,18,10.707005072720005
39883,15502,15502,18,93.75951951495456
39884,15503,15503,18,36.28354608185849
39885,15504,15504,18,4.047305854737567
39886,15505,15505,18,18.378178273920824
39887,15506,15506,18,18.510736576439232
39888,15507,15507,18,3.003703011665693
39889,15508,15508,18,1.3289941876825653
39890,15509,15509,18,35.78796721871941
39891,15510,15510,18,28.52719458030624
39892,15511,15511,18,80.11395228645483
39893,15512,15512,18,37.72337566044334
39894,15513,15513,18,4.846868644810893
39895,15514,15514,18,21.6651877025216
39896,15515,15515,18,1.5492893703366684
39897,15516,15516,18,23.84445688709212
39898,15517,15517,18,52.96039627249423
39899,15518,15518,18,27.390966803244208
39900,15519,15519,18,3.7531629251468175
39901,15520,15520,18,18.858123046076983
39902,15521,15521,18,12.468115492252595
39903,15522,15522,18,5.595251864915572
39904,15523,15523,18,31.06713789218918
39905,15524,15524,18,3.858956714527252
39906,15525,15525,18,94.26490158511918
39907,15526,15526,18,45.63334049147209
39908,15527,15527,18,1.381760664257683
39909,15528,15528,18,2.9351940060354478
39910,15529,15529,18,1.756506214464195
39911,15530,15530,18,23.41963397072432
39912,15531,15531,18,4.320668730205508
39913,15532,15532,18,11.028371514454925
39914,15533,15533,18,6.74865084125533
39915,15534,15534,18,23.76446509114766
39916,15535,15535,18,37.93150338153381
39917,15536,15536,18,2.148826132632081
39918,15537,15537,18,2.7264051651479955
39919,15538,15538,18,4.341282580784037
39920,15539,15539,18,8.222501127493377
39921,15540,15540,18,16.43241582821091
39922,15541,15541,18,2.2633768175409883
39923,15542,15542,18,28.129071326294348
39924,15543,15543,18,31.43710247267608
39925,15544,15544,18,1.7250079018382802
39926,15545,15545,18,4.859369261379155
39927,15546,15546,18,14.766360155458242
39928,15547,15547,18,11.378213450823404
39929,15548,15548,18,1.1440822505554855
39930,15549,15549,18,2.6196569388717266
39931,15550,15550,18,82.87898202065934
39932,15551,15551,18,5.100853478700994
39933,15552,15552,18,153.91040670409276
39934,15553,15553,18,67.45840389563095
39935,15554,15554,18,13.241412279963631
39936,15555,15555,18,25.390682654926128
39937,15556,15556,18,10.667974993100028
39938,15557,15557,18,2.1138114073721206
39939,15558,15558,18,15.14206566683584
39940,15559,15559,18,3.0327079248605315
39941,15560,15560,18,1.6904703870531543
39942,15561,15561,18,10.32618020878113
39943,15562,15562,18,5.584174844397992
39944,15563,15563,18,17.59960434005835
39945,15564,15564,18,8.031789805749774
39946,15565,15565,18,2.502594000959173
39947,15566,15566,18,12.581254858192036
39948,15567,15567,18,5.372779874092573
39949,15568,15568,18,14.51135562773215
39950,15569,15569,18,11.069715666035563
39951,15570,15570,18,32.96904388174467
39952,15571,15571,18,16.28058029053476
39953,15572,15572,18,4.697240121228814
39954,15573,15573,18,4.761065677794166
39955,15574,15574,18,5.431722902911002
39956,15575,15575,18,19.440648102302266
39957,15576,15576,18,1.351350081000246
39958,15577,15577,18,4.232712341455311
39959,15578,15578,18,2.568588414542485
39960,15579,15579,18,0.844783756340161
39961,15580,15580,18,10.120366212158002
39962,15581,15581,18,3.8201655595280526
39963,15582,15582,18,20.99836526980616
39964,15583,15583,18,9.76666758666659
39965,15584,15584,18,11.93187504821734
39966,15585,15585,18,17.414568857339447
39967,15586,15586,18,2.333880001571748
39968,15587,15587,18,3.4947306095354707
39969,15588,15588,18,7.310698128471911
39970,15589,15589,18,1.7330483898591922
39971,15590,15590,18,2.8288992053585647
39972,15591,15591,18,4.488985285017449
39973,15592,15592,18,8.484405003192828
39974,15593,15593,18,7.332422749949872
39975,15594,15594,18,1.840287918487468
39976,15595,15595,18,2.819313404885113
39977,15596,15596,18,4.147136136117905
39978,15597,15597,18,0.6781505849993527
39979,15598,15598,18,4.305840688096951
39980,15599,15599,18,6.9966538613366485
39981,15600,15600,18,16.898106278564416
39982,15601,15601,18,12.916658222634611
39983,15602,15602,18,18.17043873529961
39984,15603,15603,18,5.552803159092039
39985,15604,15604,18,0.6934903485602737
39986,15605,15605,18,3.2962092914409453
39987,15606,15606,18,7.224120160712301
39988,15607,15607,18,4.215709852250734
39989,15608,15608,18,6.39954633537833
39990,15609,15609,18,6.389524695644601
39991,15610,15610,18,1.8026518266184215
39992,15611,15611,18,57.08217050113032
39993,15612,15612,18,12.412728068254465
39994,15613,15613,18,19.06670950645412
39995,15614,15614,18,10.095690424040646
39996,15615,15615,18,15.223996524673014
39997,15616,15616,18,12.276705281830004
39998,15617,15617,18,3.857146873740733
39999,15618,15618,18,5.070779518871006
40000,15619,15619,18,2.117323035889984
40001,15620,15620,18,11.503819891361116
40002,15621,15621,18,55.42287984313019
40003,15622,15622,18,2.733181962357305
40004,15623,15623,18,2.665232705283932
40005,15624,15624,18,2.0204542792383133
40006,15625,15625,18,37.387331292592975
40007,15626,15626,18,5.970630599052109
40008,15627,15627,18,11.12877050297869
40009,15628,15628,18,11.843088912149527
40010,15629,15629,18,14.971088474779558
40011,15630,15630,18,39.39424131714824
40012,15631,15631,18,32.46240826408804
40013,15632,15632,18,8.529061345483575
40014,15633,15633,18,8.020185977591872
40015,15634,15634,18,15.465763185409546
40016,15635,15635,18,3.164903427973613
40017,15636,15636,18,3.2871964820265305
40018,15637,15637,18,19.259778354391365
40019,15638,15638,18,27.953414526270173
40020,15639,15639,18,36.55115727684042
40021,15640,15640,18,17.247364606791205
40022,15641,15641,18,6.275334878707707
40023,15642,15642,18,2.755014017201811
40024,15643,15643,18,32.83773595580272
40025,15644,15644,18,0.3440931130449055
40026,15645,15645,18,19.97223244072453
40027,15646,15646,18,50.44032428873736
40028,15647,15647,18,5.219351817705423
40029,15648,15648,18,5.289353712269504
40030,15649,15649,18,7.564996481071364
40031,15650,15650,18,3.840398092460813
40032,15651,15651,18,58.455799453727366
40033,15652,15652,18,60.977919856930434
40034,15653,15653,18,10.894710729876923
40035,15654,15654,18,24.69135135360777
40036,15655,15655,18,7.136395800131247
40037,15656,15656,18,13.6905051493719
40038,15657,15657,18,5.211486601196602
40039,15658,15658,18,4.754104866985673
40040,15659,15659,18,20.83600286033258
40041,15660,15660,18,16.575757565986457
40042,15661,15661,18,4.154617817210376
40043,15662,15662,18,3.849147801651297
40044,15663,15663,18,7.014084385637026
40045,15664,15664,18,1.7872637490759045
40046,15665,15665,18,2.570986619924627
40047,15666,15666,18,23.28568060490812
40048,15667,15667,18,15.90031962008418
40049,15668,15668,18,9.935747711799324
40050,15669,15669,18,10.378535967775106
40051,15670,15670,18,20.757011003188087
40052,15671,15671,18,35.03180374223049
40053,15672,15672,18,15.057169974122814
40054,15673,15673,18,4.03687582601064
40055,15674,15674,18,8.481324119460284
40056,15675,15675,18,9.748529936408298
40057,15676,15676,18,25.459990350235437
40058,15677,15677,18,22.5315147197864
40059,15678,15678,18,26.22924392196402
40060,15679,15679,18,0.6399364703854397
40061,15680,15680,18,1.8233372971000077
40062,15681,15681,18,4.56707634951221
40063,15682,15682,18,1.863883969863631
40064,15683,15683,18,5.09325227544543
40065,15684,15684,18,40.29286336318083
40066,15685,15685,18,0.8345822310400903
40067,15686,15686,18,8.572668083960325
40068,15687,15687,18,0.8941499100006223
40069,15688,15688,18,11.273975539823937
40070,15689,15689,18,7.435337203217359
40071,15690,15690,18,2.3670560381938035
40072,15691,15691,18,3.665531236764071
40073,15692,15692,18,12.19811896325533
40074,15693,15693,18,16.56534029897991
40075,15694,15694,18,9.429750407330394
40076,15695,15695,18,35.12844002442793
40077,15696,15696,18,3.4759827443921565
40078,15697,15697,18,4.366597101136883
40079,15698,15698,18,10.65640804413281
40080,15699,15699,18,8.249462294836505
40081,15700,15700,18,1.5796095320351646
40082,15701,15701,18,15.368619165469468
40083,15702,15702,18,4.820070987491843
40084,15703,15703,18,37.28601035695628
40085,15704,15704,18,8.854980329713419
40086,15705,15705,18,5.498410761704529
40087,15706,15706,18,20.9298484031377
40088,15707,15707,18,0.5447542932329029
40089,15708,15708,18,1.613129696015447
40090,15709,15709,18,1.3732665462521818
40091,15710,15710,18,28.603604032177262
40092,15711,15711,18,1.410141971538283
40093,15712,15712,18,9.226252979267462
40094,15713,15713,18,9.121766816801504
40095,15714,15714,18,39.47598361970051
40096,15715,15715,18,10.759363859202116
40097,15716,15716,18,29.72803570430144
40098,15717,15717,18,33.74307280781373
40099,15718,15718,18,23.745326854699314
40100,15719,15719,18,13.546476471455742
40101,15720,15720,18,24.92897250704768
40102,15721,15721,18,21.643111081689835
40103,15722,15722,18,36.78578930530506
40104,15723,15723,18,2.1143721847417094
40105,15724,15724,18,4.462827275256485
40106,15725,15725,18,17.189348311597808
40107,15726,15726,18,23.31162412051289
40108,15727,15727,18,38.371875596907934
40109,15728,15728,18,12.948448272586644
40110,15729,15729,18,1.244552469913488
40111,15730,15730,18,40.92104903361474
40112,15731,15731,18,3.1437631023496166
40113,15732,15732,18,15.714968050341994
40114,15733,15733,18,10.26633612845662
40115,15734,15734,18,23.335305536895127
40116,15735,15735,18,1.5941970424651206
40117,15736,15736,18,7.386347726651564
40118,15737,15737,18,40.32541587302335
40119,15738,15738,18,6.907932664477452
40120,15739,15739,18,15.482450668381304
40121,15740,15740,18,14.69769994812259
40122,15741,15741,18,9.609728238815546
40123,15742,15742,18,3.6976713606826106
40124,15743,15743,18,2.133450355499655
40125,15744,15744,18,4.364471405843169
40126,15745,15745,18,2.720229538664769
40127,15746,15746,18,3.973684821202863
40128,15747,15747,18,4.461664063294161
40129,15748,15748,18,4.065347684762359
40130,15749,15749,18,9.494953044235563
40131,15750,15750,18,58.06448894056123
40132,15751,15751,18,11.712061833438668
40133,15752,15752,18,1.5576359973355514
40134,15753,15753,18,3.8329140296651576
40135,15754,15754,18,17.80160515452148
40136,15755,15755,18,4.205065136270814
40137,15756,15756,18,3.052061897539407
40138,15757,15757,18,1.8076171771643563
40139,15758,15758,18,27.102851204829097
40140,15759,15759,18,7.9080489706625245
40141,15760,15760,18,9.589599190629878
40142,15761,15761,18,18.027404138157944
40143,15762,15762,18,5.339043062926427
40144,15763,15763,18,9.046054949303691
40145,15764,15764,18,2.931630878171421
40146,15765,15765,18,50.64295261459058
40147,15766,15766,18,42.11715875254234
40148,15767,15767,18,2.5144571381845773
40149,15768,15768,18,50.601059273256496
40150,15769,15769,18,32.21163181883333
40151,15770,15770,18,25.09865887188796
40152,15771,15771,18,0.0045000315000414
40153,15772,15772,18,0.5957998830001354
40154,15773,15773,18,67.14412958748657
40155,15774,15774,18,1.3979237468044254
40156,15775,15775,18,14.31715904709927
40157,15776,15776,18,24.026097099221737
40158,15777,15777,18,2.103815335381974
40159,15778,15778,18,10.512450445498608
40160,15779,15779,18,2.507114283619188
40161,15780,15780,18,1.4579129853271842
40162,15781,15781,18,12.786221412559502
40163,15782,15782,18,25.776587926671063
40164,15783,15783,18,1.7886407384547516
40165,15784,15784,18,16.226971384371872
40166,15785,15785,18,1.4416826614848115
40167,15786,15786,18,11.09965417547098
40168,15787,15787,18,16.46660575435607
40169,15788,15788,18,20.316394335650816
40170,15789,15789,18,17.237166541460617
40171,15790,15790,18,19.602377050245284
40172,15791,15791,18,23.24797284397042
40173,15792,15792,18,10.176781614639353
40174,15793,15793,18,8.6520440968737
40175,15794,15794,18,0.0986026064625307
40176,15795,15795,18,7.991046898541093
40177,15796,15796,18,3.1851829153012186
40178,15797,15797,18,1.6964172061990668
40179,15798,15798,18,10.760877824987327
40180,15799,15799,18,11.217350987077475
40181,15800,15800,18,4.7067715209457806
40182,15801,15801,18,23.87979412652984
40183,15802,15802,18,1.5119973207948394
40184,15803,15803,18,3.5229598396755883
40185,15804,15804,18,14.003006983357787
40186,15805,15805,18,2.1219326873361437
40187,15806,15806,18,28.791380708485388
40188,15807,15807,18,3.251228824323952
40189,15808,15808,18,27.17248908554256
40190,15809,15809,18,48.78214433799449
40191,15810,15810,18,7.770566274942145
40192,15811,15811,18,4.088650018645983
40193,15812,15812,18,7.382654857107848
40194,15813,15813,18,21.95559528174928
40195,15814,15814,18,10.403408962799542
40196,15815,15815,18,1.5259145508921743
40197,15816,15816,18,13.470927026300624
40198,15817,15817,18,30.315334270057576
40199,15818,15818,18,13.958814847951814
40200,15819,15819,18,0.759599455499649
40201,15820,15820,18,4.8146060014307945
40202,15821,15821,18,28.086235679179342
40203,15822,15822,18,17.507881261606983
40204,15823,15823,18,1.7745146050323697
40205,15824,15824,18,7.026969831717849
40206,15825,15825,18,7.967805018322706
40207,15826,15826,18,1.181344596466355
40208,15827,15827,18,20.493312985811052
40209,15828,15828,18,6.367092642717971
40210,15829,15829,18,30.718935988394083
40211,15830,15830,18,14.81881361560764
40212,15831,15831,18,14.49335543644119
40213,15832,15832,18,23.83989608906156
40214,15833,15833,18,19.1586502774169
40215,15834,15834,18,8.498351432594493
40216,15835,15835,18,29.8611922204566
40217,15836,15836,18,7.240406033541538
40218,15837,15837,18,8.272199121280432
40219,15838,15838,18,15.004052021725265
40220,15839,15839,18,23.02834711830488
40221,15840,15840,18,14.627652143698224
40222,15841,15841,18,4.741589186168403
40223,15842,15842,18,17.017045573628003
40224,15843,15843,18,7.356368844497748
40225,15844,15844,18,17.842496535203335
40226,15845,15845,18,11.503170014628678
40227,15846,15846,18,32.369981006550766
40228,15847,15847,18,5.124355877586462
40229,15848,15848,18,14.205441521722705
40230,15849,15849,18,1.1725105595046543
40231,15850,15850,18,17.971660364302526
40232,15851,15851,18,6.9918281851915065
40233,15852,15852,18,5.009892963645905
40234,15853,15853,18,8.062736057105838
40235,15854,15854,18,14.210708712177931
40236,15855,15855,18,48.42196357656575
40237,15856,15856,18,19.352657636078572
40238,15857,15857,18,2.824125479782391
40239,15858,15858,18,13.649966416138518
40240,15859,15859,18,10.475907689319031
40241,15860,15860,18,2.752448928663082
40242,15861,15861,18,13.784830872829742
40243,15862,15862,18,2.8848126126815585
40244,15863,15863,18,10.761393028416634
40245,15864,15864,18,15.164238322105474
40246,15865,15865,18,35.928419563910865
40247,15866,15866,18,10.367959728144466
40248,15867,15867,18,6.591332467190534
40249,15868,15868,18,23.6844562673896
40250,15869,15869,18,0.6210001754999757
40251,15870,15870,18,1.0035002339997292
40252,15871,15871,18,1.307371472604364
40253,15872,15872,18,17.226792726738427
40254,15873,15873,18,2.969799145756021
40255,15874,15874,18,22.10553790139864
40256,15875,15875,18,2.693712831275925
40257,15876,15876,18,6.998387321724564
40258,15877,15877,18,20.70428660487944
40259,15878,15878,18,24.753588550379963
40260,15879,15879,18,11.77031818683508
40261,15880,15880,18,15.333424835371018
40262,15881,15881,18,6.811515260494966
40263,15882,15882,18,6.709391991799483
40264,15883,15883,18,15.120964369718656
40265,15884,15884,18,60.9695353377633
40266,15885,15885,18,4.311482870758161
40267,15886,15886,18,4.129167295742638
40268,15887,15887,18,21.01901824451569
40269,15888,15888,18,5.259181503489971
40270,15889,15889,18,18.95887427286923
40271,15890,15890,18,41.75557665412342
40272,15891,15891,18,28.874568815877705
40273,15892,15892,18,4.665959191871351
40274,15893,15893,18,44.261665592059046
40275,15894,15894,18,4.942007345217142
40276,15895,15895,18,18.73945494426775
40277,15896,15896,18,27.354045222230877
40278,15897,15897,18,8.511597588802747
40279,15898,15898,18,19.74766703106602
40280,15899,15899,18,6.321885173139798
40281,15900,15900,18,1.0480498424996658
40282,15901,15901,18,55.53886566777957
40283,15902,15902,18,6.858262351443171
40284,15903,15903,18,3.0176768687354625
40285,15904,15904,18,14.37154620555374
40286,15905,15905,18,22.309328977161343
40287,15906,15906,18,5.216777730731867
40288,15907,15907,18,10.932213301485447
40289,15908,15908,18,1.4931114386228026
40290,15909,15909,18,2.00494111168874
40291,15910,15910,18,10.675146869185337
40292,15911,15911,18,11.071970426066905
40293,15912,15912,18,15.05986962893327
40294,15913,15913,18,3.9333619654151497
40295,15914,15914,18,1.674247053460311
40296,15915,15915,18,1.5038691428369209
40297,15916,15916,18,2.831271514286483
40298,15917,15917,18,1.7762866228927672
40299,15918,15918,18,4.140507651920452
40300,15919,15919,18,5.332755549684262
40301,15920,15920,18,2.632762253131304
40302,15921,15921,18,2.573785674250474
40303,15922,15922,18,19.92169984870105
40304,15923,15923,18,1.9977086109822235
40305,15924,15924,18,6.365634232884928
40306,15925,15925,18,12.284321689625978
40307,15926,15926,18,3.1930439559918327
40308,15927,15927,18,0.6318180169498623
40309,15928,15928,18,3.63058156904915
40310,15929,15929,18,12.335517722778128
40311,15930,15930,18,12.740422828554932
40312,15931,15931,18,14.958832141444088
40313,15932,15932,18,6.551026119224636
40314,15933,15933,18,98.147175461752
40315,15934,15934,18,8.793074632759918
40316,15935,15935,18,47.27476239242625
40317,15936,15936,18,9.710816024319158
40318,15937,15937,18,43.77461957986903
40319,15938,15938,18,12.929152480368629
40320,15939,15939,18,4.164211109280614
40321,15940,15940,18,45.02213828321553
40322,15941,15941,18,1.854489469100237
40323,15942,15942,18,8.135705822198558
40324,15943,15943,18,4.377704777028095
40325,15944,15944,18,28.05540012966824
40326,15945,15945,18,0.7023637069701406
40327,15946,15946,18,1.8320366890316904
40328,15947,15947,18,13.353704302677976
40329,15948,15948,18,11.308407847257955
40330,15949,15949,18,8.197142848784162
40331,15950,15950,18,8.839741636074573
40332,15951,15951,18,0.7016088454128765
40333,15952,15952,18,23.64884505059398
40334,15953,15953,18,4.657054467920093
40335,15954,15954,18,4.9914613814668805
40336,15955,15955,18,4.355762164855726
40337,15956,15956,18,6.473876755173386
40338,15957,15957,18,0.6768000720004589
40339,15958,15958,18,20.693992583811905
40340,15959,15959,18,10.731306403694532
40341,15960,15960,18,1.807353493925253
40342,15961,15961,18,2.810396552446544
40343,15962,15962,18,13.601400295624169
40344,15963,15963,18,13.67202535882678
40345,15964,15964,18,12.334374276677272
40346,15965,15965,18,0.0787498560000993
40347,15966,15966,18,12.17328385545606
40348,15967,15967,18,22.421817724043382
40349,15968,15968,18,1.8484599834209696
40350,15969,15969,18,1.418933986644732
40351,15970,15970,18,2.6312059129491336
40352,15971,15971,18,0.5513728856617474
40353,15972,15972,18,22.04840391837126
40354,15973,15973,18,8.644172934957105
40355,15974,15974,18,5.407952662752524
40356,15975,15975,18,1.6151971797484383
40357,15976,15976,18,3.5032956554611103
40358,15977,15977,18,6.236378314410377
40359,15978,15978,18,6.702426466605905
40360,15979,15979,18,0.1908000044998899
40361,15980,15980,18,4.481555640355185
40362,15981,15981,18,1.952094733146742
40363,15982,15982,18,7.591771946622491
40364,15983,15983,18,26.260826811383158
40365,15984,15984,18,8.942018932581856
40366,15985,15985,18,33.3205002746889
40367,15986,15986,18,17.395394648051624
40368,15987,15987,18,10.39076557133534
40369,15988,15988,18,5.932565300278813
40370,15989,15989,18,8.739234308214627
40371,15990,15990,18,1.3057552677341402
40372,15991,15991,18,9.098733957850158
40373,15992,15992,18,9.375825614596309
40374,15993,15993,18,3.4860354253260954
40375,15994,15994,18,6.130399626615129
40376,15995,15995,18,4.916790775127981
40377,15996,15996,18,5.058382056872059
40378,15997,15997,18,4.674977460393192
40379,15998,15998,18,1.9454099982300328
40380,15999,15999,18,2.8956899477737097
40381,16000,16000,18,15.807678033310086
40382,16001,16001,18,4.979172367200702
40383,16002,16002,18,15.475494587466804
40384,16003,16003,18,44.32098546475005
40385,16004,16004,18,12.036163345475346
40386,16005,16005,18,13.48667463414342
40387,16006,16006,18,13.350616189620723
40388,16007,16007,18,7.031509999738455
40389,16008,16008,18,4.328633369227752
40390,16009,16009,18,12.269165667778209
40391,16010,16010,18,57.82360265988323
40392,16011,16011,18,19.083151261833773
40393,16012,16012,18,23.66116187416722
40394,16013,16013,18,13.242619174850317
40395,16014,16014,18,37.929464759219066
40396,16015,16015,18,20.62864468720843
40397,16016,16016,18,25.14259562992874
40398,16017,16017,18,44.18690944884177
40399,16018,16018,18,6.230412704997659
40400,16019,16019,18,19.13518743450127
40401,16020,16020,18,1.7086502115014717
40402,16021,16021,18,0.7623058379480839
40403,16022,16022,18,11.937645916505844
40404,16023,16023,18,7.094197750538984
40405,16024,16024,18,87.12125515954837
40406,16025,16025,18,83.74611185255095
40407,16026,16026,18,13.760912462502992
40408,16027,16027,18,7.993980590070531
40409,16028,16028,18,93.4756445951978
40410,16029,16029,18,40.28349597453258
40411,16030,16030,18,3.9948426711177834
40412,16031,16031,18,2.13100735138154
40413,16032,16032,18,2.4483670705071687
40414,16033,16033,18,19.135436390417933
40415,16034,16034,18,20.96025593302155
40416,16035,16035,18,28.433088941074587
40417,16036,16036,18,0.2754002159999683
40418,16037,16037,18,0.4979185999096706
40419,16038,16038,18,6.768266857732504
40420,16039,16039,18,3.503964301897683
40421,16040,16040,18,2.1957015814460368
40422,16041,16041,18,34.942266757462214
40423,16042,16042,18,12.46253288704066
40424,16043,16043,18,2.0846136561934503
40425,16044,16044,18,1.3160368298056129
40426,16045,16045,18,1.768745581974715
40427,16046,16046,18,20.01395505703133
40428,16047,16047,18,1.3245008713300228
40429,16048,16048,18,1.4380492276737449
40430,16049,16049,18,7.634309891496033
40431,16050,16050,18,1.221239145504177
40432,16051,16051,18,4.7287354748042825
40433,16052,16052,18,0.5002643271938599
40434,16053,16053,18,7.127197256836363
40435,16054,16054,18,16.639030211268903
40436,16055,16055,18,6.200757581577824
40437,16056,16056,18,1.340865881818058
40438,16057,16057,18,1.702045546797864
40439,16058,16058,18,1.3323051372015475
40440,16059,16059,18,3.9704628369694426
40441,16060,16060,18,1.965348271366239
40442,16061,16061,18,7.914289301167385
40443,16062,16062,18,2.5761283443743883
40444,16063,16063,18,19.21072395334967
40445,16064,16064,18,50.56763016812217
40446,16065,16065,18,30.248216845669518
40447,16066,16066,18,0.0746998560000658
40448,16067,16067,18,1.7394085548996627
40449,16068,16068,18,2.4831663348485007
40450,16069,16069,18,5.584294610180438
40451,16070,16070,18,7.246176588879235
40452,16071,16071,18,8.491164206842182
40453,16072,16072,18,1.3965229258151917
40454,16073,16073,18,0.1315187725782692
40455,16074,16074,18,3.0854779241745174
40456,16075,16075,18,47.54419175475809
40457,16076,16076,18,4.833197606890317
40458,16077,16077,18,1.7640985590939595
40459,16078,16078,18,4.678383751693908
40460,16079,16079,18,5.007865465306469
40461,16080,16080,18,4.553101401952143
40462,16081,16081,18,21.073048035557687
40463,16082,16082,18,1.0867516632266043
40464,16083,16083,18,3.266998660773277
40465,16084,16084,18,49.1135273146449
40466,16085,16085,18,2.6429364513874054
40467,16086,16086,18,89.402138398649
40468,16087,16087,18,10.140399797307138
40469,16088,16088,18,15.277549596491117
40470,16089,16089,18,6.913179721419513
40471,16090,16090,18,10.52625471308069
40472,16091,16091,18,38.56391694999389
40473,16092,16092,18,0.1084469460928738
40474,16093,16093,18,3.7923629221499415
40475,16094,16094,18,4.590689578255579
40476,16095,16095,18,6.676688292143881
40477,16096,16096,18,1.407179049462104
40478,16097,16097,18,7.221682699424088
40479,16098,16098,18,14.44979889247795
40480,16099,16099,18,14.859754975866611
40481,16100,16100,18,12.089499113860578
40482,16101,16101,18,4.682595410799317
40483,16102,16102,18,4.68918132447752
40484,16103,16103,18,14.085267933014222
40485,16104,16104,18,1.9272371246582756
40486,16105,16105,18,21.564113725839555
40487,16106,16106,18,1.8426971899595856
40488,16107,16107,18,2.092102967538774
40489,16108,16108,18,7.057173575977355
40490,16109,16109,18,5.341677427516287
40491,16110,16110,18,2.0164500899998323
40492,16111,16111,18,13.666228576867884
40493,16112,16112,18,12.360871414139412
40494,16113,16113,18,28.79491103713995
40495,16114,16114,18,17.450688719866605
40496,16115,16115,18,1.0075498695003056
40497,16116,16116,18,62.01468608483028
40498,16117,16117,18,17.336515476661887
40499,16118,16118,18,4.370430935989737
40500,16119,16119,18,23.257318159520995
40501,16120,16120,18,31.282880008914955
40502,16121,16121,18,26.380119887579173
40503,16122,16122,18,65.23531782460154
40504,16123,16123,18,5.615208074138669
40505,16124,16124,18,75.90434062595841
40506,16125,16125,18,4.282233331316524
40507,16126,16126,18,3.725832070783395
40508,16127,16127,18,20.77486791121835
40509,16128,16128,18,0.6412503239999413
40510,16129,16129,18,0.0423821205182308
40511,16130,16130,18,32.09841879747932
40512,16131,16131,18,24.547037719905678
40513,16132,16132,18,1.3189287776661665
40514,16133,16133,18,28.12114940234505
40515,16134,16134,18,37.54108290758364
40516,16135,16135,18,4.178468546527028
40517,16136,16136,18,2.837001266427178
40518,16137,16137,18,43.292699852966685
40519,16138,16138,18,1.7217303430890925
40520,16139,16139,18,9.982759259216916
40521,16140,16140,18,4.766890088285327
40522,16141,16141,18,5.284468411933795
40523,16142,16142,18,11.516509062109233
40524,16143,16143,18,32.535221558476394
40525,16144,16144,18,37.565793076527314
40526,16145,16145,18,23.32325646446581
40527,16146,16146,18,1.1358339490747973
40528,16147,16147,18,2.5546160869237333
40529,16148,16148,18,1.3493856757945717
40530,16149,16149,18,1.52566425220632
40531,16150,16150,18,3.047624252160102
40532,16151,16151,18,3.987475979898706
40533,16152,16152,18,8.040800069445174
40534,16153,16153,18,45.74372526985723
40535,16154,16154,18,46.769358602817
40536,16155,16155,18,2.868467355822979
40537,16156,16156,18,1.9130190043894535
40538,16157,16157,18,2.5343310496064877
40539,16158,16158,18,6.027473228487782
40540,16159,16159,18,4.211376749009881
40541,16160,16160,18,3.0977693450608106
40542,16161,16161,18,2.2788303939387573
40543,16162,16162,18,0.326700107999891
40544,16163,16163,18,50.71344354027299
40545,16164,16164,18,21.43826429905481
40546,16165,16165,18,6.013742165174121
40547,16166,16166,18,20.321381533664777
40548,16167,16167,18,17.678777107613833
40549,16168,16168,18,30.755404208132983
40550,16169,16169,18,37.944717862077546
40551,16170,16170,18,25.85801886102169
40552,16171,16171,18,12.918922503947943
40553,16172,16172,18,40.33557250181045
40554,16173,16173,18,5.840854647741279
40555,16174,16174,18,14.05628992373562
40556,16175,16175,18,15.060061057266228
40557,16176,16176,18,29.46262767815051
40558,16177,16177,18,12.597112939165331
40559,16178,16178,18,53.476609499687775
40560,16179,16179,18,0.9097962360244692
40561,16180,16180,18,35.11360393947175
40562,16181,16181,18,25.393016742833733
40563,16182,16182,18,7.920933743167222
40564,16183,16183,18,30.576493812554293
40565,16184,16184,18,3.380547666230921
40566,16185,16185,18,53.0023024521634
40567,16186,16186,18,1.578605092553507
40568,16187,16187,18,11.98666360884269
40569,16188,16188,18,5.3681907730923575
40570,16189,16189,18,3.9542176436878966
40571,16190,16190,18,8.810777609871556
40572,16191,16191,18,10.814385892568744
40573,16192,16192,18,28.31761427843428
40574,16193,16193,18,22.23861073634577
40575,16194,16194,18,15.677489479655444
40576,16195,16195,18,31.89031241390437
40577,16196,16196,18,33.24223629457353
40578,16197,16197,18,10.845771579960008
40579,16198,16198,18,156.61976817985928
40580,16199,16199,18,5.530421242943029
40581,16200,16200,18,12.9881390648332
40582,16201,16201,18,8.448479550965395
40583,16202,16202,18,42.57207042203039
40584,16203,16203,18,2.338901568226114
40585,16204,16204,18,9.676997576772584
40586,16205,16205,18,41.03209379148532
40587,16206,16206,18,1.3640119726072293
40588,16207,16207,18,29.59205420160283
40589,16208,16208,18,4.225188405345084
40590,16209,16209,18,4.647942494029641
40591,16210,16210,18,2.3896081269692035
40592,16211,16211,18,103.65593704582857
40593,16212,16212,18,5.3925077867732645
40594,16213,16213,18,2.1674919567272664
40595,16214,16214,18,2.5380087887084186
40596,16215,16215,18,1.1695412697907686
40597,16216,16216,18,12.940539810686708
40598,16217,16217,18,7.836859326922174
40599,16218,16218,18,1.349550407887243
40600,16219,16219,18,8.9008519895368
40601,16220,16220,18,1.620268602958393
40602,16221,16221,18,3.110900510957316
40603,16222,16222,18,1.9406779020462863
40604,16223,16223,18,49.545666790971
40605,16224,16224,18,76.90052499319954
40606,16225,16225,18,16.522137598322683
40607,16226,16226,18,8.596675585765638
40608,16227,16227,18,3.666470533823924
40609,16228,16228,18,13.261574911918974
40610,16229,16229,18,0.4999539141717851
40611,16230,16230,18,3.297887475409276
40612,16231,16231,18,19.105359019920343
40613,16232,16232,18,19.99274040907863
40614,16233,16233,18,11.667909217419597
40615,16234,16234,18,39.59383669013639
40616,16235,16235,18,1.8256832870579325
40617,16236,16236,18,4.320279109309312
40618,16237,16237,18,25.15188316625297
40619,16238,16238,18,18.92762380688756
40620,16239,16239,18,11.585606983830049
40621,16240,16240,18,17.03148704651878
40622,16241,16241,18,16.732800931688427
40623,16242,16242,18,0.1210488838073611
40624,16243,16243,18,4.129600267026253
40625,16244,16244,18,6.923749876976988
40626,16245,16245,18,3.5401758475916534
40627,16246,16246,18,0.2312740534074069
40628,16247,16247,18,11.581639035269678
40629,16248,16248,18,5.530060645230384
40630,16249,16249,18,6.894397037080646
40631,16250,16250,18,8.776402584918909
40632,16251,16251,18,32.205697699559835
40633,16252,16252,18,23.77411684184943
40634,16253,16253,18,1.722785521594744
40635,16254,16254,18,1.4575349412895442
40636,16255,16255,18,25.47001403721599
40637,16256,16256,18,17.649679532037148
40638,16257,16257,18,2.383377128901653
40639,16258,16258,18,19.16959471605283
40640,16259,16259,18,13.649646759193406
40641,16260,16260,18,12.404452030306937
40642,16261,16261,18,48.33226874393992
40643,16262,16262,18,73.85938155750799
40644,16263,16263,18,9.286185320691065
40645,16264,16264,18,9.283514899803237
40646,16265,16265,18,1.02896496592455
40647,16266,16266,18,30.97504558540982
40648,16267,16267,18,9.200239849179296
40649,16268,16268,18,7.648441954115137
40650,16269,16269,18,2.4602952815491457
40651,16270,16270,18,2.492751810067676
40652,16271,16271,18,8.364011170264318
40653,16272,16272,18,5.403560137499154
40654,16273,16273,18,17.03479048349434
40655,16274,16274,18,24.525013118507147
40656,16275,16275,18,13.813636935489304
40657,16276,16276,18,2.049699960209608
40658,16277,16277,18,10.337900255788565
40659,16278,16278,18,6.802861340054437
40660,16279,16279,18,6.554938466439069
40661,16280,16280,18,0.4927160129037809
40662,16281,16281,18,4.6588835415962935
40663,16282,16282,18,5.876999626502458
40664,16283,16283,18,21.3482876426696
40665,16284,16284,18,9.659412973821649
40666,16285,16285,18,1.8710999594998323
40667,16286,16286,18,3.2514896326503457
40668,16287,16287,18,45.21889433952256
40669,16288,16288,18,2.8928805137504545
40670,16289,16289,18,10.77723412358564
40671,16290,16290,18,39.135104122353255
40672,16291,16291,18,11.533995751643513
40673,16292,16292,18,57.862237110781045
40674,16293,16293,18,16.40766322063802
40675,16294,16294,18,115.09676092570098
40676,16295,16295,18,2.678256951893603
40677,16296,16296,18,90.61538197989064
40678,16297,16297,18,0.6918161120783538
40679,16298,16298,18,5.685134153420031
40680,16299,16299,18,34.78582184150616
40681,16300,16300,18,16.49091038770809
40682,16301,16301,18,1.8354165063131964
40683,16302,16302,18,1.1434495680003762
40684,16303,16303,18,159.52131551858471
40685,16304,16304,18,45.3424492597256
40686,16305,16305,18,197.9209859004536
40687,16306,16306,18,20.59684856529537
40688,16307,16307,18,14.96092546624829
40689,16308,16308,18,9.217575006246292
40690,16309,16309,18,23.655568810173293
40691,16310,16310,18,24.315330919804516
40692,16311,16311,18,188.04859320894164
40693,16312,16312,18,39.50965688106334
40694,16313,16313,18,0.608850391499877
40695,16314,16314,18,1.438909485699393
40696,16315,16315,18,2.213564307620284
40697,16316,16316,18,29.04498266086799
40698,16317,16317,18,8.261132193288773
40699,16318,16318,18,5.681661235503039
40700,16319,16319,18,0.0535500630000308
40701,16320,16320,18,14.432936645350932
40702,16321,16321,18,6.7584630621501205
40703,16322,16322,18,81.36974584179842
40704,16323,16323,18,9.44804993525441
40705,16324,16324,18,37.549654074512425
40706,16325,16325,18,17.660186828542567
40707,16326,16326,18,4.888977284268424
40708,16327,16327,18,1.3183867331934804
40709,16328,16328,18,2.090540046363529
40710,16329,16329,18,12.202941339184749
40711,16330,16330,18,4.967868420950122
40712,16331,16331,18,14.484853853256851
40713,16332,16332,18,4.584356084932349
40714,16333,16333,18,1.3058620387743096
40715,16334,16334,18,4.460427978032464
40716,16335,16335,18,16.963331913450205
40717,16336,16336,18,3.028093380561676
40718,16337,16337,18,11.168175550864488
40719,16338,16338,18,8.683399200119116
40720,16339,16339,18,6.681614897495687
40721,16340,16340,18,37.61683543551311
40722,16341,16341,18,8.248708966991513
40723,16342,16342,18,52.84393203634602
40724,16343,16343,18,12.856308267656974
40725,16344,16344,18,32.19403233061573
40726,16345,16345,18,1.8281323369526972
40727,16346,16346,18,8.26403136972612
40728,16347,16347,18,29.80020427769953
40729,16348,16348,18,0.5969316579168439
40730,16349,16349,18,2.0216186345824005
40731,16350,16350,18,8.75245911087191
40732,16351,16351,18,49.50413259175679
40733,16352,16352,18,86.63754569857643
40734,16353,16353,18,7.382714538298773
40735,16354,16354,18,8.568140640873258
40736,16355,16355,18,24.73156157303735
40737,16356,16356,18,5.112748483591806
40738,16357,16357,18,16.457387758404177
40739,16358,16358,18,21.560412448603618
40740,16359,16359,18,54.889040527644745
40741,16360,16360,18,1.6179685271641613
40742,16361,16361,18,50.23569324921757
40743,16362,16362,18,46.297537754935725
40744,16363,16363,18,17.004411669066695
40745,16364,16364,18,146.7351812716868
40746,16365,16365,18,36.17946749081424
40747,16366,16366,18,0.405928914993383
40748,16367,16367,18,49.05165729084346
40749,16368,16368,18,14.759664716662162
40750,16369,16369,18,4.891248291770894
40751,16370,16370,18,4.118651667729068
40752,16371,16371,18,2.860726972016156
40753,16372,16372,18,0.0719222494833143
40754,16373,16373,18,1.9983156388041972
40755,16374,16374,18,23.08873359169774
40756,16375,16375,18,29.61345771705127
40757,16376,16376,18,9.431243011947569
40758,16377,16377,18,45.84412731456319
40759,16378,16378,18,266.36309025711665
40760,16379,16379,18,2.6978319963290414
40761,16380,16380,18,0.3291403375516832
40762,16381,16381,18,4.651910265447736
40763,16382,16382,18,0.463499775000155
40764,16383,16383,18,0.074699923499763
40765,16384,16384,18,2.19567533891818
40766,16385,16385,18,14.425392268909537
40767,16386,16386,18,14.43028259467747
40768,16387,16387,18,18.77017280670905
40769,16388,16388,18,35.036523440955825
40770,16389,16389,18,4.04865763901322
40771,16390,16390,18,8.85110030788204
40772,16391,16391,18,34.53814410442924
40773,16392,16392,18,13.56853804213345
40774,16393,16393,18,16.81231178685841
40775,16394,16394,18,7.542203899432719
40776,16395,16395,18,45.59244696458226
40777,16396,16396,18,9.489921934851706
40778,16397,16397,18,5.856428776149597
40779,16398,16398,18,2.952857800608188
40780,16399,16399,18,86.2488421633976
40781,16400,16400,18,1.2169365001329333
40782,16401,16401,18,0.9016633423671851
40783,16402,16402,18,1.2199498470000327
40784,16403,16403,18,0.6199847018082142
40785,16404,16404,18,6.86822626315476
40786,16405,16405,18,3.299189125041301
40787,16406,16406,18,3.089254144736543
40788,16407,16407,18,4.499982561562181
40789,16408,16408,18,2.5033716867271067
40790,16409,16409,18,290.00393425288274
40791,16410,16410,18,1.9466126776707515
40792,16411,16411,18,360.4382975653015
40793,16412,16412,18,18.809617098965223
40794,16413,16413,18,40.07603306303259
40795,16414,16414,18,7.555904089134719
40796,16415,16415,18,30.748095847856767
40797,16416,16416,18,19.55842893518197
40798,16417,16417,18,18.003071042314595
40799,16418,16418,18,0.1312702559285163
40800,16419,16419,18,13.766529915074123
40801,16420,16420,18,2.295936727792438
40802,16421,16421,18,1.0079631282082722
40803,16422,16422,18,0.5116500675002337
40804,16423,16423,18,0.1570501260000132
40805,16424,16424,18,0.8293502339994013
40806,16425,16425,18,0.7312496850003302
40807,16426,16426,18,33.14848067055667
40808,16427,16427,18,20.57206958594007
40809,16428,16428,18,21.451198531253176
40810,16429,16429,18,17.139901833242675
40811,16430,16430,18,24.10960616241893
40812,16431,16431,18,15.62809331556998
40813,16432,16432,18,90.86180117948116
40814,16433,16433,18,30.7196497565176
40815,16434,16434,18,5.932121940397389
40816,16435,16435,18,1.5765781136012078
40817,16436,16436,18,35.08288486180389
40818,16437,16437,18,27.056714211205744
40819,16438,16438,18,22.05803725266671
40820,16439,16439,18,23.25606211285016
40821,16440,16440,18,10.940708394990263
40822,16441,16441,18,16.531342383507006
40823,16442,16442,18,0.0571500315000489
40824,16443,16443,18,34.01550800422406
40825,16444,16444,18,46.914743755271296
40826,16445,16445,18,1.7291595654905476
40827,16446,16446,18,8.579440569506623
40828,16447,16447,18,20.855182637014927
40829,16448,16448,18,16.988466759989016
40830,16449,16449,18,51.81518738715586
40831,16450,16450,18,29.852612905349552
40832,16451,16451,18,3.688239696994767
40833,16452,16452,18,22.952660748504837
40834,16453,16453,18,46.293411731807616
40835,16454,16454,18,19.998787557198696
40836,16455,16455,18,44.32213468979006
40837,16456,16456,18,7.7563643067160415
40838,16457,16457,18,19.672353704474748
40839,16458,16458,18,1.457395265030503
40840,16459,16459,18,7.404241887783293
40841,16460,16460,18,30.945969286426784
40842,16461,16461,18,8.920938794306473
40843,16462,16462,18,37.81886989161721
40844,16463,16463,18,24.15287997338096
40845,16464,16464,18,16.366559991217823
40846,16465,16465,18,3.066240186529756
40847,16466,16466,18,18.82706222457233
40848,16467,16467,18,4.74393732993252
40849,16468,16468,18,2.279175490578204
40850,16469,16469,18,8.740808111834392
40851,16470,16470,18,16.563574415456653
40852,16471,16471,18,29.43324284165284
40853,16472,16472,18,5.902642589439631
40854,16473,16473,18,15.99705843656657
40855,16474,16474,18,27.95621791696476
40856,16475,16475,18,18.436981655555503
40857,16476,16476,18,10.158671010314398
40858,16477,16477,18,22.915273641891996
40859,16478,16478,18,29.756560814376027
40860,16479,16479,18,16.580388371129647
40861,16480,16480,18,18.71376087750411
40862,16481,16481,18,29.799405481808037
40863,16482,16482,18,32.2695500611221
40864,16483,16483,18,21.47980030787685
40865,16484,16484,18,11.22061914244742
40866,16485,16485,18,8.358856939579725
40867,16486,16486,18,29.459897405544265
40868,16487,16487,18,12.602614481782595
40869,16488,16488,18,3.451201765047997
40870,16489,16489,18,4.983598383448944
40871,16490,16490,18,0.3861001349999308
40872,16491,16491,18,11.946645819716933
40873,16492,16492,18,8.92519945789706
40874,16493,16493,18,14.061110536154926
40875,16494,16494,18,5.53053940085643
40876,16495,16495,18,4.834803438900233
40877,16496,16496,18,5.703746255099714
40878,16497,16497,18,17.3665623777861
40879,16498,16498,18,23.065601853009447
40880,16499,16499,18,14.411420068361084
40881,16500,16500,18,18.437795250306205
40882,16501,16501,18,10.29475388878554
40883,16502,16502,18,15.03386825512541
40884,16503,16503,18,17.154054515956336
40885,16504,16504,18,29.313030609469056
40886,16505,16505,18,0.1705205335285831
40887,16506,16506,18,13.487484448230331
40888,16507,16507,18,22.63806476427085
40889,16508,16508,18,7.50901015579652
40890,16509,16509,18,11.00174067669582
40891,16510,16510,18,61.37234330811787
40892,16511,16511,18,21.18285625987881
40893,16512,16512,18,14.342107107201546
40894,16513,16513,18,25.29344213230954
40895,16514,16514,18,57.20322705040984
40896,16515,16515,18,25.5423220180809
40897,16516,16516,18,0.8280000179996304
40898,16517,16517,18,48.71415019758057
40899,16518,16518,18,3.950919636017084
40900,16519,16519,18,6.390142551271937
40901,16520,16520,18,2.5756570887260906
40902,16521,16521,18,6.6346212809941765
40903,16522,16522,18,1.844279106006083
40904,16523,16523,18,0.5373001619998217
40905,16524,16524,18,0.0400499550000578
40906,16525,16525,18,0.0260999909999594
40907,16526,16526,18,51.99787461029401
40908,16527,16527,18,6.375374669183761
40909,16528,16528,18,2.1314707456935382
40910,16529,16529,18,2.6637291463076864
40911,16530,16530,18,0.8091003555001021
40912,16531,16531,18,39.65346125979269
40913,16532,16532,18,34.667188771716816
40914,16533,16533,18,0.004499991000045
40915,16534,16534,18,1.332899923499942
40916,16535,16535,18,8.66399569776228
40917,16536,16536,18,4.669953753236726
40918,16537,16537,18,48.25116157384576
40919,16538,16538,18,5.579985567546971
40920,16539,16539,18,19.47016201513631
40921,16540,16540,18,14.679437809369936
40922,16541,16541,18,37.09714737781977
40923,16542,16542,18,36.547151573680885
40924,16543,16543,18,13.9676921258021
40925,16544,16544,18,20.6826229326912
40926,16545,16545,18,6.981424142898746
40927,16546,16546,18,13.094425978601222
40928,16547,16547,18,3.484690009145379
40929,16548,16548,18,4.5853851877282334
40930,16549,16549,18,9.906898267214164
40931,16550,16550,18,1.181102164790675
40932,16551,16551,18,4.8213532857991455
40933,16552,16552,18,5.75472497774116
40934,16553,16553,18,17.03052127296228
40935,16554,16554,18,16.177964675176824
40936,16555,16555,18,29.35957894669889
40937,16556,16556,18,7.761182366779895
40938,16557,16557,18,8.726947381723381
40939,16558,16558,18,13.54012566210362
40940,16559,16559,18,4.96291630333974
40941,16560,16560,18,3.3112339261674437
40942,16561,16561,18,17.68661617878352
40943,16562,16562,18,7.890846378726266
40944,16563,16563,18,4.207587379480898
40945,16564,16564,18,12.585829724303782
40946,16565,16565,18,14.413719780695804
40947,16566,16566,18,20.571851372221456
40948,16567,16567,18,3.686749050769049
40949,16568,16568,18,2.8781832830259018
40950,16569,16569,18,7.175574672130808
40951,16570,16570,18,2.429809132345952
40952,16571,16571,18,5.132582057493685
40953,16572,16572,18,14.637183966292172
40954,16573,16573,18,73.75856429218189
40955,16574,16574,18,19.20625411843657
40956,16575,16575,18,2.796436576296909
40957,16576,16576,18,1.4909294358045533
40958,16577,16577,18,22.32387007900138
40959,16578,16578,18,4.507359101979802
40960,16579,16579,18,6.647401122672379
40961,16580,16580,18,0.4166996378269382
40962,16581,16581,18,3.843842812333837
40963,16582,16582,18,1.4696205649583003
40964,16583,16583,18,2.759086933222741
40965,16584,16584,18,14.483201924072208
40966,16585,16585,18,16.65724849893095
40967,16586,16586,18,2.488950238502137
40968,16587,16587,18,1.014299869497627
40969,16588,16588,18,55.63141302986096
40970,16589,16589,18,9.495288140139436
40971,16590,16590,18,0.8834892917087153
40972,16591,16591,18,11.050511621797144
40973,16592,16592,18,6.915943530793071
40974,16593,16593,18,4.206706460204972
40975,16594,16594,18,2.104407389592588
40976,16595,16595,18,6.8816425114014
40977,16596,16596,18,4.735883784156427
40978,16597,16597,18,5.711315666845679
40979,16598,16598,18,2.2121728299138246
40980,16599,16599,18,0.8415270125811696
40981,16600,16600,18,6.643556681299925
40982,16601,16601,18,8.056323346598528
40983,16602,16602,18,4.045683436093092
40984,16603,16603,18,2.1618568915511425
40985,16604,16604,18,3.8185229347439194
40986,16605,16605,18,1.6527868771164156
40987,16606,16606,18,60.96321148118418
40988,16607,16607,18,6.578188446813733
40989,16608,16608,18,0.7583319538794756
40990,16609,16609,18,3.169268131622631
40991,16610,16610,18,3.090031472639868
40992,16611,16611,18,1.842868396860465
40993,16612,16612,18,0.5102862064976096
40994,16613,16613,18,20.371395998106955
40995,16614,16614,18,3.2500177818958367
40996,16615,16615,18,3.036739337849848
40997,16616,16616,18,4.39501081514919
40998,16617,16617,18,3.9023519526270665
40999,16618,16618,18,20.37564330496592
41000,16619,16619,18,8.212947259026102
41001,16620,16620,18,3.8933577398774233
41002,16621,16621,18,15.72156805848381
41003,16622,16622,18,4.610883591875304
41004,16623,16623,18,13.021997350652653
41005,16624,16624,18,6.152630642336063
41006,16625,16625,18,1.2453693666612953
41007,16626,16626,18,0.7352997840006351
41008,16627,16627,18,21.86093230725932
41009,16628,16628,18,19.852268178745582
41010,16629,16629,18,13.571826495084304
41011,16630,16630,18,8.568173297928583
41012,16631,16631,18,0.9400497210001052
41013,16632,16632,18,3.2118874123505243
41014,16633,16633,18,4.21874520468995
41015,16634,16634,18,7.873776849825628
41016,16635,16635,18,17.263890672626875
41017,16636,16636,18,6.274320938611877
41018,16637,16637,18,7.599257865467904
41019,16638,16638,18,6.025421249920607
41020,16639,16639,18,5.051590154456094
41021,16640,16640,18,3.8731653636034906
41022,16641,16641,18,5.514394256941364
41023,16642,16642,18,0.5099779473029301
41024,16643,16643,18,2.094607658802648
41025,16644,16644,18,4.143164564893687
41026,16645,16645,18,49.1723046971211
41027,16646,16646,18,28.84276342643705
41028,16647,16647,18,12.510981831478665
41029,16648,16648,18,22.260389880931086
41030,16649,16649,18,40.84626114055642
41031,16650,16650,18,4.281252742095709
41032,16651,16651,18,27.154847644907147
41033,16652,16652,18,0.9936003149987758
41034,16653,16653,18,0.981800405002594
41035,16654,16654,18,34.439703596188735
41036,16655,16655,18,18.446547155320665
41037,16656,16656,18,12.13259526423432
41038,16657,16657,18,3.7731042182652055
41039,16658,16658,18,0.539100018000424
41040,16659,16659,18,107.79522669288156
41041,16660,16660,18,55.31942285712445
41042,16661,16661,18,19.19823993710854
41043,16662,16662,18,39.35441064787921
41044,16663,16663,18,31.283829172261417
41045,16664,16664,18,7.248331766977862
41046,16665,16665,18,7.716714243811205
41047,16666,16666,18,8.411724645945329
41048,16667,16667,18,4.868603386541173
41049,16668,16668,18,14.63799682046023
41050,16669,16669,18,9.356981289259895
41051,16670,16670,18,14.54397114623978
41052,16671,16671,18,7.721595581819013
41053,16672,16672,18,2.524330090395741
41054,16673,16673,18,3.667235116195344
41055,16674,16674,18,7.5288551153261105
41056,16675,16675,18,3.963881041239509
41057,16676,16676,18,16.566830351733007
41058,16677,16677,18,7.060242551808759
41059,16678,16678,18,19.808805625692937
41060,16679,16679,18,14.773232450802714
41061,16680,16680,18,22.9430689801978
41062,16681,16681,18,18.834537919244408
41063,16682,16682,18,4.625135173671164
41064,16683,16683,18,7.923237015296157
41065,16684,16684,18,5.273190251797862
41066,16685,16685,18,16.8847452589688
41067,16686,16686,18,25.11690500203049
41068,16687,16687,18,18.286925637098747
41069,16688,16688,18,7.686624830899507
41070,16689,16689,18,0.3019498605001569
41071,16690,16690,18,7.96676468411094
41072,16691,16691,18,1.9323355408881009
41073,16692,16692,18,3.348793367765821
41074,16693,16693,18,1.166956861734148
41075,16694,16694,18,19.842732245375124
41076,16695,16695,18,19.13311753862735
41077,16696,16696,18,28.233080134787656
41078,16697,16697,18,46.06912034672568
41079,16698,16698,18,34.34670153325623
41080,16699,16699,18,39.57569772873354
41081,16700,16700,18,16.041020707655758
41082,16701,16701,18,16.362129188844808
41083,16702,16702,18,7.551425114059895
41084,16703,16703,18,1.49897456193766
41085,16704,16704,18,90.84587112197354
41086,16705,16705,18,70.75795577719133
41087,16706,16706,18,14.673646113551282
41088,16707,16707,18,20.63368898641477
41089,16708,16708,18,7.660217846003279
41090,16709,16709,18,14.4010327839936
41091,16710,16710,18,14.754223706764195
41092,16711,16711,18,5.020956790039025
41093,16712,16712,18,7.6478592215386625
41094,16713,16713,18,3.823610290648976
41095,16714,16714,18,8.155866567134044
41096,16715,16715,18,5.745083871611327
41097,16716,16716,18,2.321160839924488
41098,16717,16717,18,3.235543685540386
41099,16718,16718,18,4.9296184613085225
41100,16719,16719,18,1.4647763337313562
41101,16720,16720,18,10.712639874291003
41102,16721,16721,18,1.5163157165450118
41103,16722,16722,18,18.32683754973609
41104,16723,16723,18,30.04465236216668
41105,16724,16724,18,2.71679986264351
41106,16725,16725,18,2.245126796235021
41107,16726,16726,18,3.863601237786148
41108,16727,16727,18,15.492923367820325
41109,16728,16728,18,15.835158658786744
41110,16729,16729,18,23.24140003982395
41111,16730,16730,18,31.97130261328972
41112,16731,16731,18,5.131990209193278
41113,16732,16732,18,2.304942948989689
41114,16733,16733,18,20.581616192171516
41115,16734,16734,18,1.967149924742761
41116,16735,16735,18,4.65868528259512
41117,16736,16736,18,5.018106824389152
41118,16737,16737,18,3.086843049609467
41119,16738,16738,18,1.5606591412280202
41120,16739,16739,18,20.603716367225648
41121,16740,16740,18,9.064724500553757
41122,16741,16741,18,14.49510265287438
41123,16742,16742,18,8.177096490172154
41124,16743,16743,18,20.912099767943992
41125,16744,16744,18,4.011500682332076
41126,16745,16745,18,2.4986494976668654
41127,16746,16746,18,4.6325952330664695
41128,16747,16747,18,18.13634803496668
41129,16748,16748,18,38.47188331905868
41130,16749,16749,18,3.044334186503429
41131,16750,16750,18,93.30819114461508
41132,16751,16751,18,26.29002362038809
41133,16752,16752,18,26.67716464749444
41134,16753,16753,18,45.14214601423713
41135,16754,16754,18,49.20405935205879
41136,16755,16755,18,7.306730422705628
41137,16756,16756,18,0.0593999054998159
41138,16757,16757,18,8.52374095143263
41139,16758,16758,18,9.453308337557315
41140,16759,16759,18,1.82836589793545
41141,16760,16760,18,0.7802839175642058
41142,16761,16761,18,2.379650304388955
41143,16762,16762,18,2.0363629561372547
41144,16763,16763,18,2.1345558044679604
41145,16764,16764,18,1.5809313175078037
41146,16765,16765,18,6.354699503865674
41147,16766,16766,18,15.03225081137094
41148,16767,16767,18,2.5700430020146148
41149,16768,16768,18,68.75523249786683
41150,16769,16769,18,37.7181382061245
41151,16770,16770,18,13.2344330896855
41152,16771,16771,18,6.105216203811854
41153,16772,16772,18,96.4071265073064
41154,16773,16773,18,196.16740201263343
41155,16774,16774,18,85.52604168389082
41156,16775,16775,18,94.55647896366118
41157,16776,16776,18,6.193630815028973
41158,16777,16777,18,56.31124184008659
41159,16778,16778,18,38.17812544138407
41160,16779,16779,18,0.1536902032082304
41161,16780,16780,18,11.498901767226725
41162,16781,16781,18,11.26767163975197
41163,16782,16782,18,1.2897117798950113
41164,16783,16783,18,10.80118840584898
41165,16784,16784,18,2.496761180155646
41166,16785,16785,18,27.77603893428105
41167,16786,16786,18,14.69946170471537
41168,16787,16787,18,21.993448732554707
41169,16788,16788,18,47.93700012444408
41170,16789,16789,18,0.8329500134999268
41171,16790,16790,18,10.391049839742928
41172,16791,16791,18,7.95275082175596
41173,16792,16792,18,10.616394271335214
41174,16793,16793,18,14.207405661169654
41175,16794,16794,18,4.791703521617942
41176,16795,16795,18,24.481695452381
41177,16796,16796,18,0.3568501394996047
41178,16797,16797,18,3.378678398734957
41179,16798,16798,18,10.94212269027077
41180,16799,16799,18,6.885502811836064
41181,16800,16800,18,15.710348124153985
41182,16801,16801,18,1.616400517497927
41183,16802,16802,18,0.945091332467094
41184,16803,16803,18,2.542858852034144
41185,16804,16804,18,28.97335970925085
41186,16805,16805,18,17.54298010438797
41187,16806,16806,18,3.404974311798424
41188,16807,16807,18,4.062843608390071
41189,16808,16808,18,1.607842318286374
41190,16809,16809,18,1.9924579343433324
41191,16810,16810,18,1.65872449182617
41192,16811,16811,18,2.1375573713564875
41193,16812,16812,18,8.437337872802816
41194,16813,16813,18,57.03401357965717
41195,16814,16814,18,2.09631721822267
